employee_id,first_name,last_name,email,phone,gender,date_of_birth,home_city,home_state,zip_code,hire_date,termination_date,employment_status,termination_type,termination_reason,department,job_title,job_level,employment_type,work_location,manager_id,annual_salary,last_promotion_date,performance_rating,engagement_score,education_level,record_last_updated
E10001,Owen,Chandler,owen.chandler@brightleaf-retail.example,,Male,9/8/1966,scottsdale,AZ,85260,6/14/1999,2/24/2023,Terminated,voluntary,Work-Life Balance,finance,Finance Manager,Manager,Full-Time,hq phoenix,E10162,114400,,3,,MS,9-Mar-23
E10002,Judy,Suzuki,judy.suzuki@brightleaf-retail.example,720-555-0109,Female,4/27/1969,Lakewood,CO,80233,3/31/2000,,Active,,,Sales,Senior Account Executive,Senior,F/T,Remote,E10590,105.0K,,4,5,B.S.,10/28/2025
E10003,Margaret,Fowler,margaret.fowler@brightleaf-retail.example,(512) 555-0169,Female,8/30/1962,cedar park,TX,78613,5/16/2000,,Active,,,Legal & Compliance,Compliance Analyst,Mid Level,Full Time,Remote - US,E10139,84200,5/13/2013,3,4.7,Associate's Degree,7/8/2026
E10004,Angela,Patel,angela.patel@brightleaf-retail.example,3035550111,Female,30-Aug-61,Littleton,CO,80124,16-Apr-01,,Active,,,Executive,Chief Technology Officer,C-Level,Full-Time,"Regional Office - Denver, CO",E10075,300250,,2,NA,Master's Degree,29-Jul-26
E10005,Johnny,Franco,johnny.franco@brightleaf-retail.example,512.555.0183,,29-Oct-70,Denver,CO,80247,14-May-01,,Active,,,Merchandising,SENIOR BUYER,Sr,Full-Time,"Regional Office - Denver, CO",,"$97,400 ",,4,3.6,Master's Degree,12-Jul-26
E10006,William,Simpson,william.simpson@brightleaf-retail.example,208 555 0185,Prefer not to say,13-Oct-72,Phoenix,AZ,85022,19-Nov-01,,ACTIVE,,,Marketing,Digital Marketing Specialist,Mid,Full-Time,"HQ - Phoenix, AZ",E19937,66550,23-May-10,3,3.7,,4-Nov-25
E10007,evelyn,Brooks,evelyn.brooks@brightleaf-retail.example,817.555.0154,Female,1-Feb-67,Dallas,TX,,7-Jan-02,27-Oct-22,Terminated,Involuntary,Attendance,Customer Service,Support Team Lead,Senior Level,Full-Time,"Regional Office - Dallas, TX",E10335,59250,18-Oct-13,2,1.8,Masters,8-Nov-22
E10008,Aaron,Griffith,AARON.GRIFFITH@BRIGHTLEAF-RETAIL.EXAMPLE,(703) 555-0197,Male,4/15/1971,Dallas,TX,75227-9181,1/28/2002,1/28/2026,Terminated,Voluntary,Better Opportunity,Customer Service,Customer Service Representative,Entry,full time,"Regional Office - Dallas, TX",E10353,39150,,2,3.6,Associate's Degree,2/9/2026
E10009,Keiko,Lucas,keiko.lucas@mailhub.example,(801) 555-0108,F,6/16/1977,Murray,UT,84115,2/4/2002,2/4/2026,Terminated,Voluntary,Compensation,Merchandising,Merchandising Asst.,Entry,FT,Remote,E10372,"$43,900 ",,3,4.2,bachelors degree,8-Feb-26
E10010,Erin,Guerra,erin.guerra@brightleaf-retail.example,3035550191,female,13-Sep-67,Aurora,CO,80012,29-Apr-02,,Active,,,Customer Service,Support Team Lead,Senior Level,FT,"Regional Office - Denver, CO",E10499,"62,100 USD",31-Jul-13,4,2.8,Bachelor's Degree,9-Aug-26
E10011,Juan,Sanders,juan.sanders@brightleaf-retail.example,(623) 555-0131,Male,14-Sep-75,Gilbert,AZ,85235,16-Oct-02,,Active,,,Sales,Account Executive,Mid,Full-Time,"HQ - Phoenix, AZ",E10002,81450,,4,2.7,BS,25-Jan-26
E10012,Marilyn,Campbell,marilyn.campbell@brightleaf-retail.example,206-555-0166,Female,10-Apr-72,Seattle,WA,98120,30-Aug-04,,Active,,,Marketing Dept,Brand Manager,Mgr,Full-Time,Remote,E10325,"$108,600.00 ",26-Dec-21,3,3.2,M.S.,20-Apr-26
E10013,CHERYL,Johnson,cheryl.johnson@brightleaf-retail.example,+1 978 555 0131,Female,5/10/1982,Dallas,TX,75202,12/13/2004,,Active,,,Merchandising,Buyer,Mid,Full-Time,"Regional Office - Dallas, TX",E10005,74100,,5,4.8,Bachelors,7/16/2026
E10014,Tobias,Peters,tobias.peters@brightleaf-retail.example,720.555.0127,Male,4/1/1970,Littleton,CO,80124,4/30/2005,,Active,,,FINANCE,Staff Accountant,Mid-level,Full-Time,Remote,E10614,"67,250",,3,3.7,,8/4/2026
E10015,Andrew,Contreras,andrew.contreras@brightleaf-retail.example,602-555-0123,male,7/11/1968,Glendale,Arizona,85308,12/23/2005,,Active,,,Human Resources,HR Business Partner,Senior Level,Full-Time,"HQ - Phoenix, AZ",E10374,"$95,350 ",,3,3.6,Bachelor's Degree,7/6/2026
E10016,Brianna,Ryan,brianna.ryan@brightleaf-retail.example,602.555.0175,Female,13-Mar-88,Phoenix,AZ,85007,1-May-06,,Active,,,Customer Support,Customer Service Representative,Entry,Part-Time,"HQ - Phoenix, AZ",E10629,23700,,5,4.4,High School,22-Jun-26
E10017,Karen,Allen,,602.555.0110,Female,9/7/1980,Phoenix,Arizona,85007,6/12/2006,,Active,,,Customer Service,Senior Customer Service Representative,mid,Full-Time,"HQ - Phoenix, AZ",E10010,"$48,050 ",,3,,Master's Degree,5/10/2026
E10018,Samantha,Lewis,samantha.lewis@brightleaf-retail.example,319 555 0180,Other,3/11/1971,Denver,CO,80202,8/28/2006,,Active,,,Marketing Dept,Brand Manager,Manager,Full-Time,"Regional Office - Denver, CO",E19182,"101,450",3/1/2011,4,3,Master's Degree,6/8/2026
E10019,Irina,Farrell,irina.farrell@brightleaf-retail.example,907-555-0165,Female,5/27/1963,Tolleson,AZ,85353,12/25/2006,,Active,,,Finance,Finance Manager,Manager,Full-Time,"HQ - Phoenix, AZ",E10162,"$114,250 ",9/19/2024,4,4.7,Associate's Degree,4/4/2026
E10020,Malik,Stanley,malik.stanley@brightleaf-retail.example,,Male,6/9/1983,Albuquerque,N.M.,87101,4/29/2007,1/31/2020,Terminated,Voluntary,Career Change,Merchandising,Merchandising Assistant,Entry,Full-Time,WFH,E10013,45100,,2,3.2,Associate,2/20/2020
E10021,Alexander,Tucker,ALEXANDER.TUCKER@BRIGHTLEAF-RETAIL.EXAMPLE,720.555.0167,Male,5/5/1978,Aurora,CO,80017,5/2/2007,5/21/2021,Terminated,Voluntary,,Customer Service,Senior Customer Service Representative,mid,Full-Time,"Regional Office - Denver, CO",E10007,49300,,3,3,Associate's Degree,6/15/2021
E10022,Carl,Fitzgerald,carl.fitzgerald@brightleaf-retail.example,,Male,7/20/1976,Phoenix,AZ,85003,12/9/2007,,Active,,,Information Technology,IT Manager,Manager,Full Time,Corporate - Phoenix,E10310 ,132600,12/27/2023,3,3.9,,7/27/2026
E10023,Stacy,O'Brien,stacy.obrien@brightleaf-retail.example,623-555-0173,Female,15-Apr-65,Phx,AZ,85040,12/24/2007,,Active,,,Marketing,VP of Marketing,VP,Full-Time,"HQ - Phoenix, AZ",E10095,"$210,850 ",,4,3.8,Master's Degree,6/21/2026
E10024,Sofia,Meyer,sofia.meyer@brightleaf-retail.example,623-555-0104,Female,3/15/1982,Gilbert,AZ,85276,12/24/2007,,Active,,,Finance,Financial Analyst,Mid-level,Full-Time,Remote,E10330,88200,12/15/2014,4,3.2,Bachelor's Degree,9/14/2026
E10025,Michelle,Lewis,michelle.lewis@brightleaf-retail.example,(623) 555-0169,Female,6-Jun-61,Goodyear,AZ,85352,16-Oct-08,,A,,,Executive,chief financial officer,C-Level,Part-Time,"HQ - Phoenix, AZ",E10075,"$195,400.00 ",,4,3.6,B.S.,21-Jul-26
E10026,Deborah,Nguyen,deborah.nguyen@mailhub.example,(623) 555-0174,Female,3/18/1973,Scottsdale,AZ,85259,10/20/2008,,Active,,,Marketing,Brand Manager,Manager,Full-Time,"HQ - Phoenix, AZ",E10325,113750,,3,4,Bachelor's Degree,3/25/2026
E10027,Ramon,Snyder,ramon.snyder@brightleaf-retail.example,4805550197,Male,12/1/1982,Gilbert,AZ,85266,11/5/2008,,Active,,,Marketing Dept,Digital Marketing Specialist,Mid-level,full time,Headquarters,E10018,67.9K,,3,4.4,Bachelor's Degree,8/22/2026
E10028,Lars ,Montgomery,lars.montgomery@brightleaf-retail.example,(972) 555-0195,Prefer not to say,22-Jul-80,Grand Prairie,TX,75051,11/21/2008,,Actv,,,Sales,Senior Account Executive,Sr.,Full-Time,"Regional Office - Dallas, TX",E10411,"$97,500 ",12/19/2023,2,1.9,Bachelor's Degree,7/24/2026
E10029,Daniela,Cox,daniela.cox@brightleaf-retail.example,919.555.0152,Female,1/10/1975,Raleigh,NC,27612,12/1/2008,,Active,,,Product Development,Product Analyst,Mid Level,Full-Time,Remote,E10518,82300,,3,4,Bachelor's Degree,6/10/2026
E10030,Lauren,Woods,lauren.woods@brightleaf-retail.example,(815) 555-0139,Female,15-Dec-65,Mesa,AZ,85213,22-Dec-08,,Active,,,Merchandising,Senior Buyer,senior,Full Time,"HQ - Phoenix, AZ",E10408,95000,8-Nov-17,3,3.2,Master's Degree,2-Nov-25
E10031,Wyatt,Graham,wyatt.graham@brightleaf-retail.example,917-555-0170,MALE,12/7/1981,Surprise,AZ,,12/29/2008,,Active,,,Product Development,UX Designer,Mid,Full-Time,"HQ - Phoenix, AZ",E10033,101800,30-Apr-10,5,3.5,Bachelor's Degree,17-Jun-26
E10032,Julian,Riley,julian.riley@brightleaf-retail.example,(770) 555-0153,M,11/7/1977,Littleton,Colorado,80127,1/14/2009,,Active,,,Information Technology,Senior Software Engineer,Senior,FT,Denver Office,E10022,139100,,4,3.6,Bachelor's Degree,5/29/2026
E10033,Layla,Allen,layla.allen@brightleaf-retail.example,3125550115,Female,4/29/1970,Chicago,IL,60641,7/28/2009,,A,,,Product Development,Senior Product Manager,Senior,Full-Time,remote,E10122,145600,,5,3.8,Bachelor's Degree,5/2/2026
E10034,Bradley,Serrano,bradley.serrano@brightleaf-retail.example,(214) 555-0179,Male,12/22/1975,Fort Worth,TX,76168,8/15/2009,,Active,,,Customer Service,Senior Customer Service Representative,Mid,Full-Time,"Regional Office - Dallas, TX",E10010,"$47,050 ",,Needs Improvement,3.4,High School,4/27/2026
E10035,Timothy,Arnold,timothy.arnold@brightleaf-retail.example,(509) 555-0172,Male,22-Jun-76,Denver,CO,80225,12/1/2009,,Active,,,Human Resources,HR Business Partner,Senior,Full-Time,"Regional Office - Denver, CO",E10810,"97,400",10/22/2017,5,4.8,Master's,8/31/2026
E10036,Sean,Gray,sean.gray@brightleaf-retail.example,,Prefer not to say,7/1/1977,Tolleson,AZ,85353,2/1/2010,,Active,,,Merchandising,Buyer,Intermediate,Full-Time,"HQ - Phoenix, AZ",E10030,"82,400 USD",,4,3.2,Associate's Degree,7/29/2026
E10037,David,Saunders,david.saunders@brightleaf-retail.example,303 555 0166,Male,4/1/1965,Aurora,CO,80015,4/26/2010,,Active,,,Store Operations,Store Manager,Manager,Full-Time,"Store 020 - Aurora, CO",E10083,"81,700",1/23/2012,3,2.7,Bachelor's Degree,10/1/2025
E10038,Kelly,Ortega,kelly.ortega@brightleaf-retail.example,936-555-0110,Female,11/5/1968,Peoria,AZ,85383,5/3/2010,,Actv,,,Store Operations,Stock Associate,Entry,Full-Time,Store #8 Peoria,E10711,35150,,4,,Bachelor's Degree,7/8/2026
E10039,Philip,Cruz,philip.cruz@brightleaf-retail.example,5055550142,Male,9/18/1980,Rio Rancho,NM,87129,8/16/2010,,Actv,,,Human Resources,HR Business Partner,Senior,Full-Time,Remote,E10374,"98,800 USD",,5,4.4,Bachelor's Degree,5/20/2026
E10040,Heather,Ruiz,heather.ruiz@brightleaf-retail.example,615.555.0116,Female,2/18/1977,Nashville,TN,37218,8/23/2010,,Active,,,Marketing,Brand Manager,Manager,Full-Time,Remote,E10325,101100,,3,3.4,Doctorate,3/31/2026
E10041,Carlos,Sanchez,carlos.sanchez@brightleaf-retail.example,480-555-0154,Male,8/8/1985,Mesa,AZ,85207,9/20/2010,,ACTIVE,,,Merchandising,Merchandising Assistant,Entry,Full-Time,"HQ - Phoenix, AZ",E10036,"$44,600 ",,4,3.5,Bachelor's Degree,3/9/2026
E10042,Joseph,SALAZAR,joseph.salazar@brightleaf-retail.example,,Male,24-Oct-73,Arlington,TX,76016,11-Oct-10,,Active,,,Store Operations,Department Supervisor,Mid Level,Full-time,"Store 016 - Arlington, TX",E10220,"44,250",,4,2.8,,8/23/2026
E10043,Jiwoo,Daniels,jiwoo.daniels@brightleaf-retail.example,(910) 555-0110,Female,12/25/1980,Phoenix,AZ,85004,12/1/2010,,Active,,,Sales Dept,Account Executive,Mid,Full-Time,"HQ - Phoenix, AZ",E10028,78250,,3,3.6,Bachelor's Degree,6/8/2026
E10044,Debra,Dixon,debra.dixon@brightleaf-retail.example,(814) 555-0195,Female,6/27/1981,mesa,AZ,85208,12/4/2010,,Active,,,marketing,Digital Marketing Specialist,Mid,Full-Time,"HQ - Phoenix, AZ",E10026,"$63,950 ",,3,3.8,Bachelor's Degree,4/4/2026
E10045,Kelly,Johnson,kelly.johnson@brightleaf-retail.example,609.555.0169,Female,1/18/1979,Mesa,AZ,85205-8486,20-Jan-11,,ACTIVE,,,Store Operations,Assistant Store Manager,Senior Level,Part-Time,"Store 003 - Mesa, AZ",E10037,"$39,850.00 ",7/27/2015,Outstanding,4.9,Bachelors,26-Jul-26
E10046,Zainab,Castaneda,zainab.castaneda@brightleaf-retail.example,8165550173,Female,4/2/1988,Kansas City,Missouri,64155,1/24/2011,,Active,,,Product Development,QA Analyst,Mid,Full-Time,REMOTE,E10033,77250,,4,4.9,Bachelor's Degree,9/19/2026
E10047,Joyce,Lee,joyce.lee@brightleaf-retail.example,(618) 555-0105,Female,5/22/1985,Phoenix,AZ,85039,2/20/2011,,ACTIVE,,,Human Resources,HR Coordinator,Entry Level,Full-Time,"HQ - Phoenix, AZ",E10470,"$47,200 ",,Exceeds,4,Associate's Degree,5/19/2026
E10048,Billy,Curry,billy.curry@brightleaf-retail.example,6025550166,Male,12/9/1974,Phoenix,AZ,85040,8/1/2011,7/17/2020,Terminated,Voluntary,Relocation,Information Technology,Software Eng.,mid,Full Time,"HQ - Phoenix, AZ",E10032,"$117,250 ",,5,3.2,Bachelor's Degree,7/18/2020
E10049,Christine,Duran,christine.duran@brightleaf-retail.example,602-555-0190,Female,1/20/1978,Goodyear,Ariz.,85371,8/15/2011,,Active,,,finance,Senior Accountant,senior,Full-Time,"HQ - Phoenix, AZ",E10019,"$88,150 ",11/11/2015,3,3.2,Doctorate,6/16/2026
E10050,Diego,Young,diego.young@brightleaf-retail.example,(720) 555-0147,Male,19-Aug-70,Arvada,CO,80006,10-Oct-11,,Active,,,Logistics,Warehouse Manager,Manager,Full-time,"DC - Aurora, CO",E10188,"$81,750.00 ",,3,2.8,Master's Degree,5-May-26
E10051,DYLAN,Green,dylan.green@brightleaf-retail.example,303-555-0124,MALE,9/17/1982,Thornton,CO,,10/17/2011,,Active,,,SC&L,Warehouse Manager,Manager,Full-Time,"DC - Aurora, CO",E10188,"$87,500.00 ",6/5/2017,1,3.3,Bachelor's,12/23/2025
E10052,Kiara,Andrews,kiara.andrews@brightleaf-retail.example,614 555 0151,Female,1/15/1964,Phoenix,AZ,85021,1/2/2012,,ACTIVE,,,Store Operations,Stock Associate,Entry,FT,"Store 004 - Chandler, AZ",E10042,34600,,3,4.1,Bachelor's,6/29/2026
E10053,Raul,Ryan,raul.ryan@brightleaf-retail.example,(480) 555-0138,Male,1/28/1982,Chandler,AZ,85231,1/9/2012,,ACTIVE,,,Human Resources,HR Business Partner,,Full-Time,HQ,E10810,"85,500",,2,3.2,Masters,5/16/2026
E10054,Diane,Dawson,DIANE.DAWSON@BRIGHTLEAF-RETAIL.EXAMPLE,505.555.0146,Female,4/4/1963,Rio Rancho,NM,87144,2/14/2012,,Active,,,Store Operations,District Manager,Director,Full-time,"Store 022 - Albuquerque, NM",E10167,119050,,2,3.1,Master's Degree,7/23/2026
E10055,Margaret,KING,margaret.king@mailhub.example,+1 801 555 0132,Female,7/16/1989,Salt Lake City,UT,84109,2/20/2012,,Active,,,Store Ops,Department Supervisor,Mid,F/T,"Store 023 - Salt Lake City, UT",E10045,"$46,550.00 ",,3,2.7,HS,4/30/2026
E10056,Matthew,Horton,matthew.horton@brightleaf-retail.example,+1 720 555 0186,Male,12/11/1980,Thornton,CO,,3/23/2012,,Active,,,Merchandising,Buyer,Mid,Full-Time,"Regional Office - Denver, CO",E10030,72850,,4,4.7,Bachelor's Degree,9/13/2026
E10057,Arthur,Hawkins,arthur.hawkins@brightleaf-retail.example,(732) 555-0125,Male,11/14/1976,Grand Prairie,TX,75051,3/26/2012,,Actv,,,Technology,Senior Software Engineer,Senior,Full-Time,Remote,E10022,"$152,600 ",,2,3.2,Bachelor's,4/8/2026
E10058,amy,Johnston,amy.johnston@brightleaf-retail.example,817.555.0134,Female,11/10/1970,Dallas,TX,75251,5/14/2012,,Active,,,Merchandising,Senior Buyer,Senior,Full-Time,"Regional Office - Dallas, TX",E10465,"$97,200 ",,3,4.3,,5/11/2026
E10059,Hope,Ngo,hope.ngo@brightleaf-retail.example,6025550111,Female,21-Aug-66,scottsdale,AZ,85259,21-May-12,,Active,,,Customer Service,Director of Customer Experience,Director,Full-Time,hq phoenix,E10095,129450,,4,5,bachelors degree,22-Apr-26
E10060,matthew,Gordon,matthew.gordon@brightleaf-retail.example,303.555.0165,Male,19-Jun-92,Aurora,Colorado,80017,6/3/2012,,Active,,,Supply Chain & Logistics,Warehouse Associate,Entry,Part-Time,"Regional Office - Denver, CO",,"$22,750 ",,1,3,GED,9-Apr-26
E10061,Hector,Smith,hector.smith@brightleaf-retail.example,623-555-0170,Male,5/4/1984,Tolleson,AZ,85353,6/8/2012,,A,,,Supply Chain & Logistics,Inventory Control Specialist,Mid,Full-Time,"DC - Tolleson, AZ",E10146,55650,,3,2.6,High School,8/2/2026
E10062,Wei,Reed,wei.reed@brightleaf-retail.example,(480) 555-0113,M,1/31/1983,Scottsdale,AZ,85258,8/1/2012,12/24/2019,Terminated,Voluntary,Workload,MARKETING,Digital Marketing Specialist,Mid Level,Full-Time,HQ,E19943,"$66,800 ",,4,3.9,Bachelor's Degree,1/17/2020
E10063,Bethany,Reeves,bethany.reeves@mailhub.example,(857) 555-0190,Female,5/18/1977,Arlington,TX,76010,8/27/2012,,Active,,,Store Operations,District Manager,Director,Full-Time,"Store 015 - Fort Worth, TX",E10167,121150,,2,3.9,Master's Degree,2/22/2026
E10064,Zachary,Kim,zachary.kim@brightleaf-retail.example,512-555-0179,Male,22-Nov-80,Cedar Park,TX,78613-7068,9/24/2012,19-Jul-19,Terminated,Voluntary,Burnout,Stores,Asst. Store Mgr,senior,Full-Time,store 18 - round rock,E10037,"61,550",,5,3.9,BS,8/4/2019
E10065,Ingrid,Sato,ingrid.sato@brightleaf-retail.example,512-555-0123,F,4/26/1994,Austin,TX,78710,18-Feb-13,,Active,,,Store Ops,Stock Associate,Entry,Part-Time,"Store 017 - Austin, TX",E10055,"18,150",,4,4.3,,3/24/2026
E10066,Tuan,Adeyemi,tuan.adeyemi@brightleaf-retail.example,214-555-0138,Male,3/31/1975,Oro Valley,AZ,85741,19-May-13,,Active,,,FINANCE,Senior Accountant,senior,Full-Time,Remote,E10019,89400,10/26/2024,1,3.1,Bachelor's Degree,7/28/2026
E10067,Beverly,Wright,beverly.wright@brightleaf-retail.example,(623) 555-0108,Female,4/22/1979,Phoenix,AZ,85027,7/15/2013,,ACTIVE,,,Supply Chain & Logistics,Warehouse Manager,Manager,Full-Time,"HQ - Phoenix, AZ",E10188,86800,,2,2.4,Master's Degree,6/11/2026
E10068,Bridget,Watkins,bridget.watkins@brightleaf-retail.example,602-555-0135,Female,1/13/1981,Goodyear,Arizona,,9/9/2013,6/15/2020,Terminated,,N/A,Sales,Senior Account Executive,Senior,Full-Time,"HQ - Phoenix, AZ",,105450,10/30/2019,2,3.5,,6/28/2020
E10069,Angela,Chen,angela.chen@brightleaf-retail.example,602-555-0189,Female,1/29/1985,Mesa,az,85210,9/25/2013,,Active,,,Sales,Account Executive,Mid,F/T,"HQ - Phoenix, AZ",E10028,82250,,3,4.4,BA,7/13/2026
E10070,Sara,Munoz,sara.munoz@mailhub.example,469-555-0193,Female,9/12/1974,Irving,TX,75041,9/30/2013,9/6/2024,Terminated,VOLUNTARY,workload,Store Operations,Store Manager,Manager,Full-Time,"Store 014 - Plano, TX",E10054,"79,200 USD",,4,3.8,Bachelor's Degree,9/24/2024
E10071,Angela,shelton,angela.shelton@brightleaf-retail.example,,Female,13-Aug-79,Tolleson,AZ,85353,10/17/2013,,Active,,,Cust Service,Customer Service Manager,Manager,Full Time,"HQ - Phoenix, AZ",E10059,"85,850",,4,3.5,Bachelor's Degree,12/19/2025
E10072,Alejandra,Hines,alejandra.hines@brightleaf-retail.example,(480) 555-0165,Female,2/17/1987,Phoenix,Arizona,85026,10/21/2013,,Active,,,Sales,Senior Account Executive,Senior,Full Time,"HQ - Phoenix, AZ",E10739,103200,,2,2.8,,7/30/2026
E10073,Alexander,Soto,,,Male,24-Jan-70,atlanta,GA,30325,11-Nov-13,,Active,,,,Director of Product,Dir,FT,Remote - US,E10511,185700,,Meets,4.9,,9-Apr-26
E10074,leonardo,Taylor,leonardo.taylor@brightleaf-retail.example,256-555-0154,Male,1/18/1969,Littleton,CO,80123,11/25/2013,6/15/2019,Terminated,Voluntary,Better Opportunity,,Director of Logistics,Director,Full-Time,Denver Regional,E10124,"$137,800.00 ",,1,3.7,Doctorate,6/21/2019
E10075,Lawrence,Kane,lawrence.kane@brightleaf-retail.example,(317) 555-0104,Male,3/17/1971,Tempe,AZ,85282,12/16/2013,,Active,,,Executive,Chief Executive Officer,C-Level,Full-Time,HQ,,368150,,3,4.2,Bachelor's Degree,5/21/2026
E10076,Grant,Simmons,grant.simmons@brightleaf-retail.example,(480) 555-0179,Male,10/22/1984,Glendale,AZ,85304,1/6/2014,,A,,,Merchandising,Buyer,Mid,Full-Time,"HQ - Phoenix, AZ",E10058,"$84,200 ",11/17/2024,2,3.3,Bachelor's Degree,8/11/2026
E10077,Marco,Rodgers,marco.rodgers@brightleaf-retail.example,(623) 555-0188,Male,11/4/1987,Tolleson,Arizona,85353,1/13/2014,6/26/2024,Terminated,Voluntary ,Family/Personal,Supply Chain & Logistics,Warehouse Associate ,Entry Level,F/T,dc - tolleson,E10061,"$37,150.00 ",,2,3.1,Bachelor's Degree,7/21/2024
E10078,Stephen,Thorne,stephen.thorne@brightleaf-retail.example,,Male,4/29/1993,Glendale,AZ,85304,21-Jan-14,,Active,,,Store Operations,Cashier,Entry,Full-Time,"Store 001 - Phoenix, AZ",E10042,"32,550 USD",,3,3.4,Associate's Degree,12/9/2025
E10079,Rebecca,Chambers,rebecca.chambers@brightleaf-retail.example,623 555 0186,Female,10/20/1976,Phoenix,AZ,85035,1/25/2014,,Active,,,Customer Service,Support Team Lead,Sr,full time,Corporate - Phoenix,E10071,56700,,2,,Master's Degree,6/28/2026
E10080,Noah,Ferguson,,(937) 555-0131,Male,2/14/1985,Peoria,AZ,85379,2/17/2014,,A,,,Store Operations,Assistant Store Manager,Senior,Full-Time,STORE 008,E10037,61.2K,11/1/2016,4,3.6,Masters,1/17/2026
E10081,Neil,Payne,neil.payne@brightleaf-retail.example,5055550143,Male,3/10/1983,Arvada,CO,80003,3/3/2014,,Active,,,Supply Chain & Logistics,Logistics Coordinator,Mid,Full-Time,"DC - Aurora, CO",E10550,"$58,850.00 ",3/7/2022,3,2.9,High School,8/13/2026
E10082,Jesse,Flores,jesse.flores@brightleaf-retail.example,(480) 555-0170,Male,3/17/1985,Surprise,AZ,85380,4/14/2014,,Active,,,Information Technology,Software Engineer,Mid,Full-Time,Phoenix HQ,E10057,"$105,050 ",,3,4.5,Associate's Degree,19-Mar-26
E10083,Miguel,Rojas,miguel.rojas@brightleaf-retail.example,(267) 555-0108,Male,9/21/1960,Albuquerque,New Mexico,87123,5/6/2014,,Active,,,Store Operations,District Manager,Director,Full-Time,"Store 022 - Albuquerque, NM",E10167,104100,,3,4.2,Master's Degree,5/9/2026
E10084,Sean,Walsh,sean.walsh@brightleaf-retail.example,8135550163,Male,,Tampa,FL,33604,5/19/2014,,Active,,,Sales,Senior Account Executive,Senior,Full-Time,REMOTE,E10791,112.1K,1/24/2022,5,5,BS,21-Aug-26
E10845,Shauna,Olson ,shauna.olson@brightleaf-retail.example,(707) 555-0191,Female,3/20/1990,Phoenix,AZ,85033,7/26/2024,,Active,,,Supply Chain & Logistics,Supply Chain Analyst,Senior Level,FT,"HQ - Phoenix, AZ",E-10067,"$73,850 ",,2,3.7,,7/27/2026
 E10085,Dana,Fitzpatrick,dana.fitzpatrick@brightleaf-retail.example,602 555 0145,Female,1/9/1979,Phoenix,AZ,,6/2/2014,,Active,,,Sales Dept,senior account executive,Senior Level,full time,"HQ - Phoenix, AZ",E10399,"112,300",,3,2.9,B.S.,8/30/2026
E-10086,William,Cross,william.cross@brightleaf-retail.example,(214) 555-0105,Male,4/17/1968,Plano,TX,75088,6/9/2014,,Active,,,Store Operations,Store Manager,Manager,Full-Time,Fort Worth Store (015),E10063,"76,050",,2,4.6,Master's Degree,4/11/2026
E10087,SARAH,Swanson,sarah.swanson@brightleaf-retail.example,7315550174,Female,,Phoenix,AZ,85019,13-Jun-14,,Active,,,Customer Service,Support Team Lead,Senior,Full-Time,"HQ - Phoenix, AZ",E10071,60900,,3,3,Bachelor's Degree,21-Jun-26
E10088,David,Vaughn,david.vaughn@brightleaf-retail.example,(713) 555-0138,Male,1/7/1984,Phoenix,AZ,85004,6/17/2014,,Active,,,Sales,Account Executive,Mid-level,Full-Time,"HQ - Phoenix, AZ",E10084,88600,11/28/2019,3,3.4,Bachelor's Degree,8/23/2026
E10089,Andres,Boyd,andres.boyd@brightleaf-retail.example,239.555.0147,Male,15-Jul-85,Denver,CO,80211,14-Jul-14,,active,,,Finance,Staff Accountant,Mid-level,Full-Time,"Regional Office - Denver, CO",E10066,"$70,250.00 ",,4,3.6,High School,24-Jun-26
E10090,Joshua,Conti,joshua.conti@brightleaf-retail.example,708-555-0155,Male,2/10/1974,Goodyear,AZ,85353,7/28/2014,5/26/2023,Separated,Voluntary,,Customer Support,Customer Service Representative,Entry,Part-Time,Corporate - Phoenix,E10021,"$25,750 ",,Meets,2.6,High School,6/9/2023
E10091,SARA,Sherman,sara.sherman@brightleaf-retail.example,602-555-0164,Female,12/28/1984,Phoenix,AZ,85018,8/4/2014,1/13/2023,Terminated,Voluntary,,Merchandising,Merchandising Assistant,,Full-Time,Remote,E10076,"$48,050.00 ",,3,4,bachelors degree,1/19/2023
E10092,Linh,Reyes,linh.reyes@brightleaf-retail.example,817-555-0142,Female,4/30/1986,Grand Prairie,TX,75053,8/4/2014,,Active,,,Stores,Cashier,Entry,Full-Time,"Store 015 - Fort Worth, TX",E10055,"35,000",,Meets,3.6,High School,4/24/2026
E10093,Janice,Bryant,janice.bryant@brightleaf-retail.example,623-555-0164,female,2/26/1983,Avondale,AZ,85333,8/18/2014,,Actv,,,Store Operations,Stock Associate,Entry,Full-Time,"Store 004 - Chandler, AZ",E10042,"33,850",,3,3.3,,9/10/2026
E10094,Walter,Leach,walter.leach@brightleaf-retail.example,801-555-0170,Male,6/10/1983,Salt Lake City,UT,84102,10/4/2014,3/1/2019,Terminated,voluntary,Comp,Store Operations,Cashier,Entry,Full-Time,"Store 023 - Salt Lake City, UT",E10055,34150,,Exceeds,2.3,HS,3/1/2019
E10095,Eric,PORTER,eric.porter@brightleaf-retail.example,(334) 555-0126,Male,1/19/1968,Gilbert,AZ,85277,1/7/2015,,Active,,,Executive,Chief Operating Officer,C-Level,Part-Time,HQ,e10075,174700,,4,3.5,Bachelor's Degree,2/21/2026
E10096,Yuki,Curry,yuki.curry@brightleaf-retail.example,(480) 555-0184,Female,2/15/1985,Goodyear,AZ,85349,2/9/2015,,Active,,,store operations,Department Supervisor,mid,Full-Time,Store #6 Scottsdale,E10080,"$46,250 ",10/7/2022,4,4.1,BS,5/22/2026
E10097,Joseph,Ramirez,joseph.ramirez@brightleaf-retail.example,(718) 555-0197,Male,3/17/1978,LITTLETON,CO,80120,2/26/2015,,Active,,,Store Operations ,Assistant Store Manager,Senior,F/T,"Store 021 - Lakewood, CO",E10086,63650,4/23/2023,4,NA,,2/17/2026
E10098,Nancy,simmons,nancy.simmons@brightleaf-retail.example,(334) 555-0155,Female,11/4/1991,Phoenix,AZ,,3/9/2015,2/21/2020,terminated,,compensation,Customer Service,Customer Service Representative,Entry,Full-Time,"HQ - Phoenix, AZ",e10017,"$37,550.00 ",,4,3.2,Bachelor's Degree,3/17/2020
E10099,Cody,Franco,cody.franco@brightleaf-retail.example,6145550182,Male,11-Jun-77,Salt Lake City,UT,84115,23-Mar-15,,Active,,,Info Tech,Systems Administrator,Intermediate,Full-Time,REMOTE,E10057,86100,,4,3.8,,25-Feb-26
E10100,Tanisha,Daniels,tanisha.daniels@brightleaf-retail.example,4805550123,Female,9/20/1967,Peoria,AZ,85362,5/13/2015,,Active,,,Merchandising,Director of Merchandising,Director,Full Time,"HQ - Phoenix, AZ",E10412,178250,,3,,Master's Degree,2/6/2026
E10101,Holly,VALENCIA,holly.valencia@brightleaf-retail.example,7205550116,Female,7/1/1987,Thornton,Colorado,80234,6/28/2015,,Active,,,merchandising,Senior Buyer,Senior Level,Full-Time,Denver Office,E10383,"$97,550 ",,3,,Master's Degree,14-Sep-26
E10102,Margaret,Chang,margaret.chang@brightleaf-retail.example,602.555.0105,Female,8/31/1980,Phoenix,AZ,85043,7/6/2015,,Active,,,Marketing,DIGITAL MARKETING SPECIALIST,Mid,Full-Time,"HQ - Phoenix, AZ",E10040,"73,000 USD",11/12/2020,3,3.6,BS,2/13/2026
E10103,Amanda,Neal,amanda.neal@brightleaf-retail.example,408.555.0152,Female,3/12/1993,Sahuarita,az,,7/13/2015,2/19/2019,Term,Voluntary,,Store Operations,cashier,Entry,Full-Time,"Store 010 - Tucson, AZ",E10096,30.4K,,3,2.9,High School,3/8/2019
E10104,Bryan,Cook,bryan.cook@brightleaf-retail.example,508.555.0126,Male,8/10/1979,Raleigh,NC,27606,7/21/2015,3/5/2021,Term,Voluntary,Relocation,Merchandising,Category Manager,Manager,Full-Time,Remote,E10100,"$109,200 ",,3,3.8,Doctorate,20-Mar-21
E10105,Spencer,McDaniel,spencer.mcdaniel@brightleaf-retail.example,(817) 555-0174,Male,1/9/1986,Mesquite,TX,75150,7/27/2015,,Active,,,Supply Chain & Logistics,Forklift Operator,Entry,Full-Time,"DC - Fort Worth, TX",E10081,41700,,3,2.8,High School,7/21/2026
E10106,Eric,Bryant,eric.bryant@brightleaf-retail.example,+1 702 555 0128,Male,7/6/1989,henderson,NV,89060,7/27/2015,,A,,,Sales,Senior Account Executive,Senior,Full-Time,Remote - US,E11063,117000,6/27/2024,4,3.8,Doctorate,4/29/2026
E10107,Jordan,Sutton,jordan.sutton@brightleaf-retail.example,(704) 555-0181,Male,12/23/1979,CHARLOTTE,nc,28203,7/31/2015,,Active,,,Sales,Director of Sales,Director,Full-Time,Remote,E10137,"$171,250 ",,4,3.7,Master's Degree,6/4/2026
E10108,Samuel,Douglas,samuel.douglas@brightleaf-retail.example,+1 603 555 0178,Male,9-Mar-84,West Valley City,UT,84128,24-Aug-15,,Active,,,Merchandising,Buyer,Mid,Full-Time,WFH,,75950,,2,3.3,Bachelor's Degree,28-Jul-26
E10109,Eugene,Abdi,eugene.abdi@brightleaf-retail.example,(610) 555-0112,Male,5/22/1976,Phoenix,AZ,85044,8/31/2015,,Active,,,Sales,Regional Sales Manager,Manager,Full-Time,"HQ - Phoenix, AZ",E10107,"134,700",,3,,Bachelor's,9/3/2026
E10110,Martha,Pearson,martha.pearson@brightleaf-retail.example,3035550178,Female,10/30/1990,arvada,CO,80006,9/14/2015,6/25/2021,Terminated,Voluntary,Workload/Burnout,Marketing,Digital Marketing Specialist,mid,Full-Time,"Regional Office - Denver, CO",E10040,65550,5/15/2020,4,3,Bachelors,7/17/2021
E10111,Lori,Han,lori.han@brightleaf-retail.example,4805550131,Female,12/28/1986,Phoenix,AZ,85029,19-Oct-15,,A,,,Customer Service,Customer Service Representative,Entry,Full-Time,"HQ - Phoenix, AZ",E10034,"$38,750 ",,4,4,High School,4/27/2026
E10112,Yvonne,Vazquez,,623-555-0107,Non-binary,15-Jun-87,Phoenix,AZ,85035,21-Nov-15,,Actv,,,SALES,Senior Account Executive,Senior,Full-Time,"HQ - Phoenix, AZ",E10109,109.3K,,4,3.8,,14-Apr-26
E10113,Roger,Cobb,roger.cobb@brightleaf-retail.example,2515550103,Male,16-Feb-84,Oro Valley,AZ,85755,12/13/2015,,On Leave,,,Store Operations,store manager,Manager,Full-Time,"Store 009 - Tucson, AZ",E10083,77000,,4,2.8,Master's Degree,24-Aug-26
E10114,Ebony,Talley,ebony.talley@brightleaf-retail.example,(212) 555-0122,Female,13-Aug-74,Columbus,OH,43227,1/4/2016,,A,,,Sales,Senior Account Executive,senior,Full-time,Remote,E10109,103950,10/13/2025,Needs Improvement,4.5,high school,7/18/2026
E10115,Samuel,Cook,samuel.cook@brightleaf-retail.example,410-555-0148,Male,1/17/1981,Phoenix,AZ,85014,1/18/2016,,Active,,,Store Operations,assistant store manager,Senior,FT,"Store 002 - Tempe, AZ",E10113,60550,3/12/2019,5,3.4,BA,9/11/2026
E10116,Layla,Rodriguez,layla.rodriguez@brightleaf-retail.example,480.555.0106,Female,21-Jul-80,Scottsdale,AZ,85263-3084,29-Jan-16,,Active,,,store operations,Store Manager,Manager,Full-Time,STORE 006,E10063,86100,,3,2.3,Master's Degree,4-May-26
E10117,Charlotte ,Fleming,charlotte.fleming@brightleaf-retail.example,480-555-0129,Female,11/22/1994,TOLLESON,AZ,85353,2-Feb-16,,Active,,,Store Operations,Stock Associate,Entry,Part-Time,"Store 025 - Mesa, AZ",E10096,"$19,850.00 ",,2,3.5,high school,27-Jun-26
E10118,John,Gutierrez,john.gutierrez@brightleaf-retail.example,623-555-0162,Male,5/26/1983,Surprise,AZ,85375,2/8/2016,,Active,,,Customer Service,Customer Service Manager,Manager,Full-Time,"HQ - Phoenix, AZ",E10059,"$86,700.00 ",,3,3.1,Bachelor's Degree,7/3/2026
E10119, Nicole,Tucker,nicole.tucker@brightleaf-retail.example,856-555-0174,Female,3/17/1988,Dallas,TX,75221,2/10/2016,,Active,,,HR,HR Business Partner,Senior Level,F/T,"Regional Office - Dallas, TX",E10810,102.8K,,3,3.1,Master's Degree,8/31/2025
E10120,Debra,Graves,debra.graves@brightleaf-retail.example,623-555-0117,Non-binary,5/4/1977,Phoenix,AZ,85028,21-Mar-16,,Actv,,,Customer Service,Customer Service Manager,Manager,Full-Time,"HQ - Phoenix, AZ",E10059,86450,,3,3.6,bachelors degree,5/24/2026
E10121,Jeremy,Cox,jeremy.cox@brightleaf-retail.example,,Male,2/18/1976,Phoenix,AZ,,4/11/2016,4/7/2023,Terminated,Involuntary,,Sales,Account Executive,Mid,Full-Time,"HQ - Phoenix, AZ",E10085,"75,300 USD",12/7/2018,4,5,Bachelor's Degree,4/19/2023
E10122 ,Victor,alvarado,victor.alvarado@brightleaf-retail.example,(623) 555-0133,Male,7/21/1979,Tolleson,AZ,85353,4/11/2016,,Active,,,Product Dev,Product Development Manager,Manager,Full-Time,"HQ - Phoenix, AZ",E19663,"$162,350.00 ",,4,4.2,bachelors degree,5/25/2026
E10123,Susan,Hale,susan.hale@brightleaf-retail.example,(469) 555-0134,Female,10/16/1986,Dallas,TX,75212,4/18/2016,,Active,,,FINANCE,Staff Accountant,Mid,Full-Time,"Regional Office - Dallas, TX",E10049,"67,100",,3,3.3,Bachelor's Degree,6/9/2026
E10124,Keiko,Adams,keiko.adams@brightleaf-retail.example,201-555-0149,Female,8/26/1970,Phoenix,AZ,85025,5/2/2016,,ACTIVE,,,Supply Chain & Logistics,vp of supply chain,Vice President,Full-time,"HQ - Phoenix, AZ",E10095,"212,800 USD",,3,2.3,,5/30/2026
E10125,Yasmin,Jensen,yasmin.jensen@brightleaf-retail.example,480-555-0199,female,11/9/1999,Tempe,AZ,85281,5/14/2016,,Active,,,Store Operations,Sales Floor Associate,E,Full-Time,"Store 002 - Tempe, AZ",E10096,37250,,5,3.7,Bachelor's Degree,5/23/2026
E10126,Santiago,Morales,santiago.morales@brightleaf-retail.example,(602) 555-0182,Male,2/5/1982,Gilbert,AZ,85274-3988,5/27/2016,,Active,,,Store Operations,SALES FLOOR ASSOCIATE,Entry,P/T,Gilbert Store (007),E10042,21650,,4,3,High School,7/7/2026
E10127,Frank,Gallegos,frank.gallegos@mailhub.example,817.555.0192,Male,11/25/1986,Fort Worth,TX,76172,6/13/2016,6-Sep-24,Terminated,Involuntary,Attendance,Store Ops,Sales Floor Associate,Entry,P/T,"Store 015 - Fort Worth, TX",E10096,"17,550",,1,2.3,GED,9/14/2024
E10128,Jiwoo,Williams,jiwoo.williams@brightleaf-retail.example,303.555.0144,Female,9/13/1987,denver,CO,80208,7/18/2016,,A,,,Customer Svc,Support Team Lead,Sr.,Full-Time,"Regional Office - Denver, CO",E10118,"62,750",9/26/2025,Meets,4.1,Bachelor's Degree,9/5/2026
E10129,Valerie,Rhodes,valerie.rhodes@brightleaf-retail.example,(480) 555-0149,F,3/27/1987,Tolleson,AZ,85353,1-Aug-16,21-Nov-21,Terminated,Voluntary,Career Change,Human Resources,HR Manager,Manager,Full-Time,"HQ - Phoenix, AZ",E10144,"$115,700 ",,3,3.9,Bachelor's Degree,11/25/2021
E10130,Chad,Boyd,chad.boyd@brightleaf-retail.example,817-555-0164,Male,29-Feb-84,Mesquite,TX,75150,8/14/2016,,Active,,,Product Development,Senior Product Manager,Sr.,F/T,"Regional Office - Dallas, TX",E10122,"$151,200 ",14-Oct-25,3,4.3,Bachelor's Degree,15-Sep-26
E10131,Victor,Walsh,victor.walsh@brightleaf-retail.example,(972) 555-0128,male,8/20/1994,Nashville,TN,37202,8/29/2016,,Active,,,sales,Account Executive,Mid,Full-Time,Remote,E10106,91850,,Needs Improvement,3.2,Bachelor's Degree,9/17/2026
E10132,Holly,Flores,holly.flores@brightleaf-retail.example,4015550120,Female,3/5/1984,Tempe,AZ,85286,9/12/2016,,Active,,,Information Technology,Software Engineer,Mid-level,full time,"HQ - Phoenix, AZ",E10032,"$116,750.00 ",,4,3.9,Bachelor's Degree,27-Aug-26
E10133,Ibrahim,ALEXANDER,IBRAHIM.ALEXANDER@BRIGHTLEAF-RETAIL.EXAMPLE,(720) 555-0107,Male,7/31/1976,Denver,Colorado,80221,10/10/2016,,Active,,,Sales,Senior Account Executive,Senior,Full-Time,"Regional Office - Denver, CO",E10109,95250,,5,3.5,,8/13/2026
E10134,Jiwoo,Baker,jiwoo.baker@brightleaf-retail.example,843-555-0151,Female,2/19/1984,Phoenix,AZ,85047,10/24/2016,,Active,,,Finance,Staff Accountant,Mid,Full-Time,hq phoenix,E-10049,66550,,4,2.3,Bachelor's Degree,28-Jun-26
E10135,Omar,Evans,omar.evans@brightleaf-retail.example,520.555.0175,Male,4/8/1975,Sahuarita,AZ,85629,10/29/2016,,Active,,,Store Operations,Store Manager,Mgmt,F/T,store 9 - tucson,E10054,"$84,350 ",,2,3.6,,7/6/2026
E10136,Marley,Graham,marley.graham@brightleaf-retail.example,(256) 555-0178,FEMALE,12/21/1982,Gilbert,AZ,85294,11/14/2016,,Active,,,Sales,Regional Sales Manager,Manager,Full-time,"HQ - Phoenix, AZ",E10107,136850,,3,3.8,Bachelor's Degree,6/24/2026
E10137,Aisha,Jackson,aisha.jackson@brightleaf-retail.example,623-555-0152,Female,9/28/1973,Phoenix,az,85028,11/21/2016,,ACTIVE,,,SALES,VP of Sales,VP,Full-Time,"HQ - Phoenix, AZ",E10095,229850,,3,3.2,Master's Degree,6/17/2026
E10138,Sean,Chandler,sean.chandler@brightleaf-retail.example,6465550113,Male,3/23/1980,Portland,OR,97233,11/24/2016,,Active,,,Sales,Regional Sales Manager,Manager,Full-time,Remote,E10107,119600,7/13/2024,3,4.7,Bachelor's Degree,9/11/2026
E10139,Courtney,Hendricks,courtney.hendricks@brightleaf-retail.example,5625550197,Female,1/11/1981,Goodyear,AZ,85364-2925,12/4/2016,,Active,,,legal and compliance,Corporate Counsel,Senior Level,Full-Time,"HQ - Phoenix, AZ",E10661,"157,950",9/10/2018,3,4.5,Ph.D.,8/19/2026
E10140,Gary,Reed,gary.reed@brightleaf-retail.example,4805550127,Male,11/28/1988,Phoenix,AZ,85033,12/12/2016,,Active,,,Information Technology,Data Analyst,Intermediate,Full-Time,"HQ - Phoenix, AZ",E10032,"$76,600 ",,4,3.5,Bachelor's,12/14/2025
E10141,Valerie,Brown,valerie.brown@mailhub.example,(480) 555-0122,Female,4/3/1993,Surprise,AZ,85376,12/17/2016,5/15/2019,Terminated,Voluntary,Compensation,Supply Chain,Warehouse Associate,Entry,Part Time,"DC - Tolleson, AZ",e10081,"24,900 USD",,3,3,High School,5/30/2019
E10142,Jonathan,Yang,jonathan.yang@brightleaf-retail.example,205-555-0125,M,3/30/1987,Tolleson,AZ,85353,12/20/2016,,Active,,,Supply Chain & Logistics,Warehouse Associate,Jr,Full-Time,HQ,E10061,"$36,450 ",,3,3.6,High School,3/15/2026
E10143,Andres,Anderson,andres.anderson@brightleaf-retail.example,(904) 555-0182,Male,16-Aug-80,Thornton,CO,80232,20-Jan-17,,A,,,Information Technology,IT Manager,Manager,Full-time,Denver Regional,E10171,"149,400",8/6/2024,3,2.2,Master's Degree,4/11/2026
E10144,Arjun,Diaz,arjun.diaz@brightleaf-retail.example,,Male,9/6/1978,Raleigh,NC,27613,2/13/2017,7/1/2025,Terminated,VOLUNTARY,,People & Culture,Director of HR,Director,Full-Time,Remote,E10280,"$160,500.00 ",,3,3.6,,7/18/2025
E10145,Nancy,Robertson,nancy.robertson@brightleaf-retail.example,(678) 555-0177,Female,12/31/1986,Denver,CO,80211,3/4/2017,5/27/2022,Terminated,Voluntary,,Store Operations,Cashier,Entry,Part-Time,Denver Store (019),E10055,"21,350 USD",,5,3.2,Associate's Degree,6/19/2022
E10146,Luis,Gardner,luis.gardner@brightleaf-retail.example,623-555-0165,Male,10/10/1988,scottsdale,Ariz.,85253,4/3/2017,,Active,,,Supply Chain & Logistics,Supply Chain Analyst,senior,Full-Time,HQ,E10050,"73,600",,4,3.9,M.S.,5/8/2026
e10147,Michelle,Dean,michelle.dean@brightleaf-retail.example,501-555-0171,Female,5/21/1988,Tolleson,AZ,85353,4/23/2017,,Active,,,Customer Service,Customer Service Representative,Entry-level,PT,"HQ - Phoenix, AZ",E10017,"$21,500 ",,4,3.4,Master's Degree,2/26/2026
E10148,oscar,Higgins,oscar.higgins@brightleaf-retail.example,(858) 555-0163,Male,3/5/1982,Aurora,CO,80014,5/15/2017,,Active,,,Information Technology,Senior Software Engineer,Sr,Full-Time,"Regional Office - Denver, CO",E10143,144150,,3,3,Ph.D.,6/27/2026
E10149,Harold,Newton,harold.newton@brightleaf-retail.example,(720) 555-0153,M,29-Oct-83,Denver,CO,80241,16-May-17,,Actv,,,Sales,Account Executive,Intermediate,Full-Time,"Regional Office - Denver, CO",E10133,"85,400",17-Jun-22,3,4.4,,25-Jul-26
E10150,Hana,Castro,hana.castro@brightleaf-retail.example,,Female,4/10/1987,Phoenix,AZ,85006,5/22/2017,,On Leave,,,Legal/Compliance,Paralegal,Mid,Full-Time,Phoenix HQ,E10139,72700,,4,3.7,Bachelors,8/23/2026
E10151,Andres,Lynch,andres.lynch@brightleaf-retail.example,2055550148,Male,3/12/1988,Gilbert,AZ,85257,5/22/2017,,Active,,,Store Operations ,Sales Floor Associate,Entry,full time,"Store 004 - Chandler, AZ",E10055,"$36,950 ",,4,2.9,Bachelor's Degree,9/20/2026
E10152,amanda,Moran,amanda.moran@brightleaf-retail.example,808-555-0137,Female,2/27/1986,Chandler,AZ,85244,29-May-17,,Active,,,Finance,Staff Accountant,Mid,Full-Time,"HQ - Phoenix, AZ",E10066,66050,,4,3.9,Bachelor's Degree,7/18/2026
E10153,George,Owens,george.owens@brightleaf-retail.example,2565550197,Male,5/5/1993,Phoenix,Ariz.,85054,6/4/2017,5/21/2019,Terminated,Voluntary,,sales,Sales Operations Analyst,Mid,full time,"HQ - Phoenix, AZ",E10114,"70,300 USD",,2,3.3,,5/26/2019
E10154,Amina,Cox,amina.cox@brightleaf-retail.example,810-555-0184,Female,9/4/1989,Phoenix,AZ,85033,6/12/2017,8/20/2023,Terminated,Voluntary ,,Marketing,Content Strategist,Mid,Full-Time,Headquarters,E10026,"$62,650.00 ",1/3/2022,2,4.9,BS,9/7/2023
e10155,Minh,Lane,minh.lane@brightleaf-retail.example,972-555-0146,Male,7/17/1991,Frisco,TX,75034,6/26/2017,,active,,,Product Dev,Associate Product Manager,Entry,Full-Time,"Regional Office - Dallas, TX",E10029,"$83,550 ",,2,3.7,Master's Degree,11/18/2025
E10156,Jacob,Daniel,jacob.daniel@mailhub.example,+1 602 555 0106,Male,12/10/1975,Phoenix,AZ,85037,6/27/2017,,Active,,,Finance,Finance Manager,Management,Full-Time,"HQ - Phoenix, AZ",E10162,"$125,650 ",9/28/2022,2,3,Master's Degree,6/30/2026
E10157,Seth,Fields ,seth.fields@brightleaf-retail.example,480 555 0191,M,5/14/1979,Portland,OR,97211,7/10/2017,,A,,,Information Technology,Data Analyst,Mid,Full-Time,Remote,E10148,"$84,750.00 ",,3,3.2,Bachelor's Degree,7/9/2026
E10158,Yesenia,Arnold,yesenia.arnold@brightleaf-retail.example,(480) 555-0172,Female,3/15/1984,Tempe,AZ,85281,7/10/2017,,Active,,,Customer Service,Customer Service Representative,Entry,Part-Time,Headquarters,E10034,19550,,4,4.1,Associate's Degree,8/14/2026
E10159,Anjali,Robinson,anjali.robinson@brightleaf-retail.example,,Female,2/3/1999,Phoenix,AZ,85052,7/24/2017,,On Leave,,,Customer Service,Customer Service Representative,Entry,Part-Time,"HQ - Phoenix, AZ",E10017,"18,300 USD",,3,2.6,High School,6/27/2026
E10160,Khalid,Sullivan,khalid.sullivan@brightleaf-retail.example,(954) 555-0117,Male,11/19/1995,Thornton,CO,80250,8/7/2017,,A,,,Supply Chain & Logistics,Warehouse Associate,Entry,Full-Time,Aurora DC,E10061,36650,,4,4.3,Associate's Degree,7/8/2026
E10161,James,Crawford,james.crawford@brightleaf-retail.example,216.555.0172,MALE,20-Dec-84,GOODYEAR,AZ,85371,28-Aug-17,27-Sep-21,Terminated,Involuntary,,Customer Service,Customer Service Representative,Entry,Full-Time,"HQ - Phoenix, AZ",E10021,39450,,2,2.5,,7-Oct-21
E10162, Molly,Campos,molly.campos@brightleaf-retail.example,(678) 555-0134,Female,11/22/1979,Phoenix,AZ,85044,8/30/2017,,Active,,,Finance,Controller,Director,Full-Time,"HQ - Phoenix, AZ",E10025,"163,700",,3,4.1,Master's Degree,9/9/2026
E10163,Stacy,Ramirez,stacy.ramirez@brightleaf-retail.example,2255550122,Female,9/1/1988,Mesquite,TX,75149,9/5/2017,,Active,,,Supply Chain,Warehouse Manager,Manager,Full-Time,"DC - Fort Worth, TX",E10074,"$87,700.00 ",1/19/2026,2,3.4,Bachelor's Degree,6/17/2026
E10164,Katherine,Adams,katherine.adams@brightleaf-retail.example,623-555-0144,Female,10/30/1984,Phoenix,AZ,85024,9/5/2017,12/8/2025,Terminated,Involuntary,Attendance,Product Development,Senior Product Manager,Senior,Full-Time,"HQ - Phoenix, AZ",E10122,155350,15-Nov-23,2,2.6,Bachelor's Degree,12/26/2025
E10165,Chloe,Luna,chloe.luna@brightleaf-retail.example,+1 415 555 0141,Female,10/11/1997,Tempe,AZ,85281,9/24/2017,,Active,,,Supply Chain & Logistics,warehouse associate,Entry,Full-Time,"DC - Tolleson, AZ",E10081,"$39,250 ",,2,4.4,High School,8/9/2026
E10166,Colton,Haynes,colton.haynes@brightleaf-retail.example,,Male,6/26/1984,Austin,TX,78726,10/9/2017,,Active,,,Store Operations,Sales Floor Associate,Entry,Full-Time,"Store 017 - Austin, TX",E10096,"34,750 USD",,2,3.6,High School,4/14/2026
E10167,Hana,Ruiz,hana.ruiz@brightleaf-retail.example,,Female,10/15/1973,Denver,CO,80210-2879,10/9/2017,,Active,,,Store Operations,VP of Store Operations,VP,Full Time,"Store 019 - Denver, CO",E10095,213450,,5,3.5,Bachelor's Degree,1/19/2026
E10168,Alexis,Garza,alexis.garza@brightleaf-retail.example,908-555-0121,Female,4/13/1995,Phoenix,AZ,85038,10/9/2017,,Active,,,,Sales Operations Analyst,Mid-level,Full-Time,Headquarters,E10112,"$65,400 ",,4,4,Master's Degree,9/15/2026
E10169,Alondra,Mendez,alondra.mendez@brightleaf-retail.example,,Female,12/21/1996,Fort Worth,TX,76143,10/9/2017,,Active,,,Supply Chain & Logistics,Forklift Operator,Entry Level,Full-Time,"DC - Fort Worth, TX",E10081,"$39,500.00 ",,3,4.5,,5/24/2026
E10170,Sofia,Kane,sofia.kane@brightleaf-retail.example,,Fem,1/11/1986,Grand Prairie,TX,75051,10/30/2017,,Active,,,Information Technology,Software Engineer,Mid,Full-Time,"Regional Office - Dallas, TX",E10148,106950,,3,3.4,Master's Degree,1/1/2026
E10171,Terrance,Rojas,terrance.rojas@brightleaf-retail.example,623.555.0121,Male,3/28/1974,Phoenix,AZ,85049,30-Oct-17,,Active,,,Information Technology,Director of IT,Director,Full-Time,HQ,E10004,179.4K,,2,2.9,High School,1/16/2026
E10172,Shane,Carr,shane.carr@brightleaf-retail.example,+1 323 555 0125,Male,3/5/1976,Dallas,TX,75223,11/6/2017,4/10/2026,TERM,Voluntary,Work-Life Balance,merchandising,Senior Buyer,Senior,Full-Time,"Regional Office - Dallas, TX",E10104,104350,,3,2.5,Masters,4/11/2026
E10173,Jose,Spencer,jose.spencer@brightleaf-retail.example,469 555 0183,Male,10/7/1989,Mesquite,TX,75150,11/6/2017,,Active,,,Customer Service,Customer Service Representative,Entry,Part-Time,"Regional Office - Dallas, TX",E10034,"22,450 USD",,3,4,BA,4/18/2026
 E10174,Nancy,Abbott,nancy.abbott@brightleaf-retail.example,612-555-0187,Female,10/27/1991,Peoria,AZ,85375,11/20/2017,11/4/2020,Separated,Vol,Comp,Sales,Account Executive,Mid,Full-Time,"HQ - Phoenix, AZ",E10068,82050,9/23/2019,3,4,Bachelor's Degree,11/11/2020
E10175,Kevin,Cannon,kevin.cannon@brightleaf-retail.example,480-555-0135,Male,1/31/1990,Tolleson,AZ,85353,27-Nov-17,7/24/2020,Terminated,Involuntary,Performance,Supply Chain and Logistics,Inventory Control Specialist,Mid,Full-Time,"DC - Tolleson, AZ",E10146,53900,,1,2.2,Bachelor's,8/1/2020
E10176,Deborah,Diaz,deborah.diaz@brightleaf-retail.example,203-555-0157,Female,2/10/1984,Phoenix,AZ,85009,12/25/2017,,Active,,,Store Operations ,Store Manager,Manager,full time,"Store 024 - Phoenix, AZ",E10083,86650,10/27/2019,4,,Bachelor's Degree,17-Aug-26
E10177,Kevin,McLaughlin,kevin.mclaughlin@brightleaf-retail.example,(702) 555-0184,Male,10/13/1987,las vegas,Nev.,89129,12/25/2017,,Active,,,Store Operations,Cashier,Entry Level,Full-Time,"Store 026 - Las Vegas, NV",E19639,32300,,2,3.4,Bachelor's Degree,9/2/2026
E10178,Johnny,Chavez,,(505) 555-0118,Male,7/12/1981,Albuquerque,NM,87105,1/1/2018,,Active,,,Information Technology,Senior Software Engineer,Senior,Full-Time,REMOTE,E10143,"141,100 USD",,Exceeds,4.4,BS,9/8/2026
E10179,Willie,Hammond,willie.hammond@brightleaf-retail.example,(520) 555-0125,Prefer not to say,3/30/1991,Marana,AZ,85655,1/1/2018,7/20/2019,Terminated,voluntary,Management/Culture,Store Operations,Sales Floor Assoc.,Jr,part time,store 10 - tucson,E10042,21000,,4,3.1,Associate's Degree,7/21/2019
E10180,Beatriz,Alvarado,beatriz.alvarado@brightleaf-retail.example,(603) 555-0141,Female,8/22/1993,Lakewood,CO,80215,1/25/2018,,Active,,,Marketing,Digital Marketing Specialist,Mid,Full-Time,Remote,E10018,66950,,3,4.2,Bachelor's Degree,7/11/2026
E10181,Shannon,Walker,shannon.walker@brightleaf-retail.example,505-555-0132,Female,6/6/1999,Phoenix,AZ,85036,1/29/2018,,Active,,,Customer Service,Customer Service Representative,Entry,Full-Time,"HQ - Phoenix, AZ",E10017,"39,050",,2,3.4,BS,1/24/2026
E10182,Nora,Ortiz,nora.ortiz@brightleaf-retail.example,857-555-0108,Female,3/19/1984,Las Vegas,NV,89112,1/29/2018,3/18/2022,Terminated,Voluntary,Family/Personal,unknown,Assistant Store Manager,Senior,Full-Time,"Store 026 - Las Vegas, NV",E10176 ,61550,,3,3.1,MS,3/31/2022
E10183,George,Robinson,george.robinson@mailhub.example,(321) 555-0164,Male,2/4/1987,phoenix,AZ,85006,1/29/2018,,A,,,Supply Chain & Logistics,Warehouse Associate,Entry,Part Time,"HQ - Phoenix, AZ",E10061,25.7K,,2,,High School,9/9/2026
E10184,Michael,Wright,michael.wright@brightleaf-retail.example,480-555-0186,Male,11/29/1999,Chandler,AZ,85225,2/5/2018,,Active,,,Customer Service,Customer Service Representative,Entry,Full-time,"HQ - Phoenix, AZ",,"40,300",,3,2.7,High School,8/11/2026
E10185,Chloe,Edwards,chloe.edwards@brightleaf-retail.example,2065550110,Female,7/27/1992,Seattle,WA,98187,3/12/2018,9-Aug-19,Separated,Voluntary,,Fin,Accounts Payable Clerk,Entry,Full Time,Remote,,"$45,200 ",,3,2.4,,8/15/2019
E10186,Paul,Hamilton,paul.hamilton@brightleaf-retail.example,720.555.0134,Male,6/18/1985,Aurora,CO,80012,3/19/2018,8/20/2021,TERM,Voluntary,Relocation,Store Operations,Department Supervisor,Mid,full time,"Store 021 - Lakewood, CO",E10115,"$43,350 ",,3,2.3,Bachelor's Degree,8/23/2021
E10187,Lawrence,Santos,lawrence.santos@brightleaf-retail.example,912-555-0105,M,3/11/1987,Littleton,CO,80120,3/19/2018,,Active,,,Store Operations,Assistant Store Manager,Senior,Full-Time,"Store 021 - Lakewood, CO",E10135,"55,400",,4,3.3,BA,1/28/2026
E10188,David,McCarthy,david.mccarthy@brightleaf-retail.example,(503) 555-0152,male,9/23/1984,Dallas,TX,75246,4/2/2018,,Active,,,Supply Chain & Logistics,Director of Logistics,Director,Full-Time,Dallas Regional,E10124,134100,,4,3.7,Bachelor's Degree,1/14/2026
E10189,Jessica,Hammond,jessica.hammond@brightleaf-retail.example,623 555 0102,Female,12/20/1985,Tolleson,AZ,85353,4/16/2018,7/14/2026,Terminated,Voluntary ,Management/Culture,Human Resources,HR Business Partner,Senior,Full-Time,"HQ - Phoenix, AZ",E10129,"95,600",,3,2.6,B.S.,7/28/2026
E10190,Lars,Williams,lars.williams@brightleaf-retail.example,469-555-0155,Male,2/23/1984,Dallas,TX,75224,4/26/2018,5/26/2025,Actv,,,Product Development,UX Designer,Mid,Full-Time,"Regional Office - Dallas, TX",E10130,"$91,750.00 ",,2,3,Master's Degree,5/30/2026
E10191,Mark,Aguilar,mark.aguilar@brightleaf-retail.example,,Male,5/16/1994,Dallas,TX,,4/30/2018,8/13/2021,Terminated,Involuntary,Attendance,Information Technology,Data Analyst,Mid,Full-Time,"Regional Office - Dallas, TX",E10057,"$76,350 ",,1,2.6,,13-Aug-21
E10192,Cheryl,Palmer,cheryl.palmer@brightleaf-retail.example,(407) 555-0135,Female,4/10/1991,Sahuarita,AZ,85629,4/30/2018,12/4/2024,Terminated,Voluntary ,Other job,Store Operations,Cashier,entry,Part-Time,"Store 009 - Tucson, AZ",E10186,"$19,400 ",,3,3.9,High School,12/10/2024
E10193,Jeffrey,Friedman,jeffrey.friedman@brightleaf-retail.example,,M,5/15/1972,Phoenix,AZ,85021,5/7/2018,,Active,,,Supply Chain & Logistics,Warehouse Assoc.,Entry,Part-Time,HQ,E10081,24300,,3,2.5,High School,7/13/2026
E10194,Aisha,DAVIS,aisha.davis@brightleaf-retail.example,(254) 555-0124,female,4/29/1985,Fort Worth,TX,76113,5/7/2018,9/13/2019,Terminated,,Workload/Burnout,Store Operations,Stock Associate,Entry,Full-Time,"Store 015 - Fort Worth, TX",E10186,"$34,050 ",,2,3.6,Bachelor's Degree,9/28/2019
E10195,carlos,Walters,carlos.walters@brightleaf-retail.example,3035550174,Male,11-Dec-90,Arvada,CO,80004,5/9/2018,2/11/2022,Terminated,Voluntary,,Supply Chain & Logistics,Warehouse Associate,Entry,Part-Time,DC Aurora,E10175,20650,,3,4.6,Bachelor's Degree,2/22/2022
E10196,Kyle,Hooper,kyle.hooper@brightleaf-retail.example,(214) 555-0122,Male,4/24/1980,Plano,TX,75054,5/21/2018,,Active,,,Supply Chain & Logistics,Warehouse Associate,Entry,Full-Time,"DC - Fort Worth, TX",E10061,35750,,2,4.5,Bachelor's Degree,2/13/2026
E10197,BLAKE,Dunn,blake.dunn@brightleaf-retail.example,240-555-0155,Male,10/10/1985,Surprise,AZ,,5/28/2018,,Active,,,Merchandising,Senior Buyer,Senior Level,Full-Time,"HQ - Phoenix, AZ",E10104,89700,,3,4.6,Associate's Degree,6/26/2026
E10198,Sarah,Gilbert,sarah.gilbert@brightleaf-retail.example,623.555.0151,Female,8/22/1981,Mesa,AZ,85202,5/28/2018,8/14/2020,Terminated,Voluntary,,Sales,Account Executive,Mid,Full-Time,"HQ - Phoenix, AZ",E10133,79450,,3,3.3,Bachelors,8/30/2020
E10199,TERESA,Franklin,teresa.franklin@brightleaf-retail.example,,Female,5/3/1992,Kansas City,MO,64155,6/18/2018,,Active,,,Sales,Account Executive,Mid,full time,Remote,E10112,73050,,3,4.2,Bachelor's Degree,4/10/2026
E10200,Trevor,Lopez,trevor.lopez@brightleaf-retail.example,8175550126,male,10/11/1981,Plano,TX,75053,6/18/2018,,Active,,,Store Operations,Department Supervisor,Intermediate,Full-Time,"Store 014 - Plano, TX",E10187,"$41,650 ",4/30/2020,3,3.2,,8/31/2026
E10201,Janet ,Lee,janet.lee@brightleaf-retail.example,504 555 0153,Female,7/11/1987,Mesquite,Texas,75150,6/18/2018,6/4/2021,Terminated,INVOLUNTARY,Position Eliminated,Supply Chain & Logistics,Warehouse Associate,,full time,"DC - Fort Worth, TX",E10175,35.9K,,3,4.6,High School,6/14/2021
E10202,Grant,Baker,grant.baker@brightleaf-retail.example,,Male,4/7/1982,Phoenix,AZ,85022,6/26/2018,2/15/2019,Term,Voluntary,Better Opportunity,Customer Service,Customer Service Representative,Entry,Full-Time,Corporate - Phoenix,E10021,"$39,950 ",,4,,Bachelor's Degree,2/28/2019
E10203,Melissa,Bennett,melissa.bennett@brightleaf-retail.example,(315) 555-0187,F,6/30/1982,Glendale,AZ,85307,7/9/2018,1/18/2023,terminated,Vol,Better Opportunity,Customer Service,Support Team Lead,Senior,Full-Time,"HQ - Phoenix, AZ",E10120 ,58700,8/26/2020,2,2.9,Bachelor's Degree,2/5/2023
E10204,Russell,Taylor,russell.taylor@brightleaf-retail.example,(602) 555-0130,Male,11/25/1982,Glendale,AZ,85309,7/9/2018,6/12/2020,Terminated,Voluntary,N/A,Store Operations,Store Manager,Management,Full-Time,"Store 025 - Mesa, AZ",E10054,"76,500 USD",3/5/2020,Meets,3.3,Master's,6/26/2020
E10205,Jose,Osborne,jose.osborne@brightleaf-retail.example,+1 214 555 0184,Male,2/8/1995,Irving,TX,75061,7/9/2018,2/3/2023,Terminated,Voluntary,Health,Customer Support,Customer Service Representative,E,Part-Time,regional office - dallas,E10021,"25,150 USD",,3,4.1,Masters,2/15/2023
E10206,Jacob,Vincent,jacob.vincent@brightleaf-retail.example,6235550199,Male,2/5/2000,Gilbert,AZ,85240,7/16/2018,11/5/2021,Terminated,VOLUNTARY,Work-Life Balance,Customer Service,Customer Service Representative,Entry,Part-Time,"HQ - Phoenix, AZ",E10017,"24,300 USD",,2,,High School,11/19/2021
E10207,Teresa,Dillon,teresa.dillon@brightleaf-retail.example,,Female,7/24/1981,littleton,CO,80122,7/22/2018,,Active,,,Store Operations,Sales Floor Associate,Entry-level,FT,store 21 - lakewood,E10200,"$34,400 ",,Meets,3,Associate's Degree,1/27/2026
E10208,Amanda,Thorne,amanda.thorne@brightleaf-retail.example,2145550121,female,6/17/1989,Plano,TX,75052-5594,7/23/2018,10/1/2021,Term,,Better Opportunity,Store Operations,Sales Floor Associate,Entry,F/T,"Store 015 - Fort Worth, TX",E10200,"33,200 USD",,3,2.4,Associate's Degree,10/1/2021
E10209,Luis,Schwartz,luis.schwartz@brightleaf-retail.example,(815) 555-0199,male,4/7/1994,WEST VALLEY CITY,UT,84121-3325,7/23/2018,,Active,,,Store Ops,Stock Associate,Entry,Part-Time,"Store 023 - Salt Lake City, UT",E10055,"17,950",,4,3.4,Associate's Degree,6/20/2026
E10210,Samantha,Roberts,samantha.roberts@brightleaf-retail.example,(469) 555-0146,Female,10/9/2001,Irving,TX,75041,7/30/2018,6-Mar-20,Terminated,Involuntary,Attendance,Store Operations,Sales Floor Associate,Entry,Full-Time,Store #14 Plano,E10186,35700,,2,1.8,,3/17/2020
E10211,Rachel ,Fletcher,rachel.fletcher@brightleaf-retail.example,8145550120,Female,3/11/2000,Arvada,Colo.,80004,8/11/2018,1/15/2021,Terminated,Voluntary,Better Opportunity,Supply Chain & Logistics,Forklift Operator,Entry,Part-Time,DC Aurora,E10175,25.1K,,3,,Bachelor's Degree,2/4/2021
E10212,Sofia,Abbott,sofia.abbott@brightleaf-retail.example,303-555-0195,Female,3/24/1984,Aurora,Colorado,80015,8/27/2018,,ACTIVE,,,Store Operations,Store Manager,Mgr,Full-Time,"Store 019 - Denver, CO",E10063,"86,000 USD",3/8/2025,4,4.3,Masters,5/20/2026
E10213,Evelyn,Gibson,evelyn.gibson@brightleaf-retail.example,972.555.0129,Female,1/11/2002,Fort Worth,TX,,8/29/2018,10/11/2019,Terminated,Involuntary,Perf,Store Operations,Sales Floor Associate,Entry-level,Part-time,"Store 014 - Plano, TX",E10200,22.8K,,2,3.4,HS,10/25/2019
E10214,Lori,Cardenas,lori.cardenas@brightleaf-retail.example,(858) 555-0140,Female,7/9/1989,Tolleson,AZ,85353,1-Sep-18,,Active,,,Store Operations,Sales Floor Associate,Entry,Full-Time,"Store 024 - Phoenix, AZ",E10200,34150,,3,3.8,Bachelor's Degree,4/27/2026
E10215,RACHEL,Dunn,rachel.dunn@brightleaf-retail.example,,Female,11/24/1994,Phoenix,AZ,85022,9/17/2018,,Active,,,information technology,Software Engineer,Mid,Full-Time,"HQ - Phoenix, AZ",E10178,114.4K,,3,2.9,,1/11/2026
e10216,David,NUNEZ,david.nunez@brightleaf-retail.example,+1 678 555 0152,Male,6/16/1985,Tempe,AZ,85285,9/24/2018,,Active,,,Information Technology,Senior Software Engineer,Senior,Full Time,"HQ - Phoenix, AZ",E10022,"$140,450.00 ",,4,3.9,bachelors degree,5/5/2026
E10217,Itzel,Mensah,itzel.mensah@brightleaf-retail.example,(505) 555-0115,Female,3/28/1986,Albuquerque,NM,87117,10/1/2018,,Active,,,Sales,Account Executive,Mid,Full-Time,Remote,E10072,"87,700",5/21/2021,3,3.9,Bachelor's Degree,6/5/2026
E10218,Raj,Rojas,raj.rojas@brightleaf-retail.example,423.555.0187,Male,8-Mar-81,Sandy,UT,84087,22-Oct-18,,Active,,,Information Technology,IT Manager,Manager,Full-Time,Remote,E10171,"128,400",,4,4.1,MS,5-Aug-26
E10219,Emma,Harrison,emma.harrison@brightleaf-retail.example,623-555-0178,Female,11/19/1997,Tolleson,AZ,85353,11/12/2018,8/9/2019,Terminated,VOLUNTARY,Reloc,Store Operations,Sales Floor Associate,Entry,PT,"Store 003 - Mesa, AZ",E10186,17850,,4,,Bachelor's Degree,8/9/2019
E10220,Deborah,Williamson,deborah.williamson@brightleaf-retail.example,,Female,1/3/1978,Oro Valley,AZ,85754-5343,11/17/2018,,Active,,,Store Operations,Assistant Store Manager,Senior,Full-Time,store 10 - tucson,E10212,63900,,3,2.6,B.S.,10/29/2025
E10221,Jamal,Simpson,jamal.simpson@brightleaf-retail.example,(303) 555-0105,Male,10/31/1986,Denver,CO,80210,11/26/2018,,Active,,,Supply Chain and Logistics,Warehouse Manager,Manager,Full-Time,"Regional Office - Denver, CO",E10188,84750,,3,3.5,HS,7/23/2026
E10222,Maxwell,Mason,maxwell.mason@brightleaf-retail.example,517.555.0128,Male,1/25/1990,Grand Prairie,TX,75054,12/10/2018,,Active,,,Compliance,Corporate Counsel,Senior,Full-Time,"Regional Office - Dallas, TX",E10970,"156,950",,3,4.1,Ph.D.,6/29/2026
E10223,Elena,Wells,elena.wells@brightleaf-retail.example,972-555-0168,Female,9/27/1996,Arlington,TX,76009,12/17/2018,,active,,,Merchandising,Merchandising Asst.,Entry,Full-Time,"Regional Office - Dallas, TX",E10056,"$46,450 ",,3,3.1,Associate's Degree,2/22/2026
E10224,Martha,Fleming,,254-555-0191,Female,12/31/1996,Tempe,AZ,85281,12/17/2018,,ACTIVE,,,,Customer Service Representative,Entry,Full-Time,"HQ - Phoenix, AZ",E10034,39.5K,,3,4.2,High School,8/11/2026
E10225,Yasmin,Harvey,yasmin.harvey@brightleaf-retail.example,(917) 555-0153,Fem,6/28/1988,Mesquite,TX,75149,12/17/2018,2/18/2022,Terminated,INVOLUNTARY,Performance,marketing,Digital Marketing Specialist,Mid-level,Full-Time,"Regional Office - Dallas, TX",E10026,"71,700",4/4/2021,2,2.5,Masters,2/24/2022
E10226,Isabella,Nowak,isabella.nowak@brightleaf-retail.example,623-555-0114,Female,10/31/1994,Phoenix,AZ,85005,12/24/2018,3/31/2023,Terminated,Voluntary,,Merchandising,Merchandising Assistant,entry,Full-Time,"HQ - Phoenix, AZ",E10036,"46,750",,3,2.4,Associate's Degree,4/22/2023
E10227,Lucas,Solis,lucas.solis@brightleaf-retail.example,213.555.0147,Male,4/2/1989,Fort Worth,TX,76126,12/31/2018,3/15/2019,Terminated,Involuntary ,,Supply Chain & Logistics,Warehouse Associate,Entry,Full-Time,"DC - Fort Worth, TX",E10175,34700,,,NA,High School,4/1/2019
E10228,Lori, Vargas,LORI.VARGAS@BRIGHTLEAF-RETAIL.EXAMPLE,618-555-0160,Female,7/1/1990,Sahuarita,AZ,85629,1/15/2019,2/6/2021,Inactive,Voluntary,Family/Personal,Store Operations,Sales Floor Associate,Entry,Full-Time,"Store 010 - Tucson, AZ",e10186,"35,150 USD",,3,3.7,Bachelor's Degree,2/12/2021
E10229,Neha,Mason,neha.mason@brightleaf-retail.example,(503) 555-0192,Female,5/30/1992,Portland,OR,97201,1/19/2019,,Active,,,Marketing,Marketing Coordinator,entry,Full-Time,Remote,E10044,"51,300",,5,3.5,Bachelor's Degree,9/18/2026
E10230,Paige,Walters,paige.walters@brightleaf-retail.example,(817) 555-0100,FEMALE,6/13/1978,DALLAS,TX,75214,1/28/2019,,Actv,,,Legal & Compliance,General Counsel,Director,Full-Time,Dallas Office,,"$217,400.00 ",,3,3.5,PhD,6/3/2026
E10231,Austin,Robinson,austin.robinson@brightleaf-retail.example,303.555.0106,Male,10/11/1982,Denver,CO,80222,1/28/2019,,On Leave,,,Product Development,UX Designer,Mid,Full-Time,Denver Office,,98550,,3,4.2,M.S.,8/30/2026
 E10232,DEBORAH,Duong,deborah.duong@brightleaf-retail.example,(469) 555-0130,FEMALE,5/11/1984,Arlington,TX,76015,1/28/2019,2/21/2020,Terminated,INVOLUNTARY,,Store Operations,store manager,manager,Full-Time,"Store 016 - Arlington, TX", E10054,"$68,700.00 ",,2,2.9,Associate's Degree,3/17/2020
E10233,Marisol,Saunders,,,Female,1/13/1996,Peoria,AZ,85351,1/28/2019,12/23/2022,Terminated,Involuntary,Restructuring,Merch,Merchandising Assistant,Entry,full time,"HQ - Phoenix, AZ",E10108,42300,,Needs Improvement,2.6,Bachelor's Degree,12/30/2022
E10234,Isabella,Hampton,isabella.hampton@brightleaf-retail.example,,Female,1/3/1985,Thornton,CO,80249,1/31/2019,,Active,,,Legal & Compliance,Paralegal,Mid,Full-Time,"Regional Office - Denver, CO",E10222,73700,,2,3.1,Bachelor's Degree,12/3/2025
E10235,Edward,Harris,edward.harris@brightleaf-retail.example,4045550112,Male,8/23/1975,Tolleson,AZ,85353,2/1/2019,11/25/2022,Terminated,VOLUNTARY,Better Opportunity ,Supply Chain & Logistics,Warehouse Manager,Manager,full time,"DC - Tolleson, AZ",E10074,90250,12/25/2020,3,2.7,BA,12/3/2022
E10236,Lourdes,Gilbert,lourdes.gilbert@brightleaf-retail.example,(602) 555-0132,FEMALE,5/18/1993,Scottsdale,AZ,85255,2/11/2019,9/15/2019,Terminated,INVOLUNTARY,Performance,Information Technology,IT Support Technician,Jr,Full-Time,"HQ - Phoenix, AZ",E10215,"$53,350.00 ",,1,,Bachelor's Degree,9/15/2019
E10237,Talia,Mendoza ,talia.mendoza@brightleaf-retail.example,,Female,10/10/1988,Phoenix,AZ,85022,2/18/2019,,Active,,,Customer Support,Support Team Lead,Sr,full time,Headquarters,E10118,55400,,2,3.1,Bachelor's Degree,6/11/2026
E10238,Andrew,Nash,andrew.nash@brightleaf-retail.example,(251) 555-0193,Male,12/15/1999,Tolleson,az,85353-7926,2/25/2019,,Active,,,Supply Chain & Logistics,Forklift Operator,Entry,Part-Time,"DC - Tolleson, AZ",E10081,"$21,750 ",,3,3.7,Bachelor's Degree,8/3/2026
e10239,Alondra,Nelson,alondra.nelson@brightleaf-retail.example,719-555-0142,Female,11/16/1981,Tolleson,AZ,85353,3/4/2019,,A,,,Supply Chain & Logistics,Inventory Control Specialist,Mid,Full-Time,"DC - Tolleson, AZ",E10146,"49,950",,3,4.1,Bachelor's Degree,8/9/2026
E10240,MONICA,Lee,monica.lee@brightleaf-retail.example,704-555-0104,Female,10/7/1987,Goodyear,AZ,85355,3/4/2019,,ACTIVE,,,Sales,Account Executive,Mid,Full-Time,"HQ - Phoenix, AZ",E10084 ,"89,700",4/20/2025,3,4.9,GED,11/29/2025
E10241,Rafael,Romero,rafael.romero@brightleaf-retail.example,720-555-0113,Male,1/2/1979,Thornton,CO,80243,3/4/2019,,Active,,,Sales,Account Executive,Mid,Full-Time,Remote,E10002,"83,100",,3,2.8,Bachelor's Degree,6/27/2026
E10242,Divya,Perkins,divya.perkins@brightleaf-retail.example,803.555.0160,Female,3/3/1984,Glendale,AZ,85308-9910,3/4/2019,8/25/2020,Terminated,Involuntary,Attendance,Customer Service,Customer Service Representative,Entry,Full-Time,"HQ - Phoenix, AZ",E10021,"39,850",,2,1.9,,9/3/2020
E10243,Ana,Wilson,ana.wilson@brightleaf-retail.example,(720) 555-0111,Female,10-Feb-96,Littleton,CO,80122,3/10/2019,,Actv,,,Store Operations,CASHIER,Entry-level,Full-Time,"Store 019 - Denver, CO",E10200,"$31,900 ",,2,4.5,Associate's Degree,25-Aug-26
E10244,Kathleen,Paul,kathleen.paul@brightleaf-retail.example,817-555-0175,Female,10/13/1996,Grand Prairie,TX,75051,4/1/2019,,Active,,,Marketing,Digital Marketing Specialist,Mid,Full-Time,"Regional Office - Dallas, TX",E10012,71700,,1,3.2,,5/31/2026
E10245,Billy,Hall,billy.hall@brightleaf-retail.example,5085550199,Male,10/21/1984,Dallas,TX,75203-9414,4/1/2019,,Active,,,,Senior Product Manager,Senior,P/T,regional office - dallas,E10122,"$107,850.00 ",,4,NA,Bachelor's Degree,5/21/2026
E10246,Alice,Hunt,alice.hunt@brightleaf-retail.example,602.555.0195,Female,12/8/1989,Gilbert,AZ,85266,4/14/2019,,Active,,,Merchandising,Buyer,Mid,Full-Time,"HQ - Phoenix, AZ",,"$78,400 ",,2,2.9,Bachelor's Degree,4/5/2026
E10247,Colleen,Flores,colleen.flores@brightleaf-retail.example,469-555-0107,Female,15-Apr-89,Mesquite,TX,,4/15/2019,,Active,,,Sales,Senior Account Executive,Sr,Full-Time,Dallas Regional,E10138,97300,,3,2.9,Bachelor's Degree,3/12/2026
E10248,Dustin,McCoy,,(228) 555-0161,Male,1-May-85,Pflugerville,TX,78660,4/17/2019,,Active,,,STORE OPERATIONS,Assistant Store Manager,Senior,Full-Time,"Store 017 - Austin, TX",E10176,62000,,5,3.7,,6/6/2026
E10249, Ava,Porter,ava.porter@brightleaf-retail.example,9255550169,Female,3/7/1994,Mesa,AZ,85214,4/22/2019,,Active,,,Sales,Sales Development Representative,Entry,Full-Time,"HQ - Phoenix, AZ",E10241,"$48,250.00 ",,3,2.7,Associate's Degree,3-Jun-26
e10250,Amina,Nichols,amina.nichols@brightleaf-retail.example,(510) 555-0189,Female,12-Feb-91,Phoenix,az,85005,4/29/2019,25-Jun-21,Terminated,Voluntary,Better Opportunity,Information Technology,Software Engineer,Mid Level,Full-time,"HQ - Phoenix, AZ",E10148,112300,,3,2.7,bachelors degree,7/11/2021
E10251,Tiffany,Jensen,tiffany.jensen@brightleaf-retail.example,6175550179,Female,11/15/1982,Boston,MA,2120,5/3/2019,,Active,,,Sales ,Senior Account Executive,Senior,Full Time,REMOTE,E10138,"$99,300 ",,2,3.3,Master's Degree,7/12/2026
E10252,Michael,Phillips ,michael.phillips@brightleaf-retail.example,,MALE,2/11/1985,Fort Worth,TX,76135,5/6/2019,,Active,,,Supply Chain & Logistics,Inventory Control Specialist,Mid,Full-Time,"DC - Fort Worth, TX",E10146,52800,4/7/2023,3,4.2,Associate,8/30/2026
e10253,Janet,Bowman,janet.bowman@brightleaf-retail.example,512.555.0190,Female,27-Aug-91,Round Rock,TX,78674-3084,13-May-19,10-Apr-20,Terminated,,RIF,Store Operations,Cashier,Entry,Full-Time,"Store 018 - Round Rock, TX",E10096,"$33,250.00 ",,2,3.4,Associate's Degree,28-Apr-20
E10254,Marvin,Garza,marvin.garza@brightleaf-retail.example,404.555.0197,M,13-Jun-85,Atlanta,GA,30327,13-May-19,,A,,,Legal/Compliance,Legal Operations Manager,Manager,Part Time,Remote,E10230,62300,28-Nov-24,5,3.8,Master's Degree,26-Mar-26
E10255,Patrick,Bishop,patrick.bishop@brightleaf-retail.example,(469) 555-0141,Male,7/9/1989,Irving,TX,75052,5/20/2019,8/20/2020,Terminated,Voluntary,Better Opportunity,Prod Dev,UX Designer,Mid,Part-Time,"Regional Office - Dallas, TX",E10164,61900,,3,,,9/5/2020
E10256,Shauna,Campos,shauna.campos@brightleaf-retail.example,(206) 555-0139,Fem,5/6/1980,PHOENIX,AZ,85006,5/27/2019,,Active,,,Information Technology,Senior Software Engineer,Sr.,Full-Time,Corporate - Phoenix,E10218,"$149,650 ",7/22/2022,4,4.8,Associate's Degree,3/17/2026
E10257,Santiago, Clark,santiago.clark@brightleaf-retail.example,,Male,7/11/1993,Henderson,NV,89055,6/10/2019,,Active,,,Store Operations,Stock Associate,Entry,Part-time,"Store 011 - Las Vegas, NV",E10096 ,"$20,950 ",,4,3.8,Associate's Degree,2/11/2026
E10258,Everett,Morrison,EVERETT.MORRISON@BRIGHTLEAF-RETAIL.EXAMPLE,,Male,11/18/2000,Phoenix,AZ,85051,6/17/2019,2/28/2025,Terminated,Involuntary,Conduct,CS,Customer Service Representative,Entry,Full-Time,"HQ - Phoenix, AZ",E10017,39650,,3,4.6,Bachelor's Degree,3/17/2025
 E10259,Jacob,Abbott,jacob.abbott@brightleaf-retail.example,972-555-0110,Male,3/2/2001,Plano,TX,75066,6/24/2019,,Active,,,Customer Svc,Customer Service Representative,Entry,Full-Time,"Regional Office - Dallas, TX",E10034,41000,,4,2.9,High School,6/22/2026
E10260,Carol,Andrews,carol.andrews@brightleaf-retail.example,930.555.0128,Female,,Dallas,TX,75240,6/24/2019,,Active,,,MERCHANDISING,Buyer,mid,Full-Time,"Regional Office - Dallas, TX",E10005,"$74,500 ",,2,3.4,Bachelor's Degree,10/14/2025
E10261,Julian,Carr,julian.carr@brightleaf-retail.example,(623) 555-0190,Male,11/25/1982,Surprise,AZ,85377,7/1/2019,,A,,,Marketing,Brand Manager,Manager,Full-Time,Corporate - Phoenix,E10325,107150,,4,,Bachelor's Degree,1/29/2026
E10262,Jose,Cruz,jose.cruz@brightleaf-retail.example,(214) 555-0109,Male,5/16/1990,Surprise,AZ,85376,7/1/2019,1/17/2020,Terminated,,,Customer Service,Customer Service Representative,E,Full-Time,hq phoenix,E10021,"36,200",,2,,High School,1/23/2020
E10263,Minh,Carroll,minh.carroll@brightleaf-retail.example,8165550125,Male,4/30/1992,Kansas City,MO,64145,7/8/2019,,Actv,,,MERCHANDISING,Buyer,Mid,Full-Time,Remote,E10101,79000,12/25/2025,Needs Improvement,4,BA,8/11/2026
E10264,Yuki,RODRIGUEZ,yuki.rodriguez@brightleaf-retail.example,4805550142,Female,11/24/1993,Tempe,AZ,85287,7/22/2019,6/21/2024,Terminated,Vol,Burnout,Supply Chain & Logistics,Warehouse Associate,Entry-level,Part-Time,"DC - Tolleson, AZ",E10252 ,"$19,600 ",,3,3.9,Bachelor's Degree,7/5/2024
E10265,Gabriela, Moore,gabriela.moore@brightleaf-retail.example,,Female,8/31/1992,Grand Prairie,TX,75053,7/22/2019,,A,,,marketing,Content Strategist,Mid,Full-Time,"Regional Office - Dallas, TX",E10261,"$71,750 ",,3,,Bachelor's Degree,7/1/2026
E10266,Samantha,Smith,samantha.smith@brightleaf-retail.example,323-555-0148,Female,6/23/1984,Tempe,AZ,85284,7/22/2019,,A,,,Information Technology,Senior Software Engineer,Senior Level,Full-Time,"HQ - Phoenix, AZ",E10218,"$144,550 ",,4,4.1,Associates,8/19/2026
E10267,Christian,Fowler,christian.fowler@brightleaf-retail.example,323-555-0160,Male,2/18/1997,Phoenix,AZ,,8/10/2019,,Active,,,Marketing,Marketing Coordinator,Entry,Full-Time,"HQ - Phoenix, AZ",E10006,"$52,850.00 ",,Meets,2.2,bachelors degree,5/19/2026
E10268,Leonardo,Kim,leonardo.kim@brightleaf-retail.example,602.555.0118,Male,5/13/1988,Gilbert,Arizona,85281,8/26/2019,9/25/2020,Terminated,,Poor Performance,IT,Data Analyst,Intermediate,Full-time,"HQ - Phoenix, AZ",E10256,80700,,2,3.4,Associate's Degree,10/14/2020
E10269,Wyatt,Douglas,wyatt.douglas@brightleaf-retail.example,623.555.0106,Male,11/2/1988,Phoenix,AZ,85037,8/29/2019,2/2/2024,Inactive,Voluntary,,Store Operations,Assistant Store Manager,Senior,Full Time,"Store 006 - Scottsdale, AZ",E10212,"$59,200 ",,3,2.5,MS,2/7/2024
E10270,Carolyn,Johnson,carolyn.johnson@brightleaf-retail.example,623-555-0193,Female,12/23/1990,Avondale,AZ,85385,9/2/2019,,Active,,,Marketing,Content Strategist,Mid,Full-Time,"HQ - Phoenix, AZ",E10012,71.8K,,4,4,,7/14/2026
E10271,Deborah,Morgan,deborah.morgan@mailhub.example,4805550183,Female,8-Jan-78,Glendale,AZ,85310,9/2/2019,,A,,,Sales,Sr. Account Executive,Senior,Full-Time,"HQ - Phoenix, AZ",E10136,"$118,500 ",,4,4.3,Bachelor's Degree,8/20/2026
E10272,Amber,Freeman,amber.freeman@brightleaf-retail.example,317-555-0170,Female,24-May-90,Tolleson,AZ,85353,15-Sep-19,8-Jul-22,Terminated,Voluntary,Return to School,Marketing,Marketing Coordinator,entry,F/T,"HQ - Phoenix, AZ",E10110,"$50,550 ",,3,3.2,Master's Degree,8-Jul-22
E10273,Eric,Stewart,eric.stewart@brightleaf-retail.example,+1 423 555 0142,Male,1/26/1988,Dallas,TX,75248,9/18/2019,,On Leave,,,supply chain & logistics,Supply Chain Analyst,Sr,Full-Time,"Regional Office - Dallas, TX",E10051,81500,,1,3.2,Bachelor's Degree,21-Jul-26
E10274,Aisha,Schmidt,aisha.schmidt@brightleaf-retail.example,+1 706 555 0107,Female,3/28/1985,Columbus,OH,43213,9/25/2019,,On Leave,,,Marketing,Content Strategist,Mid-level,FT,remote,E10018,74900,,4,4,Bachelor's Degree,7/28/2026
E10275,Patricia,Townsend,patricia.townsend@brightleaf-retail.example,+1 623 555 0150,Female,8/6/1985,Peoria,AZ,85361,10/7/2019,,Active,,,store operations,STORE MANAGER,Manager,Full-Time,"Store 008 - Peoria, AZ",E10063,"$79,750 ",,3,3.9,Associate's Degree,6/29/2026
E10276,Rosa,Smith,rosa.smith@brightleaf-retail.example,623 555 0196,Female,4/3/1979,Tolleson,AZ,85353,10/9/2019,2/4/2020,TERM,INVOLUNTARY,End of contract,Supply Chain & Logistics,Warehouse Associate,Entry,SEASONAL,dc - tolleson,E10239,"$12,450 ",,,,Master's Degree,2/28/2020
E10277,Tina,Norris,tina.norris@brightleaf-retail.example,+1 602 555 0126,Female,8/23/1980,Phoenix,AZ,85051,10/10/2019,1/29/2020,TERM,Involuntary,,Store Operations,Cashier,Entry,Seasonal,store 24 - phoenix,E10186,"11,550",,,,High School Diploma,2/14/2020
E10278,Vanessa,Wallace,vanessa.wallace@brightleaf-retail.example,(623) 555-0139,Female,1-Sep-89,Phoenix,AZ,85050,14-Oct-19,21-Feb-21,Terminated,Voluntary,,Merchandising,Buyer,Mid,Full-Time,"HQ - Phoenix, AZ",E-10058,69400,,2,4.3,Bachelor's Degree,8-Mar-21
E10279,Jun,Schwartz,jun.schwartz@brightleaf-retail.example,8175550146,Male,1/15/1986,Mesquite,TX,75149,21-Oct-19,,active,,,Logistics,Supply Chain Analyst,Senior,Full-Time,"Regional Office - Dallas, TX",E10067,83100,7/18/2025,4,3.3,JD,2/8/2026
e10280,Jun, Gonzalez,jun.gonzalez@brightleaf-retail.example,623.555.0149,Male,4/6/1975,Goodyear,AZ,85356,10/28/2019,,Active,,,Executive,Chief Human Resources Officer,C-Level,Full-Time,"HQ - Phoenix, AZ",E10075,"$258,400 ",,4,4.1,Master's Degree,23-Jul-26
E10281,Sharon,Gross,sharon.gross@brightleaf-retail.example,3035550114,Female,10/1/1987,Denver,CO,80225,10/28/2019,,Active,,,-,Software Engineer,Intermediate,Full-Time,"Regional Office - Denver, CO",E10216,"119,750",11/22/2021,3,4.3,Bachelor's Degree,4/3/2026
E10282,Benjamin,Foley,benjamin.foley@brightleaf-retail.example,(303) 555-0143,Male,10/20/1992,Denver,CO,80249,11/4/2019,,Active,,,Merchandising,Merchandising Assistant,unknown,Full-Time,"Regional Office - Denver, CO",E10263,"46,350",,4,3.3,Bachelor's Degree,9/19/2026
E10283,Ramon,Powers,ramon.powers@brightleaf-retail.example,602-555-0174,Male,9/4/1980,Gilbert,AZ,85258,11/4/2019,12/6/2023,Terminated,,Better Opportunity,Store Operations,Store Manager,Manager,Full-Time,"Store 007 - Gilbert, AZ",E10083,"$69,650 ",,3,2.5,Bachelor's Degree,8-Dec-23
E10284,Hannah,Allen,hannah.allen@brightleaf-retail.example,214-555-0157,Female,8/30/1992,Dallas,TX,75229,11/4/2019,,Active,,,Human Resources,HR Coordinator,entry,FT,"Regional Office - Dallas, TX",E10982,52000,,3,3.7,,7/14/2026
E10285,Jennifer,Willis,jennifer.willis@brightleaf-retail.example,+1 972 555 0127,Female,5/27/1989,Plano,TX,75093,11/6/2019,1/20/2020,Terminated,involuntary,End of Season,Store Operations,Cashier,Entry,Seasonal,"Store 014 - Plano, TX",E10200,"11,950 USD",,,,High School,1/20/2020
E10286, Andrea,Ochoa,andrea.ochoa@brightleaf-retail.example,+1 954 555 0103,NB,26-Dec-93,Tolleson,az,85353,11/10/2019,1/15/2020,Terminated,,end of season,Supply Chain & Logistics,Warehouse Associate,Entry,Seasonal,"DC - Tolleson, AZ",E10239,"$18,150.00 ",,,,High School,2/5/2020
E10287,Shannon,Hodges,shannon.hodges@brightleaf-retail.example,+1 505 555 0153,Female,2/22/1987,Albuquerque,NM,87118,11/17/2019,7/24/2020,Terminated,Voluntary,work-life balance,STORE OPERATIONS,Cashier,Entry,P/T,"Store 022 - Albuquerque, NM",E10042,20050,,Exceeds,,Associate's Degree,8/12/2020
E10288,Timothy,Vo,timothy.vo@brightleaf-retail.example,954-555-0145,Male,1/26/1993,Aurora,Colorado,80016,18-Nov-19,,Active,,,Information Technology,Systems Administrator,Mid-level,Full-time,"Regional Office - Denver, CO",E10256,"$85,000 ",,4,4.8,High School,7/31/2026
E10289,Calvin,Wallace,,(801) 555-0150,Male,2/2/1981,west valley city,UT,84127,11/18/2019,1/28/2020,Terminated,involuntary,End of Season,Store Operations,Sales Floor Associate,Entry,Temp,Salt Lake City Store (023),E10186,"$13,450 ",,,,high school,2/15/2020
E10290,Charles,Edwards,charles.edwards@brightleaf-retail.example,(229) 555-0129,Male,8/1/1983,Albuquerque,NM,87103,11/20/2019,2/20/2020,Terminated,Involuntary,End of Season,STORE OPERATIONS,Sales Floor Associate,E,seasonal,"Store 022 - Albuquerque, NM",E10200 ,11550,,N/A,,GED,3/15/2020
E10291,Grace,BISHOP,grace.bishop@brightleaf-retail.example,(727) 555-0149,Female,9/20/1992,Chandler,AZ,85230,11/22/2019,,Active,,,Merchandising Dept,merchandising assistant,Entry,Full-Time,"HQ - Phoenix, AZ",E10108,"43,450",,4,3,BA,11/14/2025
E10292,Robert,Thompson,robert.thompson@brightleaf-retail.example,+1 602 555 0192,Male,11/5/2002,Phoenix,AZ,85036,11/25/2019,2/7/2020,TERM,Involuntary,End of contract,Stores,Sales Floor Associate,Entry,SEASONAL,STORE 006,E10055,15350,,N/A,,High School,2/9/2020
E10293,Carl,Zhang,carl.zhang@brightleaf-retail.example,720-555-0165,MALE,1-Oct-93,Lakewood,CO,80231,3-Dec-19,,Actv,,,Fin,Staff Accountant,Mid,Full-Time,"Regional Office - Denver, CO",E10066,69600,,3,4.5,Bachelor's Degree,22-Mar-26
E10294,Bruce,Potter,,321-555-0117,Male,11/11/1984,Seattle,WA,98135,12/9/2019,,Active,,,Marketing,Digital Marketing Specialist,Mid Level,Full-Time,Remote,E10261,"$61,800.00 ",4/23/2026,Exceeds,4.4,Associate's Degree,8/23/2026
E10295,Eugene,spencer,eugene.spencer@brightleaf-retail.example,+1 214 555 0149,Male,6/28/1992,Chandler,AZ,85226-8442,12/16/2019,6/3/2022,Terminated,Vol,N/A,Merchandising,Merchandising Assistant,E,Full-Time,"HQ - Phoenix, AZ",E10056,"43,650 USD",,3,3.6,MS,6/25/2022
E10296 ,Anthony,Harmon,anthony.harmon@brightleaf-retail.example,817-555-0114,Prefer not to say,1/23/1986,Frisco,TX,75034,16-Dec-19,,On Leave,,,Store Operations,Assistant Store Manager,Senior Level,Full-Time,"Store 014 - Plano, TX",E10275,"60,900",,4,2.7,Bachelor's Degree,23-Feb-26
E10297,Joan,Chen,joan.chen@brightleaf-retail.example,(731) 555-0153,Female,11/26/1987,Albuquerque,NM,87122,12/23/2019,,Active,,,Stores,Store Manager,Mgr,Full-Time,"Store 022 - Albuquerque, NM",E10054,"75,200",,5,4,Master's Degree,8/28/2026
E10298,Latoya,Phillips,latoya.phillips@brightleaf-retail.example,3125550197,Female,4/11/1985,Chicago,Illinois,60624,12/24/2019,9/18/2020,Terminated,Voluntary,,sales,SALES OPERATIONS ANALYST,Mid-level,Full-Time,Remote,E10068,62000,,4,,high school,10/5/2020
E10299,Christine,Martin,christine.martin@brightleaf-retail.example,,female,2/19/1981,Scottsdale,AZ,85254,12/30/2019,,Active,,,Finance,Senior Accountant,Senior,Full-Time,"HQ - Phoenix, AZ",E10156,83600,5/19/2021,Exceeds,,Bachelor's Degree,12/16/2025
E10300,Patricia,Cobb,patricia.cobb@brightleaf-retail.example,512-555-0155,Female,7/16/1974,Austin,TX,78738,1/13/2020,,Active,,,Store Operations,Store Manager,Manager,Full-Time,store 17 - austin,E10083,"76,750",,5,3.7,Master's Degree,5/2/2026
E10301,Linda,Jung,linda.jung@brightleaf-retail.example,(727) 555-0191,Female,5-Mar-95,Plano,TX,75032,13-Jan-20,28-Aug-20,Terminated,Voluntary,,Store Operations,Sales Floor Associate,Entry,Part-Time,"Store 014 - Plano, TX",E10042,"20,800",,3,,,20-Sep-20
E10302,Kenneth,Anderson,kenneth.anderson@brightleaf-retail.example,720-555-0189,Male,12/28/1987,Denver,CO,80232,1/13/2020,,Active,,,Sales,Director of Sales,Director,Full-Time,"Regional Office - Denver, CO",E10137,178150,,4,3.9,,6/22/2026
E10303,Fernanda,Harris,fernanda.harris@brightleaf-retail.example,(623) 555-0105,FEMALE,2/9/1985,Tolleson,AZ,85353,1/13/2020,,Active,,,Store Operations,store manager,Manager,full time,store 3 - mesa,E10063,"$89,700.00 ",25-Aug-22,5,3.9,Master's Degree,6/3/2026
E10304,Lauren,Figueroa,lauren.figueroa@brightleaf-retail.example,303-555-0196,FEMALE,4-Jul-87,Denver,CO,80232,18-Jan-20,9/23/2022,Terminated,Involuntary ,N/A,Store Operations,Sales Floor Associate,Entry,Full-Time,"Store 019 - Denver, CO",E10096,35300,,2,2.5,High School,2-Oct-22
E10305,Nicholas,Ramirez,nicholas.ramirez@brightleaf-retail.example,623-555-0168,MALE,6/21/1982,Phoenix,AZ,85013,1/20/2020,10/22/2021,Terminated,voluntary,,Store Operations,Cashier,E,Full-Time,"Store 007 - Gilbert, AZ",E10055,"$32,400.00 ",,4,2.8,High School,11/10/2021
E10306,Christopher,Pena,,618-555-0126,Undisclosed,11/23/1986,Rio Rancho,NM,87133,1/20/2020,,active,,,Information Technology,Sr. Software Eng.,Sr.,full time,Remote,E10143,"$137,300 ",,3,3.3,BA,7/3/2026
e10307,Janice,Walker,janice.walker@brightleaf-retail.example,972.555.0155,Fem,6/17/1995,Irving,TX,75040,1/24/2020,9/6/2020,Term,Involuntary,Attendance,Sales,Sales Operations Analyst,Mid,Full-Time,"Regional Office - Dallas, TX",E10114,69650,,1,,,9/29/2020
E10308,Khalid,Alexander,khalid.alexander@brightleaf-retail.example,(720) 555-0156,Male,7/18/1983,Aurora,Colorado,80013,1/29/2020,5/18/2021,Terminated,Voluntary,N/A,supply chain & logistics,Forklift Operator,entry,Full-Time,Aurora DC,E10239,37000,,1,4.4,Associate's Degree,5/22/2021
E10309,Mark,Kelly,mark.kelly@brightleaf-retail.example,6235550109,M,25-Jun-93,Glendale,AZ,85301,3-Feb-20,17-Nov-23,Terminated,Involuntary,Performance,store operations,Sales Floor Associate,Entry,Part-time,"Store 005 - Glendale, AZ",E10186,"21,800",,1,2.8,High School,21-Nov-23
E10310,Hannah,Glover,hannah.glover@brightleaf-retail.example,4075550170,Female,10/29/1973,Peoria,AZ,85353,2/10/2020,,Active,,,Technology,Director of IT,Dir,Full-Time,"HQ - Phoenix, AZ",E10004,"175,600",,3,3.5,Bachelor's Degree,2/16/2026
E10311,Latoya,Thornton,latoya.thornton@brightleaf-retail.example,323-555-0101,Female,11/16/1985,Phoenix,AZ,85016,2/10/2020,12/17/2020,Terminated,Voluntary,Other job,Information Technology,Data Analyst,Intermediate,Full-Time,hq phoenix,,69300,,4,3.5,Bachelor's Degree,1/3/2021
E10312,Samuel,Lindberg,samuel.lindberg@brightleaf-retail.example,210-555-0109,Male,8/21/1987,Aurora,CO,80018,2/11/2020,,On Leave,,,Sales,Senior Account Executive,Senior,Full-Time,"Regional Office - Denver, CO",E10136,110800,,5,4.6,Bachelor's Degree,7/11/2026
E10313,Dylan,Clarke,dylan.clarke@brightleaf-retail.example,469-555-0161,Male,8/31/1988,Dallas,TX,75253,2/29/2020,8/19/2020,Terminated,Voluntary,Other job,Supply Chain & Logistics,Inventory Control Specialist,Mid Level,Full-Time,"DC - Fort Worth, TX",E10273,"51,450 USD",,,,High School,8/24/2020
E10314,Ana,Alvarez,ana.alvarez@brightleaf-retail.example,623-555-0197,female,10/6/1992,Phoenix,AZ,85050,3/2/2020,12/29/2023,Separated,Voluntary,,Customer Support,Customer Service Representative,Entry,Part-Time,"HQ - Phoenix, AZ",E10021,23200,,2,,High School,1/4/2024
E10315,Javier,Burke,javier.burke@brightleaf-retail.example,(602) 555-0185,Male,11/18/1993,Chandler,AZ,85224,3/9/2020,,Actv,,,Merchandising,Buyer,Mid,Full-Time,"HQ - Phoenix, AZ",E10058,"$80,600 ",,Meets,4.1,High School,7/29/2026
E10316,Orlando,Yamamoto ,orlando.yamamoto@brightleaf-retail.example,616.555.0137,M,3/28/1988,Murray,UT,84120,3/12/2020,,Active,,,Sales Dept,Senior Account Executive,Senior,Full-Time,REMOTE,E10138,115850,,1,4,PhD,9/13/2026
E10317,Dmitri,Wang,dmitri.wang@brightleaf-retail.example,+1 303 555 0170,Male,11/15/1986,Littleton,CO,80120,3/19/2020,,Actv,,,Sales,Senior Account Executive,Senior,Full-Time,Remote,E10138,"102,350",,4,4.6,Associate's Degree,6/4/2026
E10318,Avery,Adams,avery.adams@brightleaf-retail.example,(972) 555-0181,Female,12/22/1992,Plano,TX,75081,3/22/2020,4/14/2023,terminated,Involuntary,Attendance,Store Operations,Sales Floor Associate,Entry,Full-time,"Store 014 - Plano, TX",E10200,"$32,750.00 ",,2,3,,4/15/2023
E10319,Terrance,Richardson,terrance.richardson@brightleaf-retail.example,512-555-0126,Male,8/26/1989,SCOTTSDALE,AZ,85258,3/23/2020,8/6/2021,Terminated,Involuntary,Layoff,Human Resources,Payroll Specialist,Intermediate,Full-Time,"HQ - Phoenix, AZ",E10039,53.9K,,3,3.5,,8/24/2021
E10320,Jacob,Marshall,jacob.marshall@mailhub.example,518-555-0112,Male,11/10/1985,Surprise,AZ,85380,3/30/2020,9/16/2022,Terminated,Involuntary,Poor Performance,Customer Svc,Senior Customer Service Representative,Mid,Full-Time,hq phoenix,E10237,44950,3/2/2022,2,1.8,High School,10/7/2022
E10321,Astrid,Davis,astrid.davis@brightleaf-retail.example,603.555.0143,Female,8/2/1989,Salt Lake City,UT,84113,4/7/2020,,Active,,,Marketing Dept,Marketing Coordinator,Entry,Full-Time,REMOTE,E10274,51850,,4,NA,Bachelor's Degree,3/31/2026
E10322,Malik,Talley,malik.talley@brightleaf-retail.example,+1 480 555 0109,Male,8/24/1987,Avondale,AZ,85381,4/13/2020,,Active,,,Human Resources,HR Business Partner,Senior,Full Time,"HQ - Phoenix, AZ",NULL,87400,,3,5,Master's Degree,3/26/2026
E10323,Esperanza,novak,esperanza.novak@brightleaf-retail.example,+1 917 555 0151,,18-Nov-84,Arvada,CO,80003,4/16/2020,,active,,,Merchandising Dept,Senior Buyer,,Full-Time,"Regional Office - Denver, CO",E10104,"99,700",,4,4.3,Bachelor's Degree,9/2/2026
E10324,Dylan,Jimenez,dylan.jimenez@brightleaf-retail.example,,Male,4/18/1985,Tampa,FL,33628,4/16/2020,,A,,,Product Development,UX Designer,mid,Part-Time,Remote,E10245,59050,,4,3.4,High School,2/25/2026
E10325,Sienna,Delgado,sienna.delgado@brightleaf-retail.example,480 555 0134,Female,8/30/1971,Phoenix,AZ,85022,4/27/2020,,Actv,,,marketing,Director of Marketing,Director,Full-Time,Headquarters,E10023,"151,650",,2,4,Master's Degree,5/17/2026
E10326,Hannah,Cooper,hannah.cooper@brightleaf-retail.example,732-555-0170,Female,9/15/2000,Salt Lake City,UT,84101,5/11/2020,1/13/2023,terminated,Voluntary,Management/Culture,Store Operations,Stock Associate,Entry-level,Part-time,"Store 023 - Salt Lake City, UT",E10055,22900,,2,2.7,High School,1/16/2023
E10327,Marvin,Davis,marvin.davis@brightleaf-retail.example,(303) 555-0153,Male,17-Jun-95,Denver,CO,80230,11-May-20,23-Jul-21,Terminated,Vol,N/A,Supply Chain & Logistics,Inventory Control Specialist,Mid,Full-time,DC Aurora,E10279,46800,,3,3.6,High School,25-Jul-21
E10328,Sven,Douglas,sven.douglas@brightleaf-retail.example,(678) 555-0112,male,4/19/1992,Denver,CO,80218,5/11/2020,,Active,,,Information Technology,Software Engineer,Mid,Full-Time,Remote,E10032,108800,,2,3.7,Bachelors,9/15/2026
E10329,Minjun,James,,(480) 555-0193,Male,11/16/1994,Tolleson,AZ,85353,5/16/2020,11/5/2021,Terminated,Voluntary,WLB,supply chain & logistics,Warehouse Associate,Entry,FT,"DC - Tolleson, AZ",E10252,"$36,200 ",,3,3.8,Master's Degree,11/12/2021
E10330,Elizabeth,Snyder,elizabeth.snyder@brightleaf-retail.example,(217) 555-0174,Female,8/30/1984,Phoenix,Arizona,85004,5/18/2020,,Actv,,,Finance,Senior Accountant,Senior,Full-Time,"HQ - Phoenix, AZ",E10156,0,10/3/2024,3,2.6,Bachelor's Degree,3/26/2026
E10331,Diana,Adams,diana.adams@brightleaf-retail.example,(623) 555-0103,Fem,4/5/1984,Scottsdale,AZ,85255,6/8/2020,,Active,,,Sales,Senior Account Executive,Senior,Full-Time,hq phoenix,E10136,115300,6/17/2025,3,3.2,B.S.,8/17/2026
E10332,Kelly,Russell,kelly.russell@brightleaf-retail.example,720 555 0164,FEMALE,16-Oct-85,Aurora,CO,80017,8-Jun-20,1-Mar-24,Terminated,,Other job,Customer Service,Customer Service Representative,Entry-level,P/T,"Regional Office - Denver, CO",E10320,"$24,050 ",,Meets,3.9,HS,6-Mar-24
E10333,Andrew,Lopez,andrew.lopez@brightleaf-retail.example,303-555-0185,Male,1/18/1986,Arvada,CO,,6/15/2020,7/13/2021,Terminated,Voluntary,,Store Operations,Sales Floor Associate,Entry,Part-Time,"Store 021 - Lakewood, CO",E10200,17.2K,,4,3.7,Bachelor's Degree,24-Jul-21
E10334,Carlos,Nelson,carlos.nelson@brightleaf-retail.example,602-555-0144,Male,8/4/2001,Peoria,AZ,85366-5507,6/22/2020,4/3/2022,Terminated,Involuntary,Perf,Store Operations,Cashier,Entry,FT,STORE 002,E10042,"31,450",,2,2.3,Associate's Degree,4/24/2022
E10335,Erin,Terry,erin.terry@brightleaf-retail.example,781.555.0148,Fem,9/30/1992,Scottsdale,AZ,85256,6/23/2020,,Active,,,Customer Service,Customer Service Manager,Mgmt,Full-Time,"HQ - Phoenix, AZ",E10059,86650,,Exceeds,3.2,Bachelor's Degree,3/1/2026
E10336,Dustin,Lambert,dustin.lambert@brightleaf-retail.example,(843) 555-0160,Male,16-Dec-01,Fort Worth,TX,76163,29-Jun-20,,Active,,,Supply Chain & Logistics,Warehouse Associate,N/A,Full-Time,Distribution Center Fort Worth,E10252,37700,,3,3.8,Bachelors,4-Jul-26
E10337,Steven,Robbins ,steven.robbins@brightleaf-retail.example,814-555-0101,Male,1/22/1989,Phoenix,az,85047,6-Jul-20,,Active,,,merchandising,Senior Buyer,senior,Full-Time,"HQ - Phoenix, AZ",E10104,"97,150 USD",8/27/2024,1,4.7,Bachelor's,11/15/2025
E10338,Carolina,Parker,carolina.parker@brightleaf-retail.example,(801) 555-0184,Female,1/2/1987,Murray,UT,84114,7/6/2020,,On Leave,,,Finance,Staff Accountant,Mid,Full-Time,Remote,E-10299,64450,,3,3.5,Bachelors,4/17/2026
E10339,Sharon,Walker,sharon.walker@brightleaf-retail.example,3035550164,Female,5/14/1991,Aurora,CO,80017,7/6/2020,10/29/2025,Terminated,Voluntary,Return to School,Store Operations,Department Supervisor,Mid,Full-Time,"Store 020 - Aurora, CO",E10182,"$42,000.00 ",,2,4,Bachelor's Degree,11/23/2025
E10340,Mei,Cooper,mei.cooper@mailhub.example,3215550110,Female,6/15/1990,Dallas,TX,75239-4311,7/20/2020,,Active,,,Store Operations,Department Supervisor,,Full-Time,"Store 013 - Dallas, TX",E10220,4655000,4/26/2022,3,3.4,GED,7/30/2026
E10341,Jorge,Murphy,jorge.murphy@brightleaf-retail.example,415 555 0170,Male,9/23/1989,Tempe,AZ,85284,7/27/2020,,ACTIVE,,,Information Technology,Systems Administrator,Mid Level,Full-Time,"HQ - Phoenix, AZ",E10178,86000,,4,3.9,Bachelor's,7/15/2026
E10342,Cody,Young,cody.young@brightleaf-retail.example,512-555-0139,Male,6-Feb-81,Round Rock,TX,78680,29-Jul-20,,Active,,,Sales,Account Executive,Mid,Full-Time,Remote - US,E10247,"$71,100 ",,4,4.8,B.S.,4-Sep-26
E10343,Anthony,Graham,anthony.graham@mailhub.example,602-555-0142,Male,2/11/1993,Phoenix,AZ,85030,8/3/2020,12/22/2022,Terminated,voluntary,Compensation,Store Operations,Sales Floor Associate,Entry,Full-Time,"Store 005 - Glendale, AZ",E10340,"32,800",,4,3.4,Associate's Degree,12/27/2022
E10344,Nicole,Henderson,nicole.henderson@brightleaf-retail.example,406-555-0157,Female,8/6/1984,Glendale,AZ,85310,8/3/2020,,Active,,,Human Resources,HR Business Partner,Sr.,Full-Time,hq phoenix,E10129,"$100,250 ",,3,3.9,BA,4/12/2026
E10345,Frances,Matthews,frances.matthews@brightleaf-retail.example,518-555-0143,Female,8/17/1991,Irving,TX,75054-3654,8/3/2020,11/5/2021,Terminated,Voluntary,Higher Pay,Supply Chain,Warehouse Associate,Entry,Part-time,"DC - Fort Worth, TX",E10313,21850,,Exceeds,3.6,bachelors degree,11/28/2021
E10346,Grace,Shaw,grace.shaw@brightleaf-retail.example,505.555.0173,Female,2/8/1980,Albuquerque,NM,87106,8/3/2020,,Active,,,,Assistant Store Manager,Senior,Full-Time,"Store 022 - Albuquerque, NM",E10297,62050,,3,3,,1/8/2026
E10347,Hung,Robinson,hung.robinson@brightleaf-retail.example,480-555-0101,MALE,9/4/1992,Tempe,AZ,85288,8/7/2020,,Active,,,Sales,Senior Account Executive,Senior,Full-Time,"HQ - Phoenix, AZ",E10109,105200,,4,4.3,Doctorate,7/10/2026
E10348,Christian,Bradley,christian.bradley@brightleaf-retail.example,,Male,7/24/2003,Tucson,AZ,85714,8/10/2020,6/25/2021,terminated,Voluntary,Better Opportunity,Store Operations,Sales Floor Associate,Entry,Full-Time,"Store 009 - Tucson, AZ",E10339,34750,,3,2.4,AA,7/12/2021
E10349,Gary,Goodwin,gary.goodwin@brightleaf-retail.example,623-555-0154,Male,11/4/1997,Chandler,AZ,85241,8/10/2020,7/1/2024,Terminated,INVOLUNTARY,,Sales,Account Executive,Mid,Full-Time,HQ,E10251,"$79,350.00 ",10/3/2023,Needs Improvement,4,Bachelor's Degree,7/26/2024
E10350,Alejandra,Rasmussen,alejandra.rasmussen@brightleaf-retail.example,214-555-0191,Female,3/5/1985,Irving,TX,75040,8/17/2020,,Active,,,Information Technology,Software Engineer,Intermediate,FT,"Regional Office - Dallas, TX",E10306,110800,11/2/2023,4,4,Master's Degree,6/8/2026
E10351,Juan,Carr,juan.carr@brightleaf-retail.example,940-555-0154,Male,5/21/1988,Albuquerque,NM,87104,8/17/2020,1/7/2020,Terminated,Involuntary,Performance,Store Operations ,Store Mgr,Manager,Full-Time,"Store 022 - Albuquerque, NM",E10054,"$83,550 ",12/26/2021,2,3.3,Bachelor's Degree,5/9/2022
E10352,nancy,McKinney,nancy.mckinney@brightleaf-retail.example,504-555-0183,Female,11/10/1997,Albuquerque,NM,87113,8/23/2020,,Active,,,Store Operations ,Department Supervisor,Mid,Full-Time,"Store 022 - Albuquerque, NM",E10097,"42,300",,4,,High School,5/4/2026
E10353,Steven,Dean,steven.dean@brightleaf-retail.example,+1 305 555 0103,Male,9/16/1983,Avondale,AZ,85329,24-Aug-20,,Active,,,Customer Service,Senior Customer Service Representative,Mid,Full-Time,Corporate - Phoenix,E10087,50700,1/9/2026,5,3.1,High School,12-Aug-26
E10354,Tara,Hill,tara.hill@brightleaf-retail.example,(303) 555-0173,Female,4/26/1999,Lakewood,CO,80228,9/21/2020,12/10/2021,Terminated,Voluntary,Relocation,Finance,Accounts Payable Clerk,Entry,full time,"Regional Office - Denver, CO",E10089,43500,,4,2.9,,12/15/2021
E10355,Logan,DeLeon,,(303) 555-0186,Male,2/22/1987,Thornton,CO,80249,9/21/2020,,Active,,,Sales,Senior Account Executive,Sr.,Full-Time,"Regional Office - Denver, CO",E10138,101600,,5,4.6,Bachelor's Degree,9/17/2025
E10356,Albert,Martinez,albert.martinez@brightleaf-retail.example,858.555.0162,Male,9/30/1987,Phoenix,AZ,85007,9/28/2020,,A,,,Marketing,Brand Manager,Mgr,Full-Time,Phoenix HQ,,112150,12/21/2022,3,3.5,Master's Degree,7/17/2026
E10357,Camila,Rice,,,Female,5/12/1989,Tempe,AZ,85283,9/30/2020,,ACTIVE,,,Stores,Sales Floor Associate,Entry,F/T,"Store 002 - Tempe, AZ",E10340,"$34,700.00 ",,Meets,3.8,,9/6/2026
E10358,Eric,Curtis,eric.curtis@brightleaf-retail.example,(623) 555-0137,M,5/14/1997,Scottsdale,Ariz.,85260,10/5/2020,,Active,,,Information Technology,IT Support Technician,Entry,Full-Time,"HQ - Phoenix, AZ",E19231,49900,,3,5,Bachelor's Degree,7/27/2026
E10359,Marisol,Boyd,marisol.boyd@brightleaf-retail.example,(480) 555-0173,Female,3/19/2002,Phoenix,AZ,85010,10/5/2020,1/21/2021,Terminated,,End of Season,Customer Support,Customer Service Representative,entry,Seasonal,"HQ - Phoenix, AZ",E10320,18400,,,NA,Associate's Degree,2/5/2021
E10360,HUNG,Chang,hung.chang@brightleaf-retail.example,623 555 0113,Male,9/28/1962,Phoenix,AZ,85008,10/10/2020,1/26/2021,Terminated,Involuntary,End of Season,Supply Chain,Warehouse Associate,Entry,Seasonal,hq phoenix,E10327,"13,300 USD",,N/A,,High School,2/15/2021
E10361,Keiko,Green,keiko.green@brightleaf-retail.example,602-555-0147,Female,27-Nov-89,Tempe,Arizona,85287,12-Oct-20,29-May-26,Terminated,Vol,,Customer Service,Customer Service Rep,Entry,Part-Time,"HQ - Phoenix, AZ",E10353,"$22,750 ",,4,3,high school,5-Jun-26
E10362,Carolyn ,Shelton,carolyn.shelton@brightleaf-retail.example,614.555.0133,Female,11/4/1993,Columbus,Ohio,43219,12-Oct-20,,Active,,,Merchandising,Merchandising Assistant,Entry,Full-Time,Remote,E10260,48000,,Meets,3.4,High School,8/27/2026
E10363,Wendy,Cunningham,wendy.cunningham@brightleaf-retail.example,6025550177,Female,25-Feb-78,Mesa,AZ,85207,10/22/2020,2/20/2021,Terminated,Involuntary,End of Season,Supply Chain and Logistics,Warehouse Associate,Entry Level,Seasonal,"DC - Tolleson, AZ",E-10252,"13,850",,,,High School,7-Mar-21
E10364,Nancy,Gregory,nancy.gregory@brightleaf-retail.example,,Female,3/28/1992,Surprise,AZ,85388,10/25/2020,,Active,,,Supply Chain & Logistics,inventory control specialist,Intermediate,full time,DC Tolleson,E10279,"$51,550 ",,3,3.8,Master's Degree,6/4/2026
E10365,NADIA,Barker,nadia.barker@brightleaf-retail.example,623-555-0141,Female,3/25/1991,Phoenix,AZ,85036,10/27/2020,2/9/2021,Terminated,,,Customer Service,Customer Service Representative,Entry,Seasonal,Corporate - Phoenix,E10320,"15,850",,,,Associate's Degree,2/23/2021
E10366,Peter ,Fuentes,peter.fuentes@brightleaf-retail.example,469 555 0139,male,6/7/1987,Grand Prairie,TX,75051,10/31/2020,,Active,,,Store Operations,Store Manager,Manager,F/T,Arlington Store (016),E10063,75550,10/30/2023,3,3.2,Bachelor's Degree,7/6/2026
E10367,Samantha,Hunter,samantha.hunter@brightleaf-retail.example,914-555-0160,N/A,8/1/1987,Phoenix,Arizona,85018,11/2/2020,,Active,,,STORE OPERATIONS,Stock Associate,Entry,Full-Time,Store #24 Phoenix,E10340,"32,950",,4,3.9,Associate's Degree,3/4/2026
E10368,Amber,Cummings,amber.cummings@brightleaf-retail.example,(908) 555-0171,Female,1/27/1993,Phoenix,AZ,85051,11/7/2020,,ACTIVE,,,FINANCE,Accounts Payable Clerk,Entry,Full-Time,hq phoenix,E10293,"46,500",,3,3.4,Bachelor's Degree,3/22/2026
E10369,Ryan,Jones,ryan.jones@brightleaf-retail.example,(702) 555-0193,Male,12/27/1990,North Las Vegas,NV,89036,11/9/2020,10-Feb-23,Terminated,Voluntary,better opportunity,Finance,Staff Accountant,Mid,Full-Time,Remote,E10299,"67,600",,3,2.6,GED,3/1/2023
E10370,Nicholas,Daniel,nicholas.daniel@brightleaf-retail.example,720-555-0154,Male,3/12/1992,Denver,CO,80236,11/9/2020,,On Leave,,,Finance,Staff Accountant,Intermediate,Full-Time,"Regional Office - Denver, CO",E-10299,"$65,250 ",,3,2.6,Bachelor's Degree,10/27/2025
E10371,Maureen,Benson,maureen.benson@brightleaf-retail.example,8175550127,female,12/12/2001,Plano,TX,75024,11/10/2020,1/10/2021,Terminated,Involuntary,N/A,Supply Chain & Logistics,Warehouse Associate,Entry,Seasonal,"DC - Fort Worth, TX",E10364,13600,,,,High School,1/17/2021
E10372,Brandon,Hurley,brandon.hurley@brightleaf-retail.example,(269) 555-0105,Male,10/24/1985,Scottsdale,AZ,85255,11/19/2020,,Active,,,Merchandising,Buyer,mid,Full-Time,"HQ - Phoenix, AZ",E10197,"$69,050.00 ",,4,3.8,Masters,3/9/2026
E10373,Noelle,Brown,noelle.brown@brightleaf-retail.example,480-555-0155,Female,12/20/1992,Mesa,AZ,85202,11/23/2020,12/2/2022,Terminated,Voluntary,Workload,Supply Chain & Logistics,Warehouse Associate,Entry,F/T,"DC - Tolleson, AZ",E10364,36500,,4,3.5,High School,12/9/2022
E10374,Joseph,Vega,joseph.vega@brightleaf-retail.example,573-555-0131,Male,7/28/1987,Peoria,Ariz.,85350,11/27/2020,,A,,,Human Resources,HR Manager,Manager,Full-Time,"HQ - Phoenix, AZ",E10144,"108,150",,4,3.1,Bachelor's Degree,3/12/2026
E10375,Khalid,Lim,khalid.lim@brightleaf-retail.example,406-555-0169,Male,10-Oct-88,Phoenix,AZ,85038,30-Nov-20,2-Aug-22,Terminated,Voluntary,Relocation,Customer Service,Senior Customer Service Representative,Mid,F/T,"HQ - Phoenix, AZ",e10128,"49,150",,3,2.9,Bachelor's Degree,23-Aug-22
E10376,Shannon,Moran,shannon.moran@brightleaf-retail.example,(702) 555-0162,Female,10/25/1995,Glendale,AZ,85309,12/7/2020,,Active,,,supply chain & logistics,Warehouse Associate,Entry,FT,dc - tolleson,E10364,37000,,3,3.7,high school,7/14/2026
E10377,Anton,Cabrera,anton.cabrera@brightleaf-retail.example,(623) 555-0129,Male,12/30/1992,Mesa,Ariz.,85211,12/7/2020,,Active,,,Store Operations,Cashier,,Full-Time,"Store 024 - Phoenix, AZ",,"$32,350 ",,3,3.6,Associate's Degree,8/10/2026
E10378,Ethan,Jarvis,ethan.jarvis@brightleaf-retail.example,305-555-0166,Male,4/13/2002,Tolleson,AZ,85353,12/17/2020,,active,,,Customer Service,Customer Service Representative,Entry,Full-Time,"HQ - Phoenix, AZ",E10353,"$37,450 ",,3,3.7,Bachelor's Degree,7/23/2026
E10379,Amit,Franco,amit.franco@brightleaf-retail.example,602-555-0120,Male,2/22/1996,Goodyear,AZ,85379,12/21/2020,12/8/2023,Terminated,Invol,,sales,Sales Development Representative,Entry,Full-Time,"HQ - Phoenix, AZ",E10131,51150,,1,3.2,Bachelor's Degree,12/17/2023
E10380,Megan,Stewart,megan.stewart@brightleaf-retail.example,334.555.0143,Female,28-Apr-98,Scottsdale,AZ,85259,21-Dec-20,17-Sep-21,terminated,involuntary,Restructuring,Marketing,Digital Marketing Specialist,Mid,Full-Time,Corporate - Phoenix,E10356,"65,200",,4,,Bachelor's Degree,21-Sep-21
E10381,Erin,Jarvis,erin.jarvis@brightleaf-retail.example,903-555-0199,Fem,9/21/1995,Littleton,CO,80122,12/21/2020,,Active,,,Product Development,UX Designer ,Mid,Full-Time,"Regional Office - Denver, CO",E10245,96600,,4,3.8,M.S.,3/17/2026
E10382,kelly,Richardson,kelly.richardson@brightleaf-retail.example,3375550180,Female,11/17/1990,Salt Lake City,UT,84113,12/26/2020,,Active,,,store operations,Department Supervisor,mid,Full-Time,"Store 023 - Salt Lake City, UT",E10346,43350,,3,3.3,Bachelor's Degree,2/26/2026
E10383,Kenneth,Schneider,kenneth.schneider@brightleaf-retail.example,(925) 555-0186,Male,1/28/1992,Denver,CO,80224,12/28/2020,,Active,,,merchandising,category manager,Manager,Full-Time,"Regional Office - Denver, CO",E10100,"$117,050 ",,Meets,3.6,BA,6/8/2026
E10384,Maria,Abbott,maria.abbott@mailhub.example,(315) 555-0138,Female,21-Oct-96,Surprise,AZ,85376,25-Jan-21,,Active,,,Customer Service,Customer Service Representative,Entry,Part-Time,"HQ - Phoenix, AZ",E10353,21450,,Outstanding,3.9,High School,30-Jun-26
E10385,Valentina,Castillo,valentina.castillo@brightleaf-retail.example,+1 775 555 0106,Female,12/11/1986,Dallas,TX,75239,1-Feb-21,1/27/2023,Terminated,Involuntary,,Sales,Senior Account Executive,Senior,Full-Time,"Regional Office - Dallas, TX",E10136,104150,,Needs Improvement,2.5,Bachelor's Degree,2/2/2023
E10386,Gloria,Boone,gloria.boone@brightleaf-retail.example,(775) 555-0110,Female,8/27/1989,Albuquerque,NM,87114,2/6/2021,,Active,,,Store Operations,Assistant Store Manager,Senior,Full-Time,"Store 022 - Albuquerque, NM",E-10116,"60,550",,4,4.4,bachelors degree,4/17/2026
E10387,Vincent,Sutton,vincent.sutton@brightleaf-retail.example,303-555-0152,Male,5/4/1989,Littleton,CO,80124,2/15/2021,,Active,,,Sales,Account Executive,Mid,Full-Time,REMOTE,E19439,"$90,500 ",,3,3.5,Master's Degree,10/18/2025
E10388,Gabriela,Rogers,gabriela.rogers@brightleaf-retail.example,(702) 555-0189,Female,16-May-89,North Las Vegas,NV,89034,16-Feb-21,9-Jun-23,Terminated,Voluntary ,Better Opportunity,,Department Supervisor,Mid,Full-Time,STORE 026,E10248,"$45,800.00 ",6-Feb-23,3,3.1,Bachelor's Degree,26-Jun-23
E10389,Ryan,Webster,ryan.webster@brightleaf-retail.example,6025550133,Prefer not to say,4/30/1995,Phoenix,AZ,85012,2/22/2021,,Active,,,Product Development,Assoc. Product Manager,Entry,Full-Time,"HQ - Phoenix, AZ",E10190,80350,,3,3.8,,1/28/2026
TEST01,Sample,User,sample.user@brightleaf-retail.example,,,,,,,1/1/2021,,active,,,IT,Sample Position,,,,,$1 ,,,,,1/1/2021
E10390,Sandra,Brown,sandra.brown@brightleaf-retail.example,6235550191,Female,8/26/1986,Phoenix,AZ,85005,2/23/2021,9/23/2022,Inactive,Involuntary,policy violation,Customer Service,Customer Service Representative,Entry,PT,"HQ - Phoenix, AZ",E10320,"27,800 USD",,3,4.8,Associate's Degree,10/3/2022
E10391,Khalid,Walker,khalid.walker@brightleaf-retail.example,602-555-0143,male,5-Nov-92,Phoenix,AZ,85019,3/1/2021,2/12/2025,Active,,,Sales,Account Executive,Mid,Full-Time,"HQ - Phoenix, AZ",E-10312,"$72,000 ",,3,3.2,Master's Degree,8/12/2026
E10392,Trevor,Hernandez,trevor.hernandez@brightleaf-retail.example,301-555-0195,Male,9/24/1997,Minneapolis,MN,55402,3/1/2021,,Active,,,information technology,IT Support Technician,Entry,Full-Time,Remote,E10082,"$53,650 ",,3,3.6,Bachelor's Degree,4/2/2026
E10393,Yusuf,Patterson,yusuf.patterson@brightleaf-retail.example,,,3/6/1999,Avondale,AZ,85365,3/4/2021,11/19/2021,Terminated,Voluntary,Return to School,Store Operations,Cashier,Jr,F/T,"Store 024 - Phoenix, AZ",,31150,,4,,Associate's Degree,11/24/2021
E10394,Minjun,Vaughn,minjun.vaughn@brightleaf-retail.example,334-555-0169,M,8/20/1990,Tucson,AZ,85727,3/8/2021,,Active,,,Store Operations,Cashier,Entry,Part-Time,Store #9 Tucson,E10382,"18,950",,3,2.7,Master's Degree,5/29/2026
E10395,Charles,Graves,,814-555-0174,Male,10/31/1992,Phoenix,AZ,85050,3/15/2021,,Active,,,Sales,Senior Account Executive,Senior,F/T,"HQ - Phoenix, AZ",E-10109,"99,750 USD",,1,3.1,Master's Degree,2/2/2026
E10396,Kristen,Day,kristen.day@brightleaf-retail.example,(214) 555-0185,Female,11/30/1994,arlington,TX,76013,3/15/2021,9/30/2020,Inactive,VOLUNTARY,Management/Culture,Store Operations,Sales Floor Associate,Entry-level,Part-Time,"Store 016 - Arlington, TX",E10352,"$22,600 ",,3,2.3,Bachelor's Degree,2/12/2022
E10397,Arthur,THOMAS,arthur.thomas@brightleaf-retail.example,(406) 555-0174,Male,23-Aug-96,Lakewood,CO,80235,22-Mar-21,,A,,,Supply Chain,Logistics Coordinator,,Full-Time,"DC - Aurora, CO",E10273,55900,,3,1.4,,17-Jun-26
E10398,Amber,Neal,amber.neal@mailhub.example,+1 702 555 0191,Female,14-Apr-93,Henderson,NV,89033,29-Mar-21,,on leave,,,Store Operations,Sales Floor Associate,N/A,Full-Time,"Store 026 - Las Vegas, NV",E10352,"34,850 USD",,4,4,,4-Aug-26
E10399,Bradley,Davis,bradley.davis@brightleaf-retail.example,6145550158,Male,7/6/1983,Surprise,AZ,85381-8317,4/2/2021,,Active,,,Sales,Regional Sales Manager,Manager,F/T,"HQ - Phoenix, AZ",E10302,124000,12/17/2022,3,,BA,5/5/2026
E10400,Vikram,Garner,vikram.garner@brightleaf-retail.example,602.555.0138,Male,8/23/1995,Tolleson,Ariz.,85353,4/5/2021,,Active,,,Supply Chain & Logistics,Logistics Coordinator,Mid,Full-Time,"DC - Tolleson, AZ",E-10273,"56,800",,3,,Bachelor's,3/6/2026
E10401, Evelyn,Cummings,evelyn.cummings@brightleaf-retail.example,+1 512 555 0151,Fem,10/31/1991,Round Rock,TX,78666,4/5/2021,,Active,,,Store Operations,Sales Floor Associate,Entry,Part-Time,Store #18 Round Rock,E-10352,21650,,4,3.6,,9/2/2026
E10402,Ryan,ALLEN,ryan.allen@brightleaf-retail.example,(480) 555-0182,Male,11/9/1971,Avondale,AZ,85326,4/7/2021,,Active,,,store operations,Stock Associate,Entry,Part-Time,"Store 008 - Peoria, AZ",E10382,22450,,5,4.3,Bachelor's Degree,4/10/2026
E10403,Patricia,Morris,patricia.morris@brightleaf-retail.example,623-555-0180,Female,12/9/1986,Glendale,AZ,85302,4/8/2021,,Active,,,Store Operations,Sales Floor Associate,Entry,Full-Time,"Store 008 - Peoria, AZ",E10382,33000,,3,2.4,,2/23/2026
E10404,Mary,Bennett,mary.bennett@brightleaf-retail.example,(480) 555-0171,-,4/4/2000,gilbert,AZ,85284,4/12/2021,8/13/2021,terminated,Voluntary,,Fin,Accounts Payable Clerk,Entry,Full-Time,hq phoenix,e10369,"$42,250 ",,,,Associate's Degree,8/14/2021
E10405,Margaret,Quinn,margaret.quinn@brightleaf-retail.example,,Female,6/15/1994,Phoenix,AZ,85008,4/26/2021,5/12/2023,Terminated,,Schedule,STORE OPERATIONS,Department Supervisor,Mid,Full-time,"Store 003 - Mesa, AZ",E10115,"$47,450 ",,3,3.3,High School,5/27/2023
E10406,Amanda,Bush,amanda.bush@brightleaf-retail.example,720.555.0125,Female,8/16/1992,Lakewood,CO,80220,5/10/2021,,Actv,,,Finance,Staff Accountant,Intermediate,Full-time,Remote,E10049,70850,,2,3.6,bachelors degree,7/26/2026
E10407,Andrea,Scott,andrea.scott@brightleaf-retail.example,520-555-0156,Female,5-Mar-04,Tucson,AZ,85734,10-May-21,,Active,,,Store Operations,Sales Floor Associate,Entry,Full-Time,"Store 009 - Tucson, AZ",E10340,"32,250",,2,2.9,Associate's Degree,27-Jul-26
E10408,Arjun,Craig,arjun.craig@mailhub.example,469.555.0145,Male,5/17/1985,Garland,TX,75043,5/31/2021,,Active,,,Merchandising,Category Manager,Manager,Full-Time,"Regional Office - Dallas, TX",E10100,"$107,950 ",,4,3.9,Bachelor's Degree,2/28/2026
E10409,Nora,RIVAS,nora.rivas@brightleaf-retail.example,+1 520 555 0161,Female,9/7/1990,Marana,AZ,85658,6/6/2021,6/23/2024,Terminated,Involuntary,Attendance,Store Operations,Department Supervisor,Mid,Full-Time,"Store 010 - Tucson, AZ",E10386,"42,400 USD",,2,2.8,Bachelor's Degree,6/27/2024
E10410,Tara,Farmer,tara.farmer@brightleaf-retail.example,(602) 555-0167,Female,3/1/1993,Phoenix,AZ,85012,6/15/2021,,Actv,,,Finance,Staff Accountant,Mid,Full-Time,"HQ - Phoenix, AZ",E10330 ,73050,,3,,Bachelor's Degree,4/7/2026
E10411,Jorge,Santos,,7165550193,Male,6/14/1994,Dallas,TX,75249,6/21/2021,,A,,,SALES,Regional Sales Manager,Manager,Full-time,"Regional Office - Dallas, TX",E10302,124850,,4,5,Master's Degree,7/28/2026
E10412 ,Kristen,Yoon,kristen.yoon@brightleaf-retail.example,,Female,27-Apr-81,Phoenix,AZ,85009,25-Jun-21,,Active,,,Merchandising,VP of Merchandising,VP,Full-Time,hq phoenix,E10095,"$202,300.00 ",,4,3.8,Bachelor's Degree,3/19/2026
E10413,Beverly,Bhatt,beverly.bhatt@brightleaf-retail.example,(928) 555-0100,Female,2/18/1996,Tucson,AZ,85720,6/28/2021,,Active,,,Store Operations,Sales Floor Associate,Entry,Part-Time,STORE 010,E10352 ,"$19,150.00 ",,3,3.2,GED,9/15/2026
E10414,Holly,Bryant,holly.bryant@brightleaf-retail.example,(214) 555-0155,Female,12/18/1997,Dallas,TX,75202,7/12/2021,,active,,,Marketing,Marketing Coordinator ,Entry,F/T,"Regional Office - Dallas, TX",E10244,49750,,3,3.8,HS,1/25/2026
E10415,Nancy,Gibson,nancy.gibson@brightleaf-retail.example,2695550100,Female,4/15/1993,Phoenix,AZ,,7/18/2021,,A,,,Information Technology,Software Engineer,Mid,Full-Time,"HQ - Phoenix, AZ",E10216,"$105,550.00 ",,3,4.1,Associate's Degree,9/6/2026
E10416,Betty,Patterson,betty.patterson@brightleaf-retail.example,(480) 555-0163,Female,5/14/1997,Phoenix,AZ,85007,7/19/2021,,Active,,,Sales,account executive,Mid,FT,"HQ - Phoenix, AZ",E10317,"75,350",,3,3.3,Bachelor's Degree,7/14/2026
E10417,Kenneth,AUSTIN,kenneth.austin@mailhub.example,224-555-0178,Male,1/31/1998,Phoenix,AZ,85018,7/19/2021,3/11/2022,Terminated,Voluntary,,Customer Service,Customer Service Representative,Entry-level,Full-time,"HQ - Phoenix, AZ",E10375,"39,450 USD",,2,,Associate's Degree,3/20/2022
E10418,Megan,Henry,megan.henry@brightleaf-retail.example,337-555-0103,Female,8/21/1983,Littleton,CO,80124,7/26/2021,8/4/2023,Terminated,Involuntary,Performance,Cust Service,Customer Service Manager,Manager,FT,"Regional Office - Denver, CO",E10059,83100,,2,3.3,Bachelor's Degree,8/14/2023
E10419,Caleb,Berry,caleb.berry@brightleaf-retail.example,+1 646 555 0191,Male,10/1/1998,Surprise,Arizona,85380,8/1/2021,,Active,,,Merchandising,Merchandising Assistant,Entry,Full-Time,"HQ - Phoenix, AZ",E10372,"44,800",,4,3.6,Associate,11/2/2025
E10420,Bradley,Peters,bradley.peters@brightleaf-retail.example,+1 817 555 0196,Male,3/25/1986,Mesquite,tx,75149,8/2/2021,,Active,,,Store Operations,Sales Floor Associate,Entry,Full-Time,"Store 013 - Dallas, TX",E10352 ,"31,950 USD",,2,3.6,GED,4/9/2026
E10421,lisa,Schultz,lisa.schultz@brightleaf-retail.example,(386) 555-0157,Female,5/9/1997,Mesa,AZ,85206,8/4/2021,,ACTIVE,,,Store Operations,Sales Floor Associate,Entry,Part Time,Mesa Store (025),E10340,"22,300 USD",,4,3.7,Associate's Degree,16-Dec-25
E10422,Madison,Evans,,(518) 555-0110,Fem,1/5/1993,Phoenix,AZ,,8/6/2021,,Active,,,Human Resources,HR COORDINATOR,Entry,full time,Remote,E11195,"45,350",,3,3.7,Associate's Degree,8/24/2026
E10423,Dmitri,Sato,dmitri.sato@brightleaf-retail.example,972-555-0172,Male,3/1/1980,Avondale,AZ,85349,8/16/2021,5/27/2022,Terminated,voluntary,Career Change,Store Operations,Cashier,Entry,Part-time,"Store 025 - Mesa, AZ", E10405,"21,500",,3,4.1,GED,5/29/2022
E10424,Jerry,Terry,jerry.terry@brightleaf-retail.example,(602) 555-0129,Male,11/25/1998,Surprise,AZ,85379,8/17/2021,,Active,,,Customer Service,Customer Service Representative,Entry,Part-Time,"HQ - Phoenix, AZ",E10353,"$22,700 ",,3,4.1,Associate's Degree,7/26/2026
E10425,Vincent,Vaughn,vincent.vaughn@brightleaf-retail.example,8175550101,NULL,11/26/2004,Dallas,TX,75213,8/23/2021,,Active,,,Store Operations,Cashier,Entry Level,Part-Time,"Store 013 - Dallas, TX",E10352,"15,400",,5,3.6,MBA,3/16/2026
E10426,KHALID,price,khalid.price@brightleaf-retail.example,720.555.0108,Male,5/23/1989,Denver,co,80217,8/30/2021,5/27/2022,Terminated,Voluntary,Work-Life Balance,Store Operations,Cashier,Entry,Full-Time,Denver Store (019),E10388,"32,750 USD",,3,,GED,6/1/2022
E10427,sara,Richardson,sara.richardson@brightleaf-retail.example,6195550176,Female,6/9/2000,Tolleson,AZ,85353,8/30/2021,,A,,,Merchandising,Merchandising Assistant,Entry,Full-Time,"HQ - Phoenix, AZ",E10246,43100,,3,3.7,Bachelor's Degree,3/27/2026
E10428,Elena,Johnson,elena.johnson@brightleaf-retail.example,,Female,10/31/1989,Garland,Texas,75044,9/2/2021,,Active,,,Product Development,Associate Product Manager,Entry,Full-Time,"Regional Office - Dallas, TX",E10031,"80,600",,3,4.6,B.S.,7/20/2026
E10429,Julian,Gomez,julian.gomez@brightleaf-retail.example,9285550138,Male,29-Jun-04,Mesa,AZ,85204,4-Sep-21,1-Sep-23,Terminated,Involuntary,,Store Ops,Sales Floor Associate,entry,Full-Time,"Store 024 - Phoenix, AZ",E10339,"$33,550 ",,3,3.4,BA,4-Sep-23
E10430,Raul,Wolf,,(910) 555-0107,Male,6-Apr-92,Lakewood,CO,80224,9/6/2021,5/6/2022,Term,Voluntary,better opportunity,Store Operations,CASHIER,,Full-time,"Store 021 - Lakewood, CO",E10409,31100,,5,,Bachelor's Degree,5/23/2022
 E10431,Kevin,ARNOLD,kevin.arnold@brightleaf-retail.example,(602) 555-0124,Male,1/24/1992,Surprise,AZ,85388,9/6/2021,7/22/2022,Inactive,Involuntary,Restructuring,Store Operations,Cashier,Entry,Full-Time,"Store 004 - Chandler, AZ",E10409,"33,050 USD",,3,2.8,Associates,8/12/2022
E10432,Walter,Espinoza,walter.espinoza@brightleaf-retail.example,(702) 555-0190,Male,9/18/1996,HENDERSON,NV,89052,9/6/2021,,ACTIVE,,,Store Operations,Department Supervisor,Mid,Full-Time,"Store 011 - Las Vegas, NV",E10296,"$44,200 ",,3,4.3,high school,6/25/2026
E-10433,Raymond,Butler,raymond.butler@brightleaf-retail.example,214-555-0159,Male,2/11/1982,Dallas,TX,75251,9/13/2021,,Active,,,Store Operations,Stock Associate,Entry,PT,"Store 013 - Dallas, TX",E10432,18700,,Meets,2.8,,4/5/2026
e10434,Barbara,Dixon,barbara.dixon@brightleaf-retail.example,(636) 555-0186,Female,14-Apr-89,Irving,TX,75038,13-Sep-21,9-Sep-22,Terminated,Voluntary,Management/Culture,Customer Svc,Customer Service Representative,E,Full-Time,Dallas Regional,E10375,"$35,800 ",,4,3.8,Associate's Degree,17-Sep-22
E10435,Stephen,Stanley,stephen.stanley@brightleaf-retail.example,9725550199,Male,18-Sep-91,Plano,tx,75052,20-Sep-21,30-Dec-22,Terminated,,,Store Operations,Sales Floor Associate,E,Part-Time,"Store 014 - Plano, TX",E10388,18700,,1,2.1,Associate's Degree,13-Jan-23
E10436,Rohan,paul,rohan.paul@brightleaf-retail.example,(972) 555-0175,Male,6-Sep-97,Arlington,TX,76012,9/20/2021,,Active,,,Supply Chain & Logistics,Warehouse Associate,Entry,Part-Time,"DC - Fort Worth, TX",E10239,"24,600",,5,NA,Associate's Degree,8/23/2026
E10437,Jasmine,Ortiz,jasmine.ortiz@brightleaf-retail.example,+1 214 555 0113,FEMALE,16-Jun-90,Dallas,tx,75253,20-Sep-21,,Active,,,Human Resources,HR Business Partner ,Senior,Full-Time,"Regional Office - Dallas, TX",E10374,"88,600",,3,,Bachelor's Degree,3-Sep-26
E10438,Vincent,Fuentes,vincent.fuentes@mailhub.example,480.555.0181,Male,4/6/1998,Chandler,AZ,85225,9/20/2021,,ACTIVE,,,Marketing,Digital Marketing Specialist,Mid,Full-Time,"HQ - Phoenix, AZ",E10356,"$69,750.00 ",,5,5,Bachelor's Degree,4/26/2026
E10439,Tessa,Silva,,(509) 555-0197,Female,8/30/1985,Scottsdale,AZ,85265,9/20/2021,,Active,,,finance,Financial Analyst,Mid,full time,hq phoenix,E10330,73600,10/6/2024,3,3.6,Master's Degree,9/20/2026
E10440,Evan,Elliott,evan.elliott@brightleaf-retail.example,,Male,13-Mar-00,Tempe,AZ,85285,20-Sep-21,22-Jun-22,Terminated,Vol,Health,Store Operations,Cashier,Entry,Full-Time,"Store 004 - Chandler, AZ",E10409,"$29,600 ",,4,4.1,High School,28-Jun-22
E10441,Donald,Bennett,donald.bennett@brightleaf-retail.example,904 555 0190,Male,2/12/1986,Oro Valley,AZ,85748,9/26/2021,,Active,,,Product Development,Senior Product Manager,Senior Level,F/T,Remote,E10122,145750,,2,2.7,Bachelor's Degree,7/7/2026
E10442,Arturo,Patel,arturo.patel@brightleaf-retail.example,602-555-0163,Male,1/1/1982,Mesa,AZ,85203,10/3/2021,2/16/2022,Terminated,Involuntary,,Store Operations,Sales Floor Associate,E,Seasonal,"Store 003 - Mesa, AZ",E10382,"$16,000 ",,,,Bachelor's Degree,3/2/2022
E10443,jessica,Williams,jessica.williams@brightleaf-retail.example,602-555-0173,Female,9/26/1989,Phoenix,AZ,85022,10/4/2021,,Active,,,MERCHANDISING,Senior Buyer,Senior,Full-Time,"HQ - Phoenix, AZ",E10408,"99,200",,3,3.4,Bachelor's Degree,8/13/2026
E10444,Kayla,Wheeler,kayla.wheeler@brightleaf-retail.example,972-555-0112,Female,23-Jun-91,Mesquite,TX,75150,8-Oct-21,,Active,,,Supply Chain & Logistics,Warehouse Associate,E,Full-Time,"DC - Fort Worth, TX",E10400,"37,000",,2,3.5,Bachelor's Degree,18-Aug-25
E10564,Betty,Sanchez,betty.sanchez@brightleaf-retail.example,6025550165,Female,10/22/1997,Phoenix,AZ,85029,9/28/2022,,Active,,,Sales,Account Executive,Intermediate,Full-Time,"HQ - Phoenix, AZ",E10448,85850,11/16/2023,4,3.3,BA,7/21/2026
e10445,minjun,Bailey,minjun.bailey@brightleaf-retail.example,+1 480 555 0180,M,2/17/1994,Scottsdale,Arizona,85257,10/10/2021,,ACTIVE,,,Merchandising,Buyer,Mid,Full-Time,Corporate - Phoenix,E10443,74850,1/18/2024,4,2.7,,6/17/2026
E10446,Olivia,Fischer,olivia.fischer@brightleaf-retail.example,(240) 555-0101,Female,9/17/1989,Grand Prairie,Texas,75053,10/11/2021,,Active,,,SALES,Account Executive,Mid,Full-Time,"Regional Office - Dallas, TX",E10247,"$86,450 ",8/2/2025,3,3.3,High School,9/1/2026
E10447,Samantha,Acosta,samantha.acosta@brightleaf-retail.example,(602) 555-0193,Female,12/16/2001,Avondale,AZ,85382,10/15/2021,2/12/2022,Terminated,Involuntary,Seasonal end,Customer Service,Customer Service Representative,Entry,Temp,"HQ - Phoenix, AZ",E-10320,"$13,550 ",,,,High School,2/23/2022
E10448,Lawrence,Butler,lawrence.butler@brightleaf-retail.example,(602) 555-0187,Male,4/29/1985,Goodyear,AZ,85351,10/18/2021,,Active,,,Sales,Senior Account Executive,Senior,Full-Time,"HQ - Phoenix, AZ",E10411,"103,500",,3,3.6,Bachelor's Degree,5/12/2026
E10449,John,Lambert,john.lambert@brightleaf-retail.example,760-555-0174,Male,5/16/1987,Irving,TX,75048,10/20/2021,2/4/2022,Terminated,Involuntary,End of Season,Stores,Sales Floor Associate,entry,Temp,"Store 013 - Dallas, TX",E10352,14200,,,,Associate's Degree,2/17/2022
E10450,Minh,Fox,minh.fox@brightleaf-retail.example,202.555.0163,Male,6/5/2000,Gilbert,AZ,85276,10/21/2021,12/12/2022,Terminated,Vol,personal reasons,Supply Chain & Logistics,Warehouse Associate,Entry,Part-Time,"DC - Tolleson, AZ",E10400,"$21,250 ",,5,4.2,Associates,12/17/2022
E10451,Brent,DeLeon,brent.deleon@brightleaf-retail.example,207-555-0124,Male,1/1/1995,Aurora,CO,80010,10/25/2021,,Active,,,Supply Chain & Logistics,Warehouse Associate,Entry,Full-Time,Distribution Center Aurora,E10400,"$33,650 ",,4,3.8,Bachelor's Degree,8/11/2026
E10452,Charlotte,Watts,charlotte.watts@brightleaf-retail.example,3175550116,Female,12/5/1985,Lakewood,CO,80221,10/30/2021,6/3/2022,Terminated,,,Sales,Account Executive,Mid Level,Full-Time,"Regional Office - Denver, CO",,70850,,3,,Bachelor's Degree,6/5/2022
E10453,Gabriel,Perez,,+1 775 555 0163,Male,8/26/1981,GARLAND,TX,75040,11/1/2021,3/7/2025,Terminated,,,Supply Chain & Logistics,Warehouse Manager,Manager,Full-Time,"DC - Fort Worth, TX",E-10188,"79,700",,2,3.1,High School,3/28/2025
E10454,Eugene,Medina,eugene.medina@brightleaf-retail.example,,Male,6/7/1984,Dallas,TX,75240,11/8/2021,,Active,,,Customer Service,Customer Service Representative,Entry,Part-Time,"Regional Office - Dallas, TX",E10353,27300,,3,2.8,High School,29-May-26
E10455,Joe,Cope,joe.cope@brightleaf-retail.example,228 555 0120,Male,6/23/2003,Peoria,AZ,85364,11/8/2021,,Active,,,Supply Chain & Logistics,Warehouse Associate,Entry,Full-time,"DC - Tolleson, AZ",,"$38,000 ",,Exceeds,3.4,Master's Degree,9/1/2026
E10456,Neha,Rivera,neha.rivera@brightleaf-retail.example,702-555-0109,Female,4/6/2002,North Las Vegas,NV,89069,11/11/2021,11/24/2023,Terminated,Involuntary,,Store Operations,Sales Floor Associate,Entry,Full-time,"Store 011 - Las Vegas, NV",E10409,"31,600",,3,4,,12/2/2023
E10457,Michelle,Sanchez,michelle.sanchez@brightleaf-retail.example,(334) 555-0185,Female,9/21/2002,Irving,TX,75040,11/13/2021,1/11/2022,Terminated,Involuntary ,,Supply Chain & Logistics,Warehouse Assoc.,Entry,SEASONAL,"DC - Fort Worth, TX",E10400,12350,,,,Associate's Degree,2/3/2022
E10458,John,Burns,john.burns@brightleaf-retail.example,702.555.0145,Male,1/5/1989,Las Vegas,NV,89135,11/13/2021,2/10/2022,Terminated,Invol,N/A,Store Operations,Cashier,Entry Level,Seasonal,Store #11 Las Vegas,E10388,11350,,,,Associate's Degree,2/20/2022
E10459,VINCENT,Holt,vincent.holt@brightleaf-retail.example,623.555.0156,Male,7/10/1996,Peoria,AZ,85376,11/13/2021,1/13/2023,Terminated,Voluntary,,store operations,Department Supervisor,Mid,Full-time,STORE 001,E10248,"46,850",,5,3.6,,2/1/2023
E00000,Test,Employee,test.employee@brightleaf-retail.example,,,1/1/1900,,,,1/1/2020,,Active,,,TEST,Test Account,,,,,0,,,,,1/1/2020
E10460,Priya,Kelly,priya.kelly@brightleaf-retail.example,231-555-0192,F,6/30/1996,Oro Valley,AZ,85744,11/15/2021,3/16/2023,Terminated,Voluntary,,Store Operations,Sales Floor Associate,E,Full-Time,"Store 010 - Tucson, AZ",E10388,33.2K,,3,2.8,High School,4/2/2023
E10461,Billy,CHEN,billy.chen@brightleaf-retail.example,(509) 555-0140,Male,4/25/2001,Tolleson,Arizona,85353,11/15/2021,,Active,,,Supply Chain & Logistics,Forklift Operator,Entry,Part-Time,"DC - Tolleson, AZ",E10397,30350,,4,3.8,,6/4/2026
e10462,JAMAL,Bennett,jamal.bennett@brightleaf-retail.example,623.555.0143,Male,2/19/1992,Mesa,AZ,85210,11/22/2021,,Active,,,SC&L,Logistics Coordinator,Mid Level,Full-Time,"DC - Tolleson, AZ",E10279,"51,700",,3,2.8,Bachelor's Degree,9/12/2026
E10463,Tyler,Hughes,tyler.hughes@brightleaf-retail.example,720.555.0121,Male,2/1/1991,Arvada,CO,80003,11/22/2021,,Active,,,Marketing,Marketing Coordinator,E,Full-Time,"Regional Office - Denver, CO",E10180,"$48,300 ",,3,,Bachelor's Degree,9/8/2026
E10464,Bethany,Bowers,bethany.bowers@mailhub.example,2065550119,female,7/16/1965,Thornton,CO,80257,11/22/2021,2/12/2022,Terminated,Involuntary,Season End,Supply Chain and Logistics,Warehouse Associate,Entry,Seasonal,"DC - Aurora, CO",E10364,"$15,250 ",,,,High School,2/19/2022
E10465,Tara,Soto,tara.soto@brightleaf-retail.example,(402) 555-0130,F,2/20/1979,Phx,AZ,85040,25-Nov-21,,Active,,,Merch,Category Manager,Management,Full-Time,"HQ - Phoenix, AZ",E10100,"$119,350 ",9/17/2025,3,2.8,Bachelor's Degree,5/7/2026
E10466,Sofia,Miller,sofia.miller@brightleaf-retail.example,404.555.0191,Female,2/17/1982,Tempe,AZ,85281,11/30/2021,,Active,,,Customer Service,Customer Service Representative,Entry,full time,"HQ - Phoenix, AZ",E10353,37750,,4,3.8,High School,2/12/2026
E10467,Jean,Stevens,jean.stevens@brightleaf-retail.example,817-555-0135,Female,11/22/2003,Plano,TX,75086,12/2/2021,3/31/2023,Term,,,Store Operations,Sales Floor Associate,Entry,Part-Time,"Store 014 - Plano, TX",E10382,21.1K,,3,3.4,,4/1/2023
E10468,Mary,Mitchell,mary.mitchell@brightleaf-retail.example,408 555 0176,Female,8/13/1985,Denver,CO,80210,12/6/2021,,Active,,,Customer Service,Customer Service Representative,Entry,Part-Time,"Regional Office - Denver, CO",E10034,24400,,Exceeds,3.2,,8/23/2026
E10469,Jasmine,Thorne,jasmine.thorne@brightleaf-retail.example,(412) 555-0101,Female,10/21/1996,Mesa,AZ,85212,12/11/2021,,ACTIVE,,,Finance,Financial Analyst,Mid-level,Full-Time,Headquarters,E10299,"77,800",,3,3.3,Bachelor's Degree,7/17/2026
E10470,Tracy,Cook,tracy.cook@brightleaf-retail.example,973-555-0144,Female,4/28/1999,PHOENIX,AZ,85043,12/13/2021,,Active,,,human resources,Payroll Specialist,Mid,full time,"HQ - Phoenix, AZ",E10053,"$57,350 ",,4,4.6,Bachelor's Degree,11/16/2025
E10471,Carl,Walters,carl.walters@brightleaf-retail.example,214-555-0198,MALE,5/17/1984,Fort Worth,TX,76175,12/13/2021,,A,,,Supply Chain & Logistics,Forklift Operator,Entry,P/T,DC Fort Worth,E10462,"$27,550 ",,3,3.1,High School,7/22/2026
E10472,Juan,Carroll,juan.carroll@brightleaf-retail.example,251.555.0186,Male,9/18/1987,Tolleson,AZ,85353,12/13/2021,,A,,,STORE OPERATIONS,Store Manager,Manager,Full-Time,"Store 005 - Glendale, AZ",E10083,81150,6/5/2025,3,2.4,,9/2/2026
E10473,Olivia,sanders,olivia.sanders@brightleaf-retail.example,(214) 555-0106,N/S,4/17/1992,Mesquite,TX,75149,12/20/2021,,Active,,,Customer Support,Senior Customer Service Representative,Mid,Full-Time,regional office - dallas,E10087,"$44,850 ",,Needs Improvement,2.7,GED,9/10/2026
E10474,Evelyn,Turner,evelyn.turner@brightleaf-retail.example,(417) 555-0189,Female,1/7/1992,Denver,CO,,12/27/2021,,Active,,,Supply Chain & Logistics,SUPPLY CHAIN ANALYST,Sr,Full-Time,"Regional Office - Denver, CO",E10163,"77,100",,3,3.5,Associate's Degree,7/16/2026
E10475,Patricia,Valdez,patricia.valdez@brightleaf-retail.example,,Female,1-Aug-00,Chandler,AZ,85249,12/27/2021,,Active,,,Store Operations,Sales Floor Associate,Entry,P/T,"Store 004 - Chandler, AZ",E10382,23050,,2,3.7,Associate's Degree,8/3/2026
E10476,joan,Pace,joan.pace@brightleaf-retail.example,469-555-0167,Female,6/12/1997,Garland,Texas,75044,1/3/2022,,Active,,,Customer Service,Senior Customer Service Representative,Mid,Full-time,"Regional Office - Dallas, TX",E10237,44800,,4,4.5,High School,8/27/2026
E10477,Kathleen,Chandler,kathleen.chandler@brightleaf-retail.example,6235550189,Female,6/9/1988,Scottsdale,AZ,85252,1/3/2022,,Active,,,Customer Service,Customer Service Representative,Entry,Full-Time,Corporate - Phoenix,E10473,"39,950",,4,,High School,7/10/2026
E10478,Mark,Guzman,mark.guzman@brightleaf-retail.example,,Male,2/13/1994,Aurora,CO,80019,1/8/2022,,Actv,,,Supply Chain & Logistics,Logistics Coordinator,Mid,Full-Time,Distribution Center Aurora,E10474,"$58,050 ",1/26/2026,4,4.3,HS,5/7/2026
E10479,malik,Weaver,malik.weaver@brightleaf-retail.example,+1 520 555 0191,Male,10/24/1996,Marana,AZ,85653,1/10/2022,11/16/2022,TERM,Voluntary ,Better Opportunity,Info Tech,IT Support Technician,Entry Level,Full-Time,Remote,E10328,"$49,650 ",,1,3,,11/30/2022
E10480,Beverly,Hale,beverly.hale@brightleaf-retail.example,(602) 555-0161,Female,6/17/1995,Gilbert,AZ,85243,1/15/2022,11/4/2023,Terminated,voluntary,Work/Life Balance,Customer Service,Senior Customer Service Representative,Mid,Full Time,"HQ - Phoenix, AZ",E10203,47350,2/25/2023,Meets,,High School,11/22/2023
E10481,Liam,Fitzpatrick,liam.fitzpatrick@brightleaf-retail.example,(505) 555-0120,Male,5/23/2005,Albuquerque,NM,87116,1/15/2022,,Active,,,Store Operations,Sales Floor Associate,Entry,Part-Time,Albuquerque Store (022),E10432,"$19,950 ",,3,3.2,High School,3/15/2026
E10482,calvin,Douglas,calvin.douglas@brightleaf-retail.example,203-555-0156,M,11/15/1993,Gilbert,AZ,85237,1/17/2022,,Active,,,Merchandising,Merchandising Assistant,,Full-Time,"HQ - Phoenix, AZ",E10013,42300,,Meets,4,Masters,8/13/2026
E10483,Christopher,Tran,christopher.tran@brightleaf-retail.example,424 555 0147,M,15-May-95,Plano,Texas,75050,1/17/2022,,Active,,,MARKETING,Digital Marketing Specialist,Mid-level,Full-Time,"Regional Office - Dallas, TX",E10261,"$65,200.00 ",1/18/2023,4,4,Bachelor's Degree,6/10/2026
E10484,Sandra,Duncan,sandra.duncan@brightleaf-retail.example,7045550196,Female,1/20/1998,Charlotte,NC,28289,1/31/2022,,Active,,,Sales,Sales Development Representative,Entry,Full-Time,Remote,E10199,45150,,3,1.8,GED,7/15/2026
E10485,Aisha,Boyd,aisha.boyd@brightleaf-retail.example,801-555-0112,FEMALE,11/28/1988,Sandy,UT,84076,2/4/2022,,A,,,Store Operations,Sales Floor Associate,Entry,Part-Time,"Store 023 - Salt Lake City, UT",E10432,-19450,,3,3.1,Associate's Degree,5/5/2026
E10486,Rachel,Scott,rachel.scott@brightleaf-retail.example,(720) 555-0178,Female,5/27/1993,Denver,CO,80235,2/7/2022,,Active,,,Merchandising Dept,Senior Buyer,Senior,Part-Time,"Regional Office - Denver, CO",E10465,63.2K,,3,3.7,Master's Degree,5/29/2026
E10487,Matthew,Alvarez,matthew.alvarez@brightleaf-retail.example,+1 775 555 0130,Male,7/7/1989,Surprise,AZ,85388,2/8/2022,9/5/2022,Terminated,Voluntary,Better Opportunity,Supply Chain & Logistics,Forklift Operator,Entry,Full-Time,"DC - Tolleson, AZ",E10397,"$43,200.00 ",,2,,High School,9/20/2022
E10488,Brian,Holmes ,,801-555-0187,Male,11/10/1992,Salt Lake City,Utah,84114,2/11/2022,,Active,,,Store Operations ,Department Supervisor,Mid,FT,store 23 - salt lake city,E10386,"41,250 USD",,2,2.4,High School,3/13/2026
E10489,Sabrina,Peterson,sabrina.peterson@brightleaf-retail.example,940-555-0118,Female,12/13/1994,Phoenix,AZ,85035,2/21/2022,,Active,,,Customer Service,Customer Service Manager,Manager,Full-Time,"HQ - Phoenix, AZ",E10059,85900,6/23/2024,3,3,Master's Degree,5/18/2026
E10490,Jeffrey,Trujillo,jeffrey.trujillo@brightleaf-retail.example,(412) 555-0171,M,1/29/1989,Plano,TX,,3/4/2022,,Active,,,Store Operations,Sales Floor Associate,Entry,Full-time,"Store 015 - Fort Worth, TX",E10488,35250,,3,2.8,High School,4/2/2026
E10491,Dana,Cook,dana.cook@brightleaf-retail.example,(410) 555-0196,Female,18-Dec-76,Goodyear,AZ,85346,7-Mar-22,4-Jul-25,terminated,Involuntary,,Sales,Regional Sales Manager,Manager,Full-Time,"HQ - Phoenix, AZ",E10302,123550,12-Feb-24,3,3.3,MS,25-Jul-25
E10492,Jose,Silva,jose.silva@brightleaf-retail.example,(480) 555-0116,M,1/14/1987,Phoenix,AZ,85043,3/14/2022,,Active,,,Product Dev,Product Analyst,Intermediate,Full-Time,"HQ - Phoenix, AZ",E10441,"$82,450.00 ",9/12/2023,4,4,Master's Degree,4/9/2026
E10493,Justin,Black,justin.black@brightleaf-retail.example,(337) 555-0177,Male,9/27/1995,Chicago,IL,60644,3/14/2022,,Active,,,Product Development,Product Analyst,Mid,Full Time,Remote,E10441,74.4K,,3,3.3,Masters,8/9/2026
E10494,Isabel,Perry,isabel.perry@mailhub.example,901 555 0169,female,10-May-05,Tempe,AZ,85288,3/14/2022,22-Sep-23,Terminated,Involuntary,,Store Operations,Sales Floor Associate,Entry,Part-Time,"Store 003 - Mesa, AZ",E10459,"16,850",,1,3.7,High School,9/26/2023
E10495,Terrance,LE,terrance.le@brightleaf-retail.example,623 555 0135,Male,7/20/1992,Surprise,AZ,85386,3/14/2022,,active,,,Product Development,Product Analyst,Mid,Full-Time,"HQ - Phoenix, AZ",E10441,"75,850",,3,3.9,Bachelor's Degree,5/20/2026
E10496,Chad,Wise,chad.wise@brightleaf-retail.example,(623) 555-0126,Male,4/24/1985,Mesa,Arizona,85207,3/21/2022,,Active,,,Sales,Sales Operations Analyst,Mid,Full-Time,"HQ - Phoenix, AZ",E10355,67450,,4,4.2,Bachelor's Degree,3/4/2026
E10497,Samantha,Robles,samantha.robles@mailhub.example,317-555-0143,Female,7/16/1993,Scottsdale,AZ,85256,3/25/2022,12/23/2022,TERM,Voluntary,,Customer Service,Customer Service Representative,Entry,Full-Time,"HQ - Phoenix, AZ",E10476,"$38,600 ",,2,,GED,1/2/2023
E10498,Pamela,Johnston,pamela.johnston@brightleaf-retail.example,914-555-0123,Female,2/8/1990,Fort Worth,TX,76134,3/28/2022,,Actv,,,Supply Chain & Logistics,Forklift Operator,Entry,Full-Time,DC Fort Worth,E10397,43050,,5,3.4,,6/18/2026
E10499,DANIELA,Watts,daniela.watts@brightleaf-retail.example,,Female,1/31/1995,Garland,Texas,75042,28-Mar-22,,Active,,,CS,Customer Service Manager ,Manager,Part-Time,"Regional Office - Dallas, TX",E10059,43950,,3,2.9,Master's,8/25/2026
E10500,Darnell,Lim,darnell.lim@brightleaf-retail.example,(707) 555-0166,Male,9-May-93,Avondale,AZ,85357,4-Apr-22,11-Jun-25,Terminated,Voluntary,,STORE OPERATIONS,Department Supervisor,Mid,Full-Time,Gilbert Store (007),E10346,"42,900",,4,3.9,bachelors degree,17-Jun-25
E10501,Emma,Myers,emma.myers@brightleaf-retail.example,7325550185,Female,31-Mar-89,Boston,MA,2121,4-Apr-22,,Active,,,Information Technology,Data Analyst ,Mid,Full-Time,remote,E10266,79550,,3,4.1,Bachelor's Degree,26-Feb-26
E10502,albert,Sanders,,6155550184,Male,6/3/1999,Nashville,TN,37207-8355,4-Apr-22,7/23/2021,Terminated,INVOLUNTARY,Perf,H.R.,HR Coordinator,Entry,Full-Time,Remote,E10470,"48,850",,2,3.9,Bachelor's Degree,24-Sep-24
E10503,Shane,Han,shane.han@brightleaf-retail.example,(508) 555-0101,Non Binary,9/20/2003,Denver,CO,80235,4/6/2022,,Active,,,Supply Chain & Logistics,Warehouse Associate,Entry,Part-Time,"DC - Aurora, CO",E10478,"$21,900 ",,2,3.3,HS,7/4/2026
E10504,Jean,Jordan,jean.jordan@brightleaf-retail.example,+1 480 555 0117,Female,2/28/1972,Surprise,AZ,85374,4/11/2022,4/21/2023,Terminated,Voluntary ,Pay,STORE OPERATIONS,Stock Associate,Entry,Part-Time,"Store 003 - Mesa, AZ",E10339,20850,,3,1.2,High School,5/12/2023
E10505,Nancy,Nichols,nancy.nichols@brightleaf-retail.example,303.555.0199,,6/12/1998,Denver,Colo.,80211,4/11/2022,4/27/2023,Terminated,,Workload/Burnout,Store Operations,Sales Floor Associate,Entry,Part-Time,"Store 019 - Denver, CO",E10488,"$18,400 ",,3,2.6,Master's Degree,5/22/2023
E-10506,Janice,Hughes,janice.hughes@brightleaf-retail.example,(972) 555-0123,Female,6/11/1987,Grand Prairie,TX,75051,4/11/2022,,A,,,Sales Dept,Sales Operations Analyst,Mid,Full-Time,"Regional Office - Dallas, TX",E10114,62550,11/14/2023,3,3,Associate's Degree,12/27/2025
E10507,Jeremy,Chambers,,781-555-0145,Male,7/26/1991,Avondale,Arizona,85342,4/11/2022,,Active,,,Merchandising,Buyer ,Mid,Full-Time,"HQ - Phoenix, AZ",E10323,"79,200",3/29/2026,4,3.7,Bachelors,12/17/2025
E10508, Valerie,Acosta,valerie.acosta@brightleaf-retail.example,(480) 555-0105,female,4/20/1987,Tolleson,AZ,85353,4/25/2022,10/30/2023,Inactive,Involuntary,Attendance,Sales,Account Executive,Mid,Full-Time,"HQ - Phoenix, AZ",E10355,81000,7/9/2023,2,3.2,Bachelor's Degree,11/15/2023
E10509,Eduardo,Evans,eduardo.evans@brightleaf-retail.example,503-555-0197,Male,1/25/1990,Portland,Oregon,97238,4/25/2022,,Actv,,,Information Technology,Software Engineer,Intermediate,Full-Time,Remote,E10178,"109,000",,2,4.8,,5/9/2026
E10510,Elizabeth,Caldwell,elizabeth.caldwell@brightleaf-retail.example,480-555-0168,Female,6/15/1989,Goodyear,AZ,85375,4/27/2022,,A,,,Finance & Accounting,Staff Accountant,Mid,Full-Time,"HQ - Phoenix, AZ",E10330,69300,5/18/2024,2,3.5,MS,7/9/2026
E10511,Wei,Robinson,wei.robinson@brightleaf-retail.example,(610) 555-0171,Male,25-Aug-78,Tolleson,AZ,85353,1-May-22,,A,,,Product Development,vp of product development,VP,Full-Time,Remote,E19081,"249,900 USD",,Exceeds,4.7,Associate's Degree,3-Sep-26
E10512,Yusuf,Wilson,yusuf.wilson@brightleaf-retail.example,(313) 555-0137,Male,9/4/1995,Chandler,AZ,85244,5/2/2022,,Active,,,Merch,Buyer,Mid,Full-Time,"HQ - Phoenix, AZ",E10443,78000,,3,4.3,BS,7/6/2026
E10513,Lars,Gonzalez,lars.gonzalez@brightleaf-retail.example,801-555-0103,Male,3/26/1987,Sandy,Utah,84071,5/2/2022,,Actv,,,Store Operations,Sales Floor Associate,Entry,Full-Time,"Store 023 - Salt Lake City, UT",E10488,"$36,650 ",,3,3.7,bachelors degree,3/12/2026
E10514,Abigail,Reed,abigail.reed@brightleaf-retail.example,(214) 555-0119,Female,1/17/2000,Irving,TX,75049,5/9/2022,,active,,,Mktg,Digital Marketing Specialist,Mid,Full-Time,"Regional Office - Dallas, TX",E10012,70800,1/19/2026,3,3.1,Bachelor's Degree,8/27/2026
E10515,terry, Keller,terry.keller@brightleaf-retail.example,(760) 555-0159,Male,9/5/2000,Phoenix,AZ,85016,5/9/2022,,Active,,,Sales,Sales Development Representative,Entry,Part-Time,"HQ - Phoenix, AZ",E10240,33700,,3,3.1,BS,2/4/2026
E10516,Scott,Palmer,scott.palmer@brightleaf-retail.example,(480) 555-0188,Male,2-Aug-97,Phoenix,AZ,,5/9/2022,,Actv,,,Finance,Accounts Payable Clerk,Entry,Full-Time,"HQ - Phoenix, AZ",E10469,"$43,250 ",,3,3.6,Bachelor's Degree,6-Aug-26
E10517,Jordan,McDaniel,jordan.mcdaniel@brightleaf-retail.example,(251) 555-0157,Non-binary,10/9/2004,Tempe,AZ,85284,5/9/2022,,Active,,,,Sales Floor Associate,Entry,Part-Time,"Store 002 - Tempe, AZ",E10382,19150,,3,3.4,Bachelor's Degree,4/5/2026
E10518,Kathleen ,Moreno,kathleen.moreno@brightleaf-retail.example,6025550154,Prefer not to say,10/8/1984,Phoenix,Ariz.,85020,5/11/2022,,Actv,,,Product Development,Sr. Product Mgr,Senior,Full-Time,"HQ - Phoenix, AZ",E10122,"$145,650 ",,3,3.5,Bachelor's Degree,13-Feb-26
E10519,Fernanda,Cabrera,fernanda.cabrera@brightleaf-retail.example,623-555-0123,Female,4/11/1983,Phoenix,AZ,85010,5/16/2022,6/18/2026,Terminated,,Workload/Burnout,Customer Service,Customer Service Manager,Manager,Full-Time,"HQ - Phoenix, AZ",E10059,"72,100",,3,2.9,Bachelor's Degree,7/2/2026
E-10520,Nathan,Pearson,nathan.pearson@brightleaf-retail.example,301-555-0179,Male,9/4/1995,Tucson,AZ,85707,5/22/2022,2/17/2023,Terminated,VOLUNTARY,relocation,Store Ops,cashier,entry,Full-Time,"Store 010 - Tucson, AZ",E10405,"31,050",,3,NA,High School,3/12/2023
E10521,Olga,Luna,olga.luna@brightleaf-retail.example,(616) 555-0161,,11-Jan-96,Mesquite,TX,75149,23-May-22,,Active,,,Store Operations,Cashier,Entry Level,Full-Time,"Store 015 - Fort Worth, TX",E10488,31450,,3,3,HS,26-Jul-26
E10522,Agnieszka,brooks,agnieszka.brooks@brightleaf-retail.example,386-555-0194,Fem,3/11/1994,Scottsdale,AZ,85258,6/2/2022,,Active,,,Sales,Account Executive,Mid,F/T,Headquarters,E10347,"85,250 USD",1/1/2026,Meets,3.1,Master's Degree,4/11/2026
E10523,David,Cortez,david.cortez@brightleaf-retail.example,808-555-0180,Male,8/23/1989,Scottsdale,AZ,85254,6/3/2022,,Active,,,store operations,Cashier,entry,Full-time,"Store 006 - Scottsdale, AZ",E10488,"34,500 USD",,3,4.2,,7/5/2026
E10524,Wyatt,Berry,wyatt.berry@mailhub.example,4805550198,Male,12-Aug-96,Gilbert,AZ,85264-3853,6/6/2022,,Active,,,Sales,Sales Development Representative,Entry,Full-Time,"HQ - Phoenix, AZ",E10088,"47,200",,5,4.4,Bachelor's Degree,9/10/2026
E10525,Jason,Chambers,jason.chambers@brightleaf-retail.example,(816) 555-0114,Male,6/24/1986,Kansas City,MO,64156,6/13/2022,,Active,,,Information Technology,Senior Software Engineer,Senior Level,Full-Time,Remote,E10218,137000,12/17/2025,2,,Bachelor's Degree,9/7/2026
E10526,Larry,Chavez,larry.chavez@brightleaf-retail.example,+1 720 555 0160,M,15-Jul-78,Littleton,CO,80120,13-Jun-22,,Active,,,Sales,Senior Account Executive,Senior,Full-Time,Denver Regional,E10136,"$110,300 ",12-Oct-23,3,3.8,Bachelor's Degree,23-Jan-26
E10527,Bruce,Padilla,bruce.padilla@brightleaf-retail.example,(720) 555-0138,MALE,5/1/1998,Thornton,CO,80236,20-Jun-22,,Active,,,Merchandising,Merchandising Assistant,Entry,Full-Time,Remote,E10512,45850,,3,3.4,Bachelor's Degree,13-Jun-26
E10528,Helen,Franklin,helen.franklin@brightleaf-retail.example,(303) 555-0120,Female,12/16/1989,Aurora,CO,,6/20/2022,,Active,,,Customer Service,Customer Service Representative,Entry,part time,"Regional Office - Denver, CO",E10473,22900,,4,5,Associate's Degree,3/23/2026
E10529,Linda,Romero,,,Female,1/15/1995,Tolleson,AZ,85353-9110,6/27/2022,,Active,,,Product Development,Product Analyst,Mid,Full-Time,"HQ - Phoenix, AZ",E10245,"77,300",,3,4,Bachelor's Degree,4/7/2026
E10530,Gabriela,Jennings,gabriela.jennings@brightleaf-retail.example,(646) 555-0130,Female,7/19/1979,Avondale,AZ,85337,6/28/2022,,On Leave,,,Sales,Senior Account Executive,Senior,Full-Time,"HQ - Phoenix, AZ",E10411,"$108,000.00 ",,3,3,Bachelor's Degree,4/25/2026
E10531,Evelyn ,Cope,,214.555.0183,Female,5/18/1991,Dallas,TX,75201,7/2/2022,5/10/2024,Inactive,Voluntary,Better Opportunity,Marketing,digital marketing specialist,Mid,Full-Time,"Regional Office - Dallas, TX",E10040,62100,,2,3.2,Bachelors,5/12/2024
E10532,Alan,Ford,alan.ford@brightleaf-retail.example,623-555-0195,male,12/9/2001,Chandler,AZ,85232,7/4/2022,,Active,,,Store Operations,Cashier,Entry,Part-Time,"Store 004 - Chandler, AZ",E10488,21350,,4,3.1,High School,1/18/2026
E10533,Ian,Hunt ,ian.hunt@brightleaf-retail.example,623-555-0100,Male,14-Feb-99,Glendale,AZ,85306,7/6/2022,,Active,,,Store Operations ,Stock Associate,Entry,Full-Time,Store #6 Scottsdale,E10340,"$34,200.00 ",,5,3.9,Bachelor's Degree,4/28/2026
E10534,Diana,Zuniga,diana.zuniga@brightleaf-retail.example,917-555-0187,Female,2/7/1997,Gilbert,AZ,85276,7/11/2022,,Active,,,MERCHANDISING,Merchandising Assistant,Entry,Full-Time,"HQ - Phoenix, AZ",E10260,"$47,350.00 ",,5,3.8,Associate's Degree,7/23/2026
E10535 ,Hung,Gross,hung.gross@brightleaf-retail.example,281 555 0140,M,8/24/1994,Irving,TX,75055,18-Jul-22,14-Jul-23,Terminated,Involuntary,Performance,Merchandising,Merchandising Assistant,Entry,Full Time,Dallas Regional,E10445,"47,650",,2,2.6,B.S.,7/20/2023
E10536,Lars,Hopkins,lars.hopkins@brightleaf-retail.example,(623) 555-0185,Male,8/3/1991,Glendale,AZ,85308,7/25/2022,,Active,,,NULL,Recruiter,Mid-level,Full-time,HQ,E10035,69350,,1,,High School,4/6/2026
E10537,Manuel,Mullins,manuel.mullins@brightleaf-retail.example,(402) 555-0188,Male,10/7/1997,Phoenix,AZ,85033,7/25/2022,,Active,,,Sales,Account Executive,Intermediate,Full-Time,HQ,E10271,"$78,350 ",12/6/2025,3,3.3,,8/14/2026
E10538,Warren,Vargas,warren.vargas@brightleaf-retail.example,623-555-0153,Male,14-Dec-91,Phoenix,AZ,85053,7/25/2022,,active,,,Cust Service,Customer Service Representative,Entry Level,Full-Time,"HQ - Phoenix, AZ",E10476,40550,,5,,High School,8/29/2026
E10539,Neha,Reed,neha.reed@brightleaf-retail.example,(480) 555-0100,Female,1-May-90,Phoenix,AZ,85048,7/30/2022,9/15/2023,Terminated,Voluntary,Family/Personal,Merchandising,Buyer,Mid,Full-Time,Headquarters,E10172,"77,150",,5,4.2,B.S.,10/10/2023
E10540,Luis,Ruiz,luis.ruiz@brightleaf-retail.example,267-555-0126,Male,11/24/1990,Surprise,AZ,85381-3202,8/1/2022,,Active,,,Product Development,Product Mgr,Mid,Full-Time,"HQ - Phoenix, AZ",E10518,"121,850",2/5/2025,3,3.6,Bachelor's Degree,1/3/2026
E10541,Karen,Ross,karen.ross@brightleaf-retail.example,520.555.0142,Female,7/5/1989,Sahuarita,AZ,85629,8/1/2022,7/23/2024,Inactive,Vol,,Store Operations,Cashier,Entry,Part-Time,"Store 009 - Tucson, AZ",E10488,"$18,500 ",,2,2.6,,7/31/2024
E10542,Trisha,Hunter,trisha.hunter@brightleaf-retail.example,(269) 555-0134,Female,3/16/1990,Mesa,AZ,85202,1-Aug-22,24-Mar-23,Terminated,,Management,HR,Recruiter,unknown,F/T,Headquarters,E10119,"67,100",,3,,B.S.,3/30/2023
E10543,Billy,Glover ,billy.glover@brightleaf-retail.example,720.555.0191,Male,12/25/2003,Aurora,CO,80014,8/7/2022,9/4/2026,Terminated,Involuntary,Attendance,Supply Chain & Logistics,Warehouse Associate,Entry,Full-Time,"DC - Aurora, CO",E10478,"$38,950 ",,1,2.5,,9/20/2026
E10544,Billy,Martin,billy.martin@brightleaf-retail.example,(978) 555-0109,Male,5/7/2004,Tempe,Arizona,85283,8/9/2022,3/3/2023,Term,Involuntary ,Attendance,Supply Chain & Logistics,Forklift Operator,Entry,Part-Time,"DC - Tolleson, AZ",E10478,"20,950",,3,,GED,3/19/2023
E10545,Bonnie,Griffith,bonnie.griffith@brightleaf-retail.example,(775) 555-0175,Female,3/31/1993,Tampa,FL,33647,8/15/2022,,Active,,,Human Resources,RECRUITER,Mid,Full-Time,WFH,E10322,"$65,850.00 ",11/2/2025,4,4.3,Bachelor's,6/24/2026
E10546,Felicia,Scott,felicia.scott@brightleaf-retail.example,(606) 555-0144,Female,7/26/1989,Avondale,AZ,85372,8/15/2022,,Active,,,Store Operations,Department Supervisor,Mid,Full-Time,"Store 007 - Gilbert, AZ",E10045,"$45,100.00 ",,3,4.1,Bachelor's Degree,6/11/2026
E10547,Lars,Quinn,lars.quinn@brightleaf-retail.example,571-555-0104,Male,3/18/1979,Dallas,TX,75209,8/18/2022,,Active,,,Finance,Senior Accountant,Senior,Full-Time,"Regional Office - Dallas, TX",E10156,80950,10/20/2025,1,3.8,Bachelor's Degree,5/21/2026
E10548,Minh,Ramsey,minh.ramsey@brightleaf-retail.example,469.555.0131,male,1/8/1990,Dallas,TX,75232,22-Aug-22,,Active,,,,Cashier,entry,Full-Time,"Store 013 - Dallas, TX",E10546,31250,,5,3.8,HS,9/1/2026
E10549,Alejandro,Jenkins,alejandro.jenkins@brightleaf-retail.example,321-555-0188,Non-binary,8/30/1991,Scottsdale,Arizona,85259,8/22/2022,,Active,,,Stores,Sales Floor Associate,Entry,P/T,"Store 025 - Mesa, AZ",E10340,22750,,3,2.9,High School,2/4/2026
e10550,Matthew,Hernandez,matthew.hernandez@brightleaf-retail.example,(845) 555-0179,MALE,10/21/1977,Arvada,CO,80004,8/22/2022,,Active,,,supply chain & logistics,Supply Chain Analyst,Senior,Full-Time,"Regional Office - Denver, CO",E10163,68800,,3,3.1,JD,6/22/2026
E10551,Donna,Garcia,,(330) 555-0132,Female,8/10/2001,Phoenix,AZ,85035,8/22/2022,,Active,,,Merchandising,Merchandising Assistant,Entry-level,Full-Time,"HQ - Phoenix, AZ",E10315,44850,,4,3.7,BS,1/27/2026
E10552,Brianna,Merritt,brianna.merritt@brightleaf-retail.example,,Non-binary,2/1/1988,Las Vegas,NV,89107,8/22/2022,7/28/2023,Terminated,voluntary,Work-Life Balance,Store Operations,Cashier,Entry,Part-Time,"Store 011 - Las Vegas, NV",e10500,"$18,800.00 ",,Unsatisfactory,2.6,Bachelor's Degree,8/3/2023
E10553,HOLLY,Pham,holly.pham@brightleaf-retail.example,(469) 555-0160,Female,11/12/1981,Garland,TX,75040,9/2/2022,,Active,,,Store Operations,Cashier,Entry,Part Time,"Store 016 - Arlington, TX",E10432,17700,,Meets,3.1,,9/5/2026
E10554,Paul,Warner ,paul.warner@brightleaf-retail.example,214-555-0165,MALE,10-Sep-89,Arlington,TX,76001,5-Sep-22,,Active,,,Information Technology,Systems Administrator,Mid,Full-Time,"Regional Office - Dallas, TX",E10266,"$74,500 ",22-Mar-24,3,3.5,Bachelor's Degree,4-Apr-26
E10555,Jesse,Wood,jesse.wood@brightleaf-retail.example,817-555-0186,Male,1/29/1984,Irving,TX,75042,9/19/2022,,Active,,,Store Operations,Cashier,Entry,Part-Time,"Store 016 - Arlington, TX",E-10096,"$17,950 ",,4,3.1,High School,5-Mar-26
E10556,Robert,Vazquez,robert.vazquez@brightleaf-retail.example,2165550161,male,4/23/2002,Dallas,TX,75232,9/19/2022,2/7/2024,Terminated,Voluntary,New Job,Store Operations,Sales Floor Associate,Entry,full time,"Store 013 - Dallas, TX",E10388,35400,,5,,Bachelor's Degree,2/27/2024
E10557,Ingrid,Griffin,ingrid.griffin@brightleaf-retail.example,9725550139,Female,3/22/1982,Dallas,TX,75239,9/19/2022,,Active,,,Human Resources,HR Business Partner,Senior,Full-Time,"Regional Office - Dallas, TX",E10374,"96,000",3/9/2025,3,3.4,,6/2/2026
E10558,Keisha,Baldwin,keisha.baldwin@brightleaf-retail.example,+1 214 555 0117,Female,2/16/1992,Dallas,TX,75246,9/19/2022,5/14/2026,active,,,Finance,Financial Analyst,Mid,Full-Time,"Regional Office - Dallas, TX",E10547,74800,,3,2.9,Bachelor's Degree,8/18/2026
E10559,Ximena,Bowen,ximena.bowen@brightleaf-retail.example,(978) 555-0167,Female,6/30/2000,Phoenix,AZ,85040,9/25/2022,,Active,,,Sales,Account Executive,Mid,Full-Time,Corporate - Phoenix,E10526,"$68,750 ",3/31/2025,Meets,3.2,Bachelor's Degree,7/21/2026
E10560,Laura,Hawkins,laura.hawkins@brightleaf-retail.example,951.555.0160,Female,5/17/1985,Fort Worth,TX,,9/25/2022,,Active,,,Store Operations,Stock Associate,Entry,Part-Time,"Store 016 - Arlington, TX",E10352,"$19,400 ",,3,4.6,High School,4/30/2026
E10561,James,Vazquez,james.vazquez@brightleaf-retail.example,(805) 555-0174,Male,5/17/1993,Goodyear,AZ,85355,9/26/2022,,Active,,,unknown,Account Executive,Mid,FT,"HQ - Phoenix, AZ",E10530,89100,6/27/2024,2,3.8,GED,8/29/2026
E10562,Tara,Hayes,tara.hayes@brightleaf-retail.example,(212) 555-0101,Female,11/3/1994,Chandler,AZ,85233,9/26/2022,9/6/2024,Terminated,Voluntary,Moving,Customer Service,Customer Service Representative,Entry,Full-Time,"HQ - Phoenix, AZ",E10476,"40,150",,3,5,GED,9/24/2024
E10563,Colleen,Bradley,colleen.bradley@brightleaf-retail.example,(505) 555-0148,nonbinary,9/24/1996,Phoenix,AZ,85020-6858,9/26/2022,,A,,,H.R.,HR Coordinator,Entry,Full-Time,"HQ - Phoenix, AZ",E10545,49800,,1,5,Bachelor's Degree,2/28/2026
E10564,Betty,Sanchez,betty.sanchez@brightleaf-retail.example,602-555-0165,Female,22-Oct-97,Phoenix,AZ,85029,28-Sep-22,,Active,,,Sales,Account Executive,Mid,Full-Time,"HQ - Phoenix, AZ",E10448,"85,850",16-Nov-23,4,3.3,Bachelor's Degree,21-Jul-26
E10565,Malik,Mullins,malik.mullins@brightleaf-retail.example,208-555-0193,Male,1/12/1981,Gilbert,AZ,85292,10/1/2022,,Active,,,Store Operations,Store Manager,Manager,Full-Time,Store #4 Chandler,E10083,"77,250 USD",,4,4.1,Bachelor's Degree,6/2/2026
E10566,douglas,Zuniga,douglas.zuniga@brightleaf-retail.example,(501) 555-0159,M,8/13/1989,PHOENIX,AZ,85050,3-Oct-22,,Active,,,Information Technology,IT Support Technician,Entry,Full-Time,"HQ - Phoenix, AZ",E10509,53150,,4,3.3,BA,4/2/2026
E10567,Beverly,russell,beverly.russell@brightleaf-retail.example,2145550114,NULL,11/23/1999,Irving,TX,,10/3/2022,,Active,,,Product Development,Product Manager ,Mid Level,Full-Time,"Regional Office - Dallas, TX",E10130,122600,,3,2.3,Bachelors,7/17/2026
E10568,Nolan,Martin,nolan.martin@brightleaf-retail.example,224 555 0166,Male,7/9/1998,Scottsdale,AZ,85266,10/6/2022,,Active,,,Product Development,QA Analyst,Mid,Full-Time,Headquarters,E10518,77050,,4,3.8,Bachelor's Degree,1/13/2026
E10569,Kathryn,ANDERSON,kathryn.anderson@brightleaf-retail.example,4175550198,Female,1/19/2000,Phoenix,AZ,85045,10-Oct-22,,Active,,,Store Operations,Stock Associate,Entry,Part-Time,Phoenix Store (001),E10546,"18,050",,3,4.2,Bachelor's Degree,6/20/2026
 E10570,Philip,Silva,philip.silva@brightleaf-retail.example,254-555-0146,Male,9/5/1992,Denver,CO,80224,10/10/2022,,Active,,,Store Operations,Sales Floor Associate,Entry,Full-Time,Denver Store (019),E10546,34.6K,,3,1.4,bachelors degree,5/25/2026
E10571,Nicholas,Hicks,nicholas.hicks@brightleaf-retail.example,,Prefer not to say,28-Jul-05,Scottsdale,AZ,85259,10-Oct-22,14-Feb-23,Terminated,Involuntary,End of Season,Store Operations,Stock Associate,Entry,Seasonal,"Store 005 - Glendale, AZ",E10409,"13,650",,,,High School,26-Feb-23
E10572,Keith,GIBSON,keith.gibson@brightleaf-retail.example,8565550114,Male,20-Dec-05,Lakewood,CO,80225,10/17/2022,,Active,,,Store Ops,Sales Floor Associate,entry,Full-Time,"Store 021 - Lakewood, CO",E10432,"$36,100 ",,2,3.1,High School,8/16/2026
E10573,Evelyn,Miranda,evelyn.miranda@brightleaf-retail.example,(480) 555-0112,Female,18-Aug-96,Phoenix,AZ,85037,17-Oct-22,8/28/2026,TERM,Voluntary,,Human Resources,Recruiter,Mid,Full-Time,Corporate - Phoenix,E10557,72500,,3,3.5,,20-Sep-26
E10574,Brianna,Sandoval,,480-555-0156,F,11/10/1997,Chandler,AZ,85238,10/17/2022,3/29/2024,Terminated,Involuntary,Attendance,,Sales Floor Associate,Jr,Part-Time,Store #4 Chandler,E10405,"17,700 USD",,1,2.7,Associate,3/31/2024
E10575,Danielle,fox,danielle.fox@brightleaf-retail.example,610-555-0172,Female,17-Jan-04,Scottsdale,Arizona,85250,22-Oct-22,26-Jan-23,Terminated,Involuntary,,Customer Service,Customer Service Representative,Entry,Seasonal,"HQ - Phoenix, AZ",E10480,13650,,,,,30-Jan-23
e10576,Guadalupe,Thomas,guadalupe.thomas@brightleaf-retail.example,318-555-0183,Female,9/24/1994,Glendale,AZ,85306,10/24/2022,,active,,,Merch,Merchandising Assistant,Entry,Full-Time,"HQ - Phoenix, AZ",E-10315,43200,,1,3.1,Associate's Degree,7/8/2026
E10577,Anthony,Warren,anthony.warren@brightleaf-retail.example,781.555.0178,Male,3/5/2004,Tucson,AZ,,10/25/2022,2/11/2023,Terminated,Involuntary,End of Season,Store Operations,Sales Floor Associate,Jr,Seasonal,"Store 009 - Tucson, AZ",,16550,,,,Bachelor's Degree,3/5/2023
E10578,Priya,Cox,priya.cox@brightleaf-retail.example,480-555-0196,Female,1/3/1980,Mesa,AZ,85210,10/30/2022,1/21/2023,Terminated,Involuntary,End of Season,Store Ops,Cashier,Jr,Seasonal,"Store 003 - Mesa, AZ",E10500,12600,,,,,2/13/2023
E10579,Avery,Pate,avery.pate@brightleaf-retail.example,,Female,3/21/2001,Dallas,TX,75226,11/1/2022,,Active,,,N/A,Customer Service Representative,Jr,Part-Time,"Regional Office - Dallas, TX",,"$26,900 ",,2,3.1,Bachelor's Degree,2/9/2026
E10580,Matthew,Curtis,matthew.curtis@brightleaf-retail.example,(817) 555-0195,male,8/21/1981,Dallas,TX,75204,11/2/2022,,Terminated,Voluntary,N/A,Customer Service,Customer Service Manager,Manager,Full-Time,Dallas Office,E10059,"$75,700 ",7/11/2025,2,3.6,Bachelor's Degree,6/26/2026
E10581,Marcus,Woods,marcus.woods@brightleaf-retail.example,5035550133,MALE,1/14/2005,North Las Vegas,NV,,11/2/2022,1/12/2023,Terminated,Involuntary,End of Season,NULL,Sales Floor Associate,Entry,Seasonal,Henderson Store (012),,12.5K,,,,High School,1/13/2023
E10582,Michael,Goldberg,michael.goldberg@brightleaf-retail.example,(734) 555-0127,Male,30-Apr-04,Dallas,TX,75220,3-Nov-22,24-Jan-23,Terminated,Involuntary,Season End,Customer Service,Customer Service Representative,Entry Level,Seasonal,"Regional Office - Dallas, TX",E10480,"$17,400 ",,,NA,GED,27-Jan-23
E10583,Joan,Walters,joan.walters@brightleaf-retail.example,(602) 555-0152,Female,8/18/1993,Glendale,AZ,85306,11/6/2022,,Active,,,Prod Dev,Associate Product Manager,Entry,Full-Time,REMOTE,E10529,"$84,000.00 ",,3,3.5,Master's Degree,5/28/2026
e10584,Yolanda,Horton,yolanda.horton@brightleaf-retail.example,(817) 555-0136,Female,2/8/1988,Frisco,TX,75033,11/7/2022,,Active,,,Sales,Senior Account Executive,Senior Level,Full-Time,regional office - dallas, E10411,91900,1/13/2026,2,,Master's Degree,9/15/2026
E10585,Itzel,Graves,itzel.graves@brightleaf-retail.example,636-555-0133,Female,4/29/1991,Dallas,TX,75217,11/14/2022,,A,,,IT,Software Engineer,Mid,Full-time,Dallas Regional,E10216,116800,2/23/2024,2,3.1,Master's Degree,2/16/2026
e10586,Marcus,Rose,marcus.rose@brightleaf-retail.example,801.555.0198,Male,10/26/2000,Aurora,CO,80010,11/14/2022,,Terminated,Voluntary,Management/Culture,Supply Chain & Logistics,Warehouse Associate,Entry,Part-Time,"DC - Aurora, CO",E10462,"$25,200 ",,3,3.5,Associate's Degree,2/13/2024
E10587,Melissa,White,melissa.white@mailhub.example,,Female,12/31/1996,Atlanta,GA,30339-5178,11/14/2022,,Active,,,Mktg,Digital Marketing Specialist,Intermediate,Full-Time,Remote - US,E10356,"63,050",,4,4.1,,9/2/2026
E10588,Lucas,Lewis,lucas.lewis@brightleaf-retail.example,+1 214 555 0118,Male,9/13/1985,Plano,TX,75028,11/14/2022,,Active,,,Supply Chain & Logistics,Warehouse Associate,Entry,Full-Time,"DC - Fort Worth, TX",E10252,"$35,600 ",,0,3.8,Associate's Degree,3/31/2026
E10589, Samantha,Cross,samantha.cross@brightleaf-retail.example,(240) 555-0132,Fem,9/24/1986,Phoenix,AZ,85033,11/16/2022,,ACTIVE,,,Product Development,UX Designer,mid,FT,"HQ - Phoenix, AZ",E10245,92400,,4,3.4,BA,5/16/2026
E10590,Sharon,Garza,sharon.garza@brightleaf-retail.example,228-555-0197,Female,6/17/1986,Goodyear,Arizona,85358,11/18/2022,,A,,,SALES,Regional Sales Manager,Manager,Full-Time,"HQ - Phoenix, AZ",E10302,"$126,450 ",,3,NA,Bachelor's Degree,9-Apr-26
E10591,Ethan,Cabrera,ethan.cabrera@brightleaf-retail.example,623-555-0183,Male,8-Jan-89,Mesa,AZ,85215,20-Nov-22,9-Jan-23,Terminated,Involuntary,Season End,Store Operations,Cashier,Entry,Seasonal,store 3 - mesa,E10488,14000,,,,Bachelor's Degree,19-Jan-23
E10592,Henry,liu,henry.liu@brightleaf-retail.example,602-555-0125,MALE,12/17/1972,Phoenix,AZ,85040,20-Nov-22,2/2/2023,Terminated,Invol,,SC&L,Warehouse Associate,Entry,Seasonal,Phoenix HQ,E10478,12100,,,,Master's Degree,2/10/2023
E10593,Bradley,Smith,bradley.smith@brightleaf-retail.example,602-555-0127,Male,9/28/1995,Surprise,AZ,85384,5-Dec-22,,Active,,,Store Operations,Sales Floor Associate,Entry,Full-Time,"Store 005 - Glendale, AZ",E10382,33350,,3,4.1,BS,9/13/2026
E10594,Teresa,Conti,teresa.conti@brightleaf-retail.example,3035550151,Prefer not to say,11/25/1984,Denver,CO,80238,12/5/2022,4/5/2024,Terminated,Voluntary,,Store Operations,Sales Floor Associate,Entry,Part-Time,"Store 020 - Aurora, CO",E10546,"$22,350.00 ",,4,3.8,Associate's Degree,4/29/2024
E10595,Henry,Ayala,henry.ayala@brightleaf-retail.example,303.555.0157,Male,8/31/1988,Thornton,Colo.,80241,6-Dec-22,,Active,,,Marketing,Digital Marketing Specialist,Mid,Full-Time,Remote,E10356,"70,900",,Meets,,high school,3/27/2026
E10596,Benjamin,Rivera,benjamin.rivera@brightleaf-retail.example,+1 702 555 0178,Male,7/9/1991,Henderson,NV,89052,12/12/2022,1/9/2026,Terminated,Voluntary,,Information Technology,Data Analyst,Mid,Full-Time,Remote,E10216,"$71,900 ",,3,2.7,Master's Degree,1/27/2026
E10597,Jordan,MITCHELL,jordan.mitchell@brightleaf-retail.example,6235550122,Male,14-Apr-88,Phoenix,AZ,85003,12-Dec-22,,Active,,,Marketing,Digital Marketing Specialist,Mid,Full Time,"HQ - Phoenix, AZ",E10261,"$71,000 ",,3,4.2,Bachelor's Degree,9-Mar-26
E10598,Paige,Chavez,paige.chavez@brightleaf-retail.example,,Female,18-Dec-77,Cedar Park,TX,78613,19-Dec-22,7-Feb-25,Terminated,Voluntary,N/A,Store Operations,Cashier,Entry,Part-time,"Store 017 - Austin, TX",E10409,20.4K,,2,3.2,Bachelor's Degree,13-Feb-25
E10599,Alejandra,Fitzgerald,alejandra.fitzgerald@brightleaf-retail.example,907-555-0168,Fem,19-Jan-92,Albuquerque,NM,87119,21-Dec-22,1/19/2024,Terminated,Voluntary,Family/Personal,store operations,Sales Floor Associate,Entry,Part-Time,"Store 022 - Albuquerque, NM",N/A,21400,,Meets,3.4,Bachelor's Degree,2/5/2024
E10600,Robert,Cervantes,robert.cervantes@brightleaf-retail.example,720.555.0139,Male,5/18/1989,Lakewood,CO,80234,12/26/2022,,Active,,,Store Ops,Stock Associate,E,Part-Time,STORE 021,E10546,22200,,3,3,MBA,5/13/2026
E10601,Kimberly,Harvey,kimberly.harvey@brightleaf-retail.example,505 555 0134,Female,21-Feb-84,Albuquerque,New Mexico,87121-1283,26-Dec-22,,Active,,,Store Operations,Store Manager,Manager,Full-Time,Albuquerque Store (022),E10054,76400,,3,3.7,BA,8-Jun-26
E10602,Jeffrey,young,jeffrey.young@brightleaf-retail.example,,Male,4/28/1994,Dallas,TX,75235,12/30/2022,,Active,,,Sales Department,Sales Operations Analyst,Mid,Full-Time,Dallas Regional,E10312,"$69,150 ",5/24/2025,4,4.1,Associate,2/1/2026
E10603,Amina,Quinn,amina.quinn@brightleaf-retail.example,469 555 0178,Female,25-Feb-80,Grand Prairie,TX,75053,12/31/2022,,active,,,Sales,Regional Sales Manager,Manager,Full-Time,"Regional Office - Dallas, TX",E10107,"$126,850 ",12/18/2024,3,2.3,Master's Degree,5/6/2026
E10604,Sofia,Lewis,sofia.lewis@brightleaf-retail.example,810-555-0104,Female,10/1/1985,Phoenix,AZ,85020,1/2/2023,,Active,,,Store Operations,Sales Floor Associate,Entry,Full-Time,store 24 - phoenix,E10546,"$34,600.00 ",,5,3.4,Associate's Degree,7/30/2026
E10605,Nicholas,george,nicholas.george@brightleaf-retail.example,+1 801 555 0166,,11/7/1997,Salt Lake City,UT,84111,1/9/2023,7/31/2023,Terminated,Voluntary,,Store Operations,Cashier,Entry,P/T,STORE 023,E10459,"$16,250.00 ",,2,NA,High School,8/9/2023
E10606,Emma,Wood,emma.wood@brightleaf-retail.example,480-555-0147,Female,25-Apr-88,Scottsdale,AZ,85253,9-Jan-23,26-Sep-23,Terminated,Voluntary,Compensation,Store Ops,Cashier,Entry Level,Full-Time,"Store 006 - Scottsdale, AZ",E10500,33150,,4,,GED,8-Oct-23
E10607,Joseph,Hopkins,joseph.hopkins@brightleaf-retail.example,623.555.0187,Male,16-Oct-87,Gilbert,AZ,85297,14-Jan-23,,Actv,,,Product Development,Product Manager,mid,Full-Time,hq phoenix,E10441,"$123,000.00 ",,4,,Bachelor's Degree,18-Apr-26
E10608,Jasmine,Richardson ,jasmine.richardson@mailhub.example,720-555-0142,female,3-Feb-96,Lakewood,CO,80230,16-Jan-23,,Active,,,Information Technology,Data Analyst,Mid,Full-Time,"Regional Office - Denver, CO",E10525,"$77,850 ",25-Oct-25,5,5,Bachelor's Degree,5-May-26
E10609,Anton,Reynolds,anton.reynolds@brightleaf-retail.example,801.555.0131,Male,1/10/1999,Salt Lake City,UT,84117,1/16/2023,,Active,,,Marketing,Content Strategist,Mid,Full-Time,Remote,E10018,64850,,3,2.9,Bachelor's Degree,5/21/2026
E10610,Sienna,Li,sienna.li@mailhub.example,(505) 555-0182,Prefer not to say,7/21/1995,Dallas,TX,75205,1/17/2023,,Active,,,Product Development,Product Analyst,Mid,Full-Time,"Regional Office - Dallas, TX",E10518,77800,,4,4.5,Master's Degree,8/20/2026
E10611,Yuki,Frazier,yuki.frazier@brightleaf-retail.example,602 555 0122,Female,3/6/1995,Phoenix,AZ,85024,1/23/2023,,Active,,,Legal & Compliance,Corporate Counsel,Senior,Full-Time,"HQ - Phoenix, AZ",E10254,"166,950",,2,4.9,Ph.D.,8/10/2026
E10612,Sergio,Thompson,sergio.thompson@brightleaf-retail.example,480-555-0104,Male,10/12/1987,Phoenix,AZ,85043,1/23/2023,10/3/2025,Terminated,Voluntary,Management/Culture,Merchandising,Buyer,Mid,Full-Time,"HQ - Phoenix, AZ",E10337,72100,,Needs Improvement,2.7,,10/3/2025
E10613,Owen,Howell ,owen.howell@brightleaf-retail.example,(818) 555-0198,M,4/28/2000,Irving,TX,75040,1/23/2023,,Active,,,Information Technology,IT Support Technician,Entry,Full-Time,"Regional Office - Dallas, TX",E10554,"$52,650 ",,Exceeds,3.6,Bachelor's,6/16/2026
E10614,Patrick,Dalton,patrick.dalton@brightleaf-retail.example,517-555-0150,Male,5/17/1993,Boston,MA,2127,2/6/2023,,ACTIVE,,,Finance,Senior Accountant,Senior,full time,Remote,E10019,"93,350",,Needs Improvement,3.4,Master's Degree,26-May-26
E10615,Kimberly,Evans,kimberly.evans@brightleaf-retail.example,501-555-0169,Female,3/21/1988,Tempe,AZ,85288,2/11/2023,,ACTIVE,,,Product Development,Product Analyst,Mid,Full-Time,"HQ - Phoenix, AZ",E10033,82700,,2,3.8,,6/5/2026
E10616,Elizabeth,TORRES,elizabeth.torres@brightleaf-retail.example,6025550180,Other,10/5/1987,Glendale,Arizona,,2/13/2023,,Active,,,Fin,Staff Accountant,Mid,Full-Time,"HQ - Phoenix, AZ",E10614,"72,500",7/19/2024,3,NA,High School,4/15/2026
E10617,Marissa,Okafor,marissa.okafor@brightleaf-retail.example,(303) 555-0189,Female,,Thornton,CO,80230,20-Feb-23,,active,,,Customer Service,Customer Service Representative,Entry,Part Time,"Regional Office - Denver, CO",E10473,20.8K,,4,4.5,BA,20-May-26
E10618,Terry,Clarke,terry.clarke@brightleaf-retail.example,9035550182,male,8/20/1994,avondale,AZ,85327,20-Feb-23,,Active,,,Product Development,Product Manager,Mid,Full-Time,HQ,E10033,123000,,2,4.1,Associate's Degree,2/24/2026
E10619,Nolan,Cunningham,nolan.cunningham@brightleaf-retail.example,(321) 555-0154,Male,1/5/2001,Austin,TX,78724-1222,2/20/2023,,Active,,,Store Ops,Cashier,Entry,Full-Time,"Store 017 - Austin, TX",E10340,"$30,450 ",,3,3.2,high school,8/18/2026
E10620,Minjun,Cox,minjun.cox@brightleaf-retail.example,239-555-0173,MALE,4/30/2006,Denver,CO,80206,26-Feb-23,,Active,,,Store Operations,SALES FLOOR ASSOCIATE,Entry,Full-Time,"Store 020 - Aurora, CO",E10200,"33,400",,3,3.4,Associate's Degree,14-Jun-26
E10621,Eric,Davis,eric.davis@brightleaf-retail.example,(614) 555-0163,Male,9/3/1995,Arvada,CO,80005,2/27/2023,,Actv,,,Cust Service,Senior Customer Service Representative,Mid,Full-Time,regional office - denver,E10128,51950,7/8/2024,3,4,High School,4/26/2026
E10622,Juan,Chen,juan.chen@brightleaf-retail.example,480.555.0195,Male,1/15/2005,Mesa,AZ,85214,2/27/2023,8/17/2023,Terminated,Voluntary,,customer service,Customer Service Representative,Entry,Part-Time,"HQ - Phoenix, AZ",E10476,21850,,,,Bachelor's Degree,8/20/2023
 E10623,JANET,Armstrong,janet.armstrong@brightleaf-retail.example,(623) 555-0179,Female,3/11/1992,Phoenix,AZ,85042,3/6/2023,,Active,,,Marketing,Digital Marketing Specialist,mid,Full-Time,"HQ - Phoenix, AZ",E10040,67950,6/6/2025,3,3.4,Bachelor's Degree,6/15/2026
E10624,Vanessa,Ayala,vanessa.ayala@brightleaf-retail.example,(919) 555-0174,Fem,4/15/1992,Raleigh,NC,27614,3/6/2023,,Active,,,Merchandising,Buyer,Mid Level,F/T,REMOTE,E10486,"75,900",,3,3.9,MS,4/3/2026
E10625,Cristian,Jimenez,cristian.jimenez@brightleaf-retail.example,801 555 0111,Male,8/17/1990,Sandy,UT,84087,3/9/2023,,Active,,,Store Operations,Sales Floor Associate,Entry,Full-Time,"Store 023 - Salt Lake City, UT",E10546,"$33,050 ",,Exceeds,3.4,Associate's Degree,11/20/2025
E10626,Abigail,Chan,abigail.chan@brightleaf-retail.example,503-555-0159,Female,9/3/1981,North Las Vegas,NV,89065,3/13/2023,,Active,,,Store Operations,Sales Floor Associate,Entry,Part Time,"Store 012 - Henderson, NV",E10432,20.0K,,4,3.7,High School,8/8/2026
E10627,Yesenia,Dawson,yesenia.dawson@brightleaf-retail.example,925-555-0191,Female,20-Jul-01,Lakewood,CO,80234,15-Mar-23,,Active,,,Information Technology,IT Support Technician,entry,FT,Remote,E10341,49250,,2,4.3,Bachelor's Degree,22-Aug-26
E10410,Tara,Farmer,tara.farmer@brightleaf-retail.example,602.555.0167,Female,3/1/1993,Phoenix,az,85012,6/15/2021,,Active,,,Finance,Staff Accountant,Mid,F/T,Remote,E10330,"73,050",,3,,Bachelor's Degree,9/20/2026
E10628,Victoria,Guerrero,victoria.guerrero@brightleaf-retail.example,480-555-0192,Female,5/15/1999,Goodyear,AZ,85373,3/16/2023,,Active,,,Customer Service,Customer Service Representative,Entry,Full-Time,"HQ - Phoenix, AZ",E10476,40650,,2,3.8,Bachelor's Degree,7/10/2026
E10629,Teresa,henry,teresa.henry@brightleaf-retail.example,646-555-0181,Female,1/6/2001,dallas,TX,75217,3/20/2023,,On Leave,,,Customer Svc,Senior Customer Service Representative,Mid,Full-Time,Dallas Regional,E10087,43750,2/22/2026,3,3.4,Bachelors,4/8/2026
E10630,Bruce,Ward,bruce.ward@brightleaf-retail.example,(972) 555-0143,Male,18-Jan-94,DALLAS,TX,75244,3/20/2023,,Active,,,Marketing,Digital Marketing Specialist,Mid,Full-Time,"Regional Office - Dallas, TX",E10026,73050,,5,4.4,Bachelors,1/25/2026
E10631,Cynthia,Boyd,cynthia.boyd@brightleaf-retail.example,602.555.0184,Female,9/21/1998,Phoenix,AZ,85052,3/20/2023,,Active,,,Sales,Account Executive,Mid,Full-Time,"HQ - Phoenix, AZ",e10395,"72,400 USD",,5,,Bachelor's Degree,9/14/2026
E10632,Alejandro,clark,alejandro.clark@brightleaf-retail.example,(301) 555-0158,Male,7/26/1979,Tolleson,AZ,85353,3/25/2023,,Active,,,Finance,Senior Accountant,Senior,Full-Time,"HQ - Phoenix, AZ",E10156,85250,,5,4.2,Bachelor's Degree,6/7/2026
E10633,Cheryl,Hayes,cheryl.hayes@brightleaf-retail.example,385.555.0133,Female,6/18/1994,Scottsdale,AZ,85258,4/3/2023,,Active,,,Store Operations,Sales Floor Associate,Entry,Full-Time,"Store 024 - Phoenix, AZ",e10432,31550,,3,3.3,Bachelor's Degree,4/8/2026
E10634,Yasmin,Stevenson,yasmin.stevenson@brightleaf-retail.example,708-555-0134,Female,2/15/1993,Salt Lake City,UT,84107-5071,4/3/2023,,Active,,,Human Resources,HR Coordinator,Entry,Full-Time,WFH,E10536,"$44,550.00 ",,3,4.3,Bachelor's,5/30/2026
E10635,Theresa,Flores,theresa.flores@brightleaf-retail.example,(214) 555-0107,Female,2-Nov-87,Arlington,TX,76014-8602,3-Apr-23,,ACTIVE,,,store operations,Assistant Store Manager,Senior,Full-Time,"Store 014 - Plano, TX",E10366,60550,,4,3.8,Bachelor's Degree,24-Aug-26
E10636,Alejandro,Hill,alejandro.hill@brightleaf-retail.example,(318) 555-0163,Male,5/10/1995,Scottsdale,AZ,85253,4/10/2023,6/9/2023,Terminated,Voluntary,,Sales,Sales Development Representative,Entry,Full-Time,"HQ - Phoenix, AZ",E10496,43300,,,,Bachelor's,6/13/2023
E10637,Minji,Grant,minji.grant@brightleaf-retail.example,(903) 555-0141,Fem,5/6/2003,Glendale,az,,4/10/2023,8/1/2025,Terminated,VOLUNTARY,Work/Life Balance,STORE OPERATIONS,Sales Floor Associate,,PT,"Store 005 - Glendale, AZ",E10546,"22,750",,3,3.2,high school,8/16/2025
E10638,Stephen,Cardenas ,stephen.cardenas@brightleaf-retail.example,(936) 555-0133,Male,13-Feb-90,Scottsdale,AZ,85260,10-Apr-23,,Active,,,Product Development,Product Manager,Mid,Full-Time,"HQ - Phoenix, AZ",E10130,"$124,450 ",26-Jun-25,1,3.4,Bachelor's Degree,24-Aug-26
E10639,Amber,Richardson,AMBER.RICHARDSON@BRIGHTLEAF-RETAIL.EXAMPLE,7185550110,Female,5/26/1991,Tolleson,AZ,85353,4/17/2023,,Active,,,MERCHANDISING,Buyer,Mid,FT,"HQ - Phoenix, AZ",E10486,72450,,4,4.1,Bachelor's Degree,6/30/2026
E10640,Gregory,Pearson,gregory.pearson@brightleaf-retail.example,303.555.0146,M,1-Mar-96,Denver,CO,80223,17-Apr-23,5-Nov-24,Terminated,Involuntary,Performance Issues,Store Operations,cashier,Entry,Full-Time,"Store 019 - Denver, CO",E10432,pending,,1,2.6,,12-Nov-24
E10641,Sergio,Burke,sergio.burke@brightleaf-retail.example,602-555-0117,Male,,Peoria,AZ,85358,4/22/2023,11/1/2024,Terminated,Involuntary,restructuring,Product Development,UX Designer,Mid,Full-Time,"HQ - Phoenix, AZ",E10033,98550,,5,4.1,Bachelor's Degree,11/5/2024
E10642,Emily,Sharp,emily.sharp@brightleaf-retail.example,,Female,2/16/1995,Las Vegas,NV,89145,4/23/2023,,Active,,,STORE OPERATIONS,Department Supervisor,Mid,Full-Time,"Store 011 - Las Vegas, NV",E10187,46400,1/19/2026,3,3.5,High School,6/15/2026
E10643,Jean,Foster,jean.foster@brightleaf-retail.example,8135550144,Female,3/19/1988,Denver,CO,80248,24-Apr-23,6-Oct-25,Terminated,Voluntary,Better Opportunity,Customer Service,Customer Service Representative,Jr,Part-Time,regional office - denver,E10473,"$21,000 ",,2,,High School,10/15/2025
E10644,Carolyn,Medina,carolyn.medina@brightleaf-retail.example,(813) 555-0103,Female,5/26/1989,Tampa,FL,33636,24-Apr-23,,Active,,,Product Development,Product Analyst,Mid,Full-Time,Remote,E10441,86550,,3,2.9,Bachelors,4/25/2026
E-10645,Ava,Cole,ava.cole@brightleaf-retail.example,702-555-0111,Female,3/3/1986,Henderson,NV,89071,4/25/2023,,Active,,,Store Operations,Sales Floor Associate,Entry,Full-Time,"Store 026 - Las Vegas, NV",E10432,34100,,2,3.4,Associates,6-Dec-25
E10646,Jerry,Jensen,jerry.jensen@brightleaf-retail.example,(913) 555-0104,Male,11/23/1989,Goodyear,AZ,85343,5/1/2023,,Active,,,Legal & Compliance,Paralegal,,Full-Time,"HQ - Phoenix, AZ",E10611,73500,,5,3.9,Master's Degree,7/23/2026
E10647,Judith,Young,judith.young@brightleaf-retail.example,480-555-0194,Female,4/29/1995,Tolleson,AZ,85353,5/1/2023,3/4/2025,Terminated,,Work-Life Balance,Customer Service,Senior Customer Service Representative,Intermediate,Full-Time,"HQ - Phoenix, AZ",E10010,47.0K,,3,3.1,high school,3/7/2025
E10648,Leroy,Moore,leroy.moore@brightleaf-retail.example,702-555-0160,Male,8/4/1995,Las Vegas,NV,89148,5/5/2023,,Active,,,Store Operations,Store Manager,Manager,Full-Time,STORE 026,E10063,80450,2/25/2026,3,4.3,BA,1/7/2026
E10649,Jocelyn,Watson,jocelyn.watson@brightleaf-retail.example,520-555-0120,Female,2/11/1999,Sahuarita,AZ,85629,5/9/2023,,Active,,,Merchandising,Merchandising Assistant,Entry,Full-Time,Remote,E10624,45650,,3,3.6,Bachelor's Degree,11/6/2025
E10650,Layla,Coleman,layla.coleman@brightleaf-retail.example,,Female,4/24/1993,Tolleson,AZ,85353,5/10/2023,,Active,,,SC&L,Logistics Coordinator,Mid,Full-Time,DC Tolleson,E10474,56950,5/10/2026,3,4.7,Bachelor's,11/20/2025
E10651,Roger,parks,roger.parks@brightleaf-retail.example,9705550186,Male,12/29/1998,dallas,TX,75225,5/10/2023,,ACTIVE,,,Sales,Sales Development Representative,Entry,Full Time,"Regional Office - Dallas, TX",E10387,49650,,1,2.2,Bachelor's Degree,8/19/2026
E10652,Layla,Lane,layla.lane@brightleaf-retail.example,9375550147,Female,3/1/1988,Garland,TX,75040-1632,5/10/2023,,active,,,Store Operations,Sales Floor Associate,Entry,F/T,"Store 014 - Plano, TX",E10546,"33,650 USD",,3,NA,High School,6/13/2026
E10653,Judy,Hubbard,,5025550155,FEMALE,9/27/2000,Phoenix,AZ,85018,5/15/2023,8/23/2024,Terminated,Voluntary ,Family reasons,Sales,Sales Development Representative,Entry,Full-Time,"HQ - Phoenix, AZ",E10011,"47,600",,3,3.9,Master's Degree,9/5/2024
E10654,Brenda, Liu,brenda.liu@brightleaf-retail.example,239 555 0168,Female,10-Mar-89,Goodyear,AZ,85383,15-May-23,,A,,,Sales,Account Executive,Mid,Full-Time,"HQ - Phoenix, AZ",E10133,"73,950 USD",,3,4.1,BA,28-Aug-26
E10655,Mary,Cardenas,mary.cardenas@brightleaf-retail.example,,Fem,8/28/1999,PHOENIX,AZ,85045,5/22/2023,,Active,,,Marketing,Digital Marketing Specialist,Mid,Full-Time,Corporate - Phoenix,E10012,68.2K,,4,3.7,Master's,7/4/2026
E10656,Lori,Harrison,lori.harrison@brightleaf-retail.example,910-555-0113,Female,12/23/2001,Phoenix,AZ,85052,5/27/2023,,Actv,,,Sales,Sales Development Representative,Entry,Full-Time,Corporate - Phoenix,E10168,47500,,4,4.8,Bachelor's,4/27/2026
E10657,Kimberly,Rice,kimberly.rice@brightleaf-retail.example,(512) 555-0106,Female,6/24/1995,AUSTIN,Texas,78738,5/29/2023,,Active,,,Store Operations,Stock Associate,Entry,Full-Time,"Store 017 - Austin, TX",E10642,32500,,2,3.1,high school,7/28/2026
E10658,Talia,Schneider,talia.schneider@brightleaf-retail.example,9125550174,Female,6/8/1979,Phoenix,AZ,85051,5/29/2023,,Active,,,,Department Supervisor,Mid Level,FT,"Store 001 - Phoenix, AZ",E10635,45700,9/28/2025,2,,Bachelor's Degree,9/20/2026
E10659,Grant,Hanson,grant.hanson@brightleaf-retail.example,(303) 555-0168,Male,8/26/1996,Denver,CO,80223,5/29/2023,,Active,,,Supply Chain & Logistics,Warehouse Associate,Entry,Full-Time,"DC - Aurora, CO",E10364,"$36,250 ",,3,3.7,,9/3/2026
E10660,Irina,Cooper,irina.cooper@brightleaf-retail.example,(319) 555-0101,Female,8/13/1994,Garland,TX,75043,5/29/2023,10/24/2025,TERM,Voluntary,Reloc,Customer Service,Customer Service Rep,Entry,Part-Time,Dallas Office,E10629,"$23,200 ",,4,3.5,BS,10/24/2025
E10661,ALBERT,Mitchell,albert.mitchell@brightleaf-retail.example,480-555-0146,Male,11/14/1973,Phoenix,AZ,85027,5/30/2023,,active,,,Compliance,Legal Operations Manager,Manager,Full-time,"HQ - Phoenix, AZ",E10230,117750,,2,4,BA,3/15/2026
E10662,Alejandra,Oliver,alejandra.oliver@brightleaf-retail.example,480.555.0132,F,12/3/1995,Surprise,AZ,,6/1/2023,3/21/2024,Terminated,Vol,N/A,Customer Service,Senior Customer Service Representative,Mid,Full-Time,"HQ - Phoenix, AZ",E10079,"46,300 USD",,3,1.4,Bachelor's Degree,4/5/2024
E10663,Viktor,Ward,viktor.ward@brightleaf-retail.example,,Male,12/2/1985,Goodyear,AZ,85384,6/1/2023,,Actv,,,Product Development,Senior Product Manager,Senior,Full-Time,"HQ - Phoenix, AZ",E10122,138550,9/5/2024,4,4.8,Masters,8/16/2026
E10664,marie,Taylor,marie.taylor@brightleaf-retail.example,(520) 555-0102,Female,21-Mar-06,Oro Valley,AZ,85746,5-Jun-23,27-Dec-25,Terminated,Voluntary,Relocation,Stores,Cashier,,Full-Time,Store #9 Tucson,E10642,32500,,3,3.7,Bachelor's Degree,4-Jan-26
E10665,Victor,Kennedy,victor.kennedy@brightleaf-retail.example,,Male,7/31/2009,Phoenix,AZ,85007-5366,6/5/2023,12/15/2023,Term,Involuntary,,Store Operations,Stock Associate,Entry,Full-Time,"Store 024 - Phoenix, AZ",E10409,"34,750",,3,,High School,1/6/2024
E10666,Daniel,Butler,daniel.butler@brightleaf-retail.example,972-555-0141,MALE,1-Mar-95,Frisco,TX,75036,6-Jun-23,,Active,,,Store Operations,Cashier,Entry,Part-Time,"Store 013 - Dallas, TX",E10352,"$22,250 ",,4,3.9,Associates,11-Aug-26
E10667,William,Nelson,william.nelson@brightleaf-retail.example,4235550120,Male,2/27/1993,PHOENIX,AZ,85021,6/12/2023,,Active,,,Product Development,Product Analyst,Mid,Full-Time,"HQ - Phoenix, AZ",E10663,837500,,4,4.3,Master's Degree,3/14/2026
E10668,Lucia,Miller,,(808) 555-0146,Female,7/4/1985,round rock,TX,78674,6/12/2023,,Active,,,Store Operations,Cashier,Entry,Full-Time,"Store 018 - Round Rock, TX",E10488,30300,,3,4.2,High School,9/14/2026
E10669,Daniel,Richardson,daniel.richardson@brightleaf-retail.example,408.555.0163,Male,24-Dec-95,Mesa,AZ,85201-3995,12-Jun-23,,Active,,,Supply Chain & Logistics,Inventory Control Specialist,Mid,Full Time,Corporate - Phoenix,E10474,49750,,3,3.2,Associate's Degree,26-May-26
E10670,Willie,Suzuki,willie.suzuki@brightleaf-retail.example,303.555.0109,Male,10/3/1994,Arvada,co,80003,7/3/2023,,Active,,,Information Technology,Software Engineer,mid,Full-Time,"Regional Office - Denver, CO",E10266,"100,050 USD",4/15/2026,5,3.8,Bachelor's Degree,9/18/2026
E10671,Marilyn,Allen,marilyn.allen@brightleaf-retail.example,(602) 555-0178,Female,10/13/1995,Peoria,AZ,85365,7/3/2023,,Active,,,Store Operations,Cashier,Entry-level,Full-Time,"Store 008 - Peoria, AZ",E19038,33100,,3,3.2,Associate's Degree,9/6/2026
E10672,Neil,Powers,neil.powers@brightleaf-retail.example,(603) 555-0189,M,18-Feb-04,Round Rock,TX,78673,8-Jul-23,,Active,,,STORE OPERATIONS,Cashier,Entry,Part-Time,"Store 018 - Round Rock, TX",E10340,"$20,700 ",,4,3.9,Bachelor's Degree,9-Aug-26
E10673,Grant,Ramos,grant.ramos@brightleaf-retail.example,857-555-0112,Male,6/5/1985,Fort Worth,TX,76133,7/17/2023,5/23/2025,Inactive,INVOLUNTARY,Policy Violation,Customer Service,Support Team Lead,Senior,Full-Time,Dallas Office,E10489,"$51,850 ",11/28/2024,2,3.7,Masters,3-Jun-25
E10674,Rafael,Thornton,rafael.thornton@brightleaf-retail.example,602-555-0156,Male,12/11/1983,Surprise,Ariz.,85378,7/17/2023,,Active,,,Marketing,Content Strategist,Mid,Full-Time,"HQ - Phoenix, AZ",E10261,71750,9/22/2025,4,3.7,BA,4/30/2026
E10675,Sanjay,Nowak,sanjay.nowak@brightleaf-retail.example,+1 319 555 0145,Male,10/23/1993,Phoenix,AZ,85043,7/17/2023,,Active,,,Information Technology,Software Engineer,Mid,Full-Time,"HQ - Phoenix, AZ",E10525,"109,800",,3,,Associate,9/6/2026
e10676,Ling,Perkins,ling.perkins@brightleaf-retail.example,(469) 555-0104,Female,5/15/1986,Frisco,TX,75034,7/23/2023,,ACTIVE,,,MARKETING,Digital Marketing Specialist,Mid,Full-Time,"Regional Office - Dallas, TX",E10356,67600,4/11/2026,2,4.6,Bachelor's Degree,7/15/2026
E10677,Wei,Castillo,wei.castillo@mailhub.example,717-555-0153,Male,3/18/1998,Phoenix,AZ,85050,7/24/2023,,Active,,,Product Development,Product Analyst,Mid,Full-Time,Phoenix HQ,E10518,"86,650",,1,2.4,Bachelors,7/16/2026
E10678,Sharon,Patterson,sharon.patterson@brightleaf-retail.example,972.555.0103,Female,1/22/1993,DALLAS,TX,75219,7/24/2023,,Active,,,,Senior Customer Service Representative,Mid,Full-Time,"Regional Office - Dallas, TX",E10237,"51,150 USD",4/26/2026,3,3.6,Associate's Degree,3/29/2026
E10679,Alan,Ramirez,alan.ramirez@brightleaf-retail.example,303-555-0133,male,6-Jul-90,Arvada,CO,80002,24-Jul-23,,Active,,,SC&L,Warehouse Associate,Entry,full time,"DC - Aurora, CO",E10239,34000,,3,4.1,,10-Sep-26
E10680,Christopher,Rice,christopher.rice@brightleaf-retail.example,,Male,7/2/1994,Glendale,AZ,85306,7/24/2023,,Active,,,Legal & Compliance,Compliance Analyst,mid,Full-time,"HQ - Phoenix, AZ",E10611,"79,900",10/10/2025,4,3.5,,4/30/2026
E10681,Logan,WARD,logan.ward@brightleaf-retail.example,(757) 555-0167,Male,1/27/1995,Mesa,AZ,85214,8/8/2023,2/7/2026,Terminated,,,Store Operations,Cashier,Entry,Part-Time,STORE 003,E10339,17250,,Meets,2.9,High School,2/16/2026
E10682,Nathan,Ramsey,nathan.ramsey@brightleaf-retail.example,843.555.0187,male,4/13/1996,Gilbert,AZ,85298,8/10/2023,,Active,,,Information Technology,software engineer,Mid,Full-Time,"HQ - Phoenix, AZ",E10266,"$105,200 ",,3,3.5,bachelors degree,12/7/2025
E10683,Michael,Talley,michael.talley@brightleaf-retail.example,817-555-0183,Male,3/19/1988,Austin,TX,78703,8/11/2023,,Active,,,Store Operations ,Store Manager,Manager,Full-Time,"Store 017 - Austin, TX",E10054,"$83,150 ",,3,3.1,Bachelor's,3/18/2026
E10684,Colleen,Morrison,colleen.morrison@brightleaf-retail.example,480-555-0125,Female,21-Jul-97,Avondale,AZ,85339,14-Aug-23,,Active,,,CS,Customer Service Representative,Entry,part time,"HQ - Phoenix, AZ",E10621,"$22,350 ",,2,4.3,High School,2-Mar-26
E10685,Dylan,Larson,dylan.larson@brightleaf-retail.example,,Male,3/17/2000,Gilbert,AZ,85288,8/14/2023,,Active,,,Sales,Sales Development Representative,Entry,Full-Time,Phoenix HQ,E10446,47700,,3,4.1,BA,4/30/2026
E10686,Noah,Cain,noah.cain@brightleaf-retail.example,602-555-0160,Male,10/3/2005,Peoria,AZ,85346,8/17/2023,,Active,,,Store Operations,Sales Floor Associate,Entry,Full-Time,STORE 008,E10055,33.9K,,3,2.2,High School,7/4/2026
E10687,Fernando,Gupta,fernando.gupta@brightleaf-retail.example,602.555.0101,Male,3/20/2000,Phoenix,AZ,85004,8/19/2023,,Active,,,Human Resources,HR Coordinator,Entry,Full-Time,hq phoenix,E10536,45800,,3,,Bachelor's Degree,1/20/2026
E10688,Diana,Day,diana.day@brightleaf-retail.example,(323) 555-0140,Female,6/11/1995,Gilbert,AZ,85298,8/21/2023,,Active,,,Sales,Sales Operations Analyst,Mid,Full-Time,Phoenix HQ,E10331,62050,5/14/2025,3,2.8,BS,6/3/2026
E10689,Itzel,Johnson,itzel.johnson@brightleaf-retail.example,+1 480 555 0143,Female,4/2/1987,Avondale,AZ,85337,8/21/2023,,LOA,,,Store Operations,Store Manager,Manager,Full-Time,Store #1 Phoenix,E10083,"73,800",,3,1.4,Bachelor's Degree,11/16/2025
E10690,Nancy,McDaniel,nancy.mcdaniel@brightleaf-retail.example,602.555.0149,Prefer not to say,10/18/1972,Mesa,AZ,85202,8/28/2023,,Active,,,Store Operations,Store Manager,Manager,F/T,"Store 025 - Mesa, AZ",E10063,"80,250 USD",,4,4.2,Associate's Degree,7/2/2026
E10691,Joan,Chen,joan.chen2@brightleaf-retail.example,401-555-0199,Female,6/28/1983,Scottsdale,AZ,85255,8/28/2023,,Actv,,,Customer Service,Senior Customer Service Representative,Mid,FT,"HQ - Phoenix, AZ",E10087,"49,250",12/30/2024,3,3.6,,6/21/2026
E10692,clarence,Figueroa,clarence.figueroa@brightleaf-retail.example,817-555-0140,Male,5/27/1991,Arlington,TX,76003-3442,8/28/2023,,Active,,,Product Development,Product Manager,mid,Full-Time,"Regional Office - Dallas, TX",E10245,127850,,4,4.4,Bachelor's Degree,2/24/2026
E10693,Arthur,O'Brien,arthur.obrien@brightleaf-retail.example,+1 928 555 0194,M,21-Apr-87,Tolleson,AZ,85353,4-Sep-23,,Active,,,Information Technology,Data Analyst,Mid,Full-Time,"HQ - Phoenix, AZ",E10057,75.2K,2-Jan-26,3,3.5,High School,14-Jul-26
E10694,Isaiah,Myers ,isaiah.myers@brightleaf-retail.example,(602) 555-0196,Male,12/19/2000,Tolleson,AZ,85353,9/4/2023,2/9/2024,Separated,Voluntary,Work-Life Balance,Supply Chain & Logistics,Inventory Control Spec.,Mid,Full-time,"DC - Tolleson, AZ",E10550,49900,,,,High School,3/1/2024
E10695,Frances,Ortega,frances.ortega@brightleaf-retail.example,469-555-0199,FEMALE,6/16/1999,Mesquite,Texas,75149,9/4/2023,,Active,,,Supply Chain & Logistics,Warehouse Associate,Entry,Full-Time,"DC - Fort Worth, TX",e10397,"33,600",,Meets,2.7,High School,31-May-26
E10696,Brianna, Medina,brianna.medina@brightleaf-retail.example,404 555 0132,Female,8/19/2002,atlanta,GA,30325,9/4/2023,,Active,,,Human Resources,HR Coordinator,Entry,Full-Time,Remote - US,E10545,"$47,900 ",,4,3.8,Bachelor's Degree,10/19/2025
E10697,THERESA,Stevenson,theresa.stevenson@brightleaf-retail.example,+1 951 555 0108,Female,9/8/1998,Atlanta,GA,30347,9/11/2023,,Active,,,Sales,Sales Development Representative,Entry Level,Full-Time,Remote,E10688,"52,650",,3,3.8,bachelors degree,6/5/2026
E10698,Nicholas,Butler,nicholas.butler@brightleaf-retail.example,6025550107,Male,3/8/1997,Phoenix,AZ,85033,9/18/2023,,Active,,,Merchandising,Senior Buyer,Senior,Full-Time,"HQ - Phoenix, AZ",E10383,"$94,400.00 ",,3,2.7,Associate's Degree,4/1/2026
E10699,Jenna,Ford,jenna.ford@brightleaf-retail.example,480-555-0137,Female,3/15/1995,Phoenix,AZ,85049,18-Sep-23,,active,,,Customer Service,customer service representative,Entry,Part-Time,"HQ - Phoenix, AZ",E10678,27800,,4,3.8,Associate's Degree,4/11/2026
E10700,Bruce,Moore,bruce.moore@brightleaf-retail.example,4055550149,Male,3/11/1998,Dallas,TX,75241,9/25/2023,,Active,,,product development,Associate Product Manager,Entry,Full-Time,"Regional Office - Dallas, TX",E10644,"83,450",,4,3.9,Master's Degree,4/3/2026
E10701 ,Laura,Scott,laura.scott@brightleaf-retail.example,(225) 555-0100,female,7/30/1987,Avondale,AZ,85338,10/2/2023,,Active,,,Marketing,Content Strategist,Mid,Full-Time,"HQ - Phoenix, AZ",E10026,72650,,3,4,Associate's Degree,6/29/2026
E10702,Samuel,Warner,samuel.warner@brightleaf-retail.example,(305) 555-0162,Male,12/4/1993,Surprise,AZ,,10/2/2023,,Actv,,,Customer Service,Customer Service Representative,Entry,Full-Time,"HQ - Phoenix, AZ",E10621,39800,,5,3.9,High School,5/5/2026
E10703,Alejandra,Holmes,alejandra.holmes@brightleaf-retail.example,901-555-0137,Fem,3/8/1991,Dallas,TX,75238,10/2/2023,,Active,,,Prod Dev,Product Manager,Mid,full time,"Regional Office - Dallas, TX",E10033,"114,650",,1,2.4,Bachelor's Degree,8/2/2026
E10704,Elijah,Fleming,elijah.fleming@brightleaf-retail.example,623-555-0182,Male,4/21/2002,Glendale,AZ,85304,10/2/2023,6/28/2024,TERM,Voluntary,Career Change,Sales,Sales Development Representative,Entry,Full-Time,Phoenix HQ,E10043,50.1K,,5,,Bachelors,6/28/2024
E10705,Bryan,Johnson,bryan.johnson@brightleaf-retail.example,707-555-0197,Male,12/31/1998,Phoenix,AZ,85049,10/9/2023,3/8/2024,Terminated,Voluntary,Relocation,Information Technology,IT Support Technician,Entry,Full-time,HQ,E10596,"$48,800 ",,,,Associate's Degree,3/29/2024
E10706,Anthony,Hammond,anthony.hammond@brightleaf-retail.example,469-555-0132,Male,7/9/1988,dallas,TX,75254,10/9/2023,,A,,,Store Operations,Sales Floor Assoc.,,Full-Time,"Store 013 - Dallas, TX",E10432,"$32,700 ",,4,2.4,GED,8/1/2026
 E10707,BARBARA,Wang,barbara.wang@brightleaf-retail.example,386-555-0148,Female,3/18/1999,Denver,CO,80244,9-Oct-23,,Active,,,Supply Chain & Logistics,Warehouse Associate,entry,Part-Time,Distribution Center Aurora,E10650,"$20,500 ",,3,4.6,bachelors degree,1/18/2026
E10708,Diego,Cannon,diego.cannon@brightleaf-retail.example,720-555-0166,MALE,11/27/1996,Denver,CO,80217,10/10/2023,,Terminated,Involuntary,,Store Operations,Stock Associate,entry,Seasonal,Store #21 Lakewood,E10642,12200,,,,high school,2/18/2024
E10709,David ,Thomas,david.thomas@brightleaf-retail.example,,Male,3/2/1998,Lakewood,CO,80217,10/10/2023,,Active,,,Store Operations,Sales Floor Associate,Entry,F/T,"Store 021 - Lakewood, CO",E10658,"$33,700.00 ",,Meets,3.4,BS,1/29/2026
E10710,Gary,Gutierrez,gary.gutierrez@brightleaf-retail.example,520-555-0105,Male,12/15/2004,MARANA,AZ,85654,10/12/2023,,Actv,,,Store Operations,Sales Floor Associate,Entry,Full-Time,"Store 010 - Tucson, AZ",E10658 ,"$32,700.00 ",,4,4.2,AA,6/16/2026
E10711,Leslie,Reed,leslie.reed@brightleaf-retail.example,561-555-0134,Female,4/16/1996,Gilbert,AZ,85281,10/15/2023,,Active,,,Store Operations,Department Supervisor,Mid,Full-Time,"Store 006 - Scottsdale, AZ",E10080,44700,,4,3.9,High School,7/17/2026
E10712,Zoe,Robles,ZOE.ROBLES@BRIGHTLEAF-RETAIL.EXAMPLE,,Female,4/21/1996,Peoria,AZ,85370,10/16/2023,,Active,,,Sales,Sales Operations Analyst,Mid,Full-Time,Phoenix HQ,E10317,66600,,3,3.4,BA,11/13/2025
E10713,Melissa,Perkins,melissa.perkins@brightleaf-retail.example,(480) 555-0118,Female,7/18/1990,Peoria,az,85361,10/16/2023,,Active,,,Product Development,Product Manager,Mid,Full-Time,Phoenix HQ,E10663,"118,000 USD",8/16/2025,4,4.1,Associate's Degree,9/19/2026
E10714,Carol,Burns,,509-555-0151,Female,10/13/1983,Scottsdale,AZ,85254,10/16/2023,3/13/2026,Terminated,VOLUNTARY,Change of career,store operations,Cashier,Entry,Full-Time,Scottsdale Store (006),E10658,33000,,4,4.4,Bachelor's Degree,4/4/2026
E10715,Tyler,Miller,TYLER.MILLER@BRIGHTLEAF-RETAIL.EXAMPLE,480 555 0136,Male,8/15/1998,Tolleson,AZ,85353,10/16/2023,,active,,,SC&L,Forklift Operator,E,FT,"DC - Tolleson, AZ",E10669,"$38,100 ",,2,3.6,High School Diploma,2/5/2026
E10716,Sofia,Jennings,sofia.jennings@brightleaf-retail.example,(919) 555-0121,Female,4/16/1997,Raleigh,NC,27603,10/19/2023,,Active,,,Merchandising Dept,Buyer,Mid,Full-Time,Remote,E10486,75100,,2,3.4,High School,3/14/2026
E10717,Sienna,Davidson,sienna.davidson@brightleaf-retail.example,609-555-0143,Female,12/21/2000,Phoenix,AZ,85028,10/30/2023,,Actv,,,Information Technology,IT Support Technician,Entry,Full-Time,"HQ - Phoenix, AZ",E10585,"$50,650.00 ",,3,4.7,BS,8/4/2026
E10718,Elizabeth,Palmer,elizabeth.palmer@brightleaf-retail.example,480.555.0141,Female,25-Nov-77,Gilbert,AZ,85295,30-Oct-23,19-Feb-24,Terminated,Involuntary,End of contract,Store Operations,Sales Floor Associate,Entry,Seasonal,"Store 007 - Gilbert, AZ",E10409,"$15,400.00 ",,,,High School,8-Mar-24
E10719,Sanjay,Baker,sanjay.baker@brightleaf-retail.example,623-555-0136,male,11-Mar-81,Tolleson,AZ,85353,3-Nov-23,,Active,,,Store Operations,Sales Floor Assoc.,Jr,P/T,"Store 006 - Scottsdale, AZ",E10642,22250,,3,4.4,High School Diploma,8-Jan-26
E10720,Jeffrey,Steele,jeffrey.steele@brightleaf-retail.example,(602) 555-0108,Male,10/5/1983,Surprise,AZ,85377,11/5/2023,,Active,,,SC&L,Supply Chain Analyst,Sr.,Full-Time,Headquarters,E10221,"78,500",,3,3,Bachelor's Degree,4/8/2026
E10721,Thomas,DeLuca,thomas.deluca@brightleaf-retail.example,,Male,15-May-03,Tolleson,AZ,85353,6-Nov-23,,A,,,Supply Chain & Logistics,Warehouse Associate,Entry,Part-Time,"DC - Tolleson, AZ", E10650,"22,450",,3,3.5,AA,18-Apr-26
E10722,Orlando,Olson,orlando.olson@brightleaf-retail.example,(602) 555-0188,Male,3/19/1979,Chandler,AZ,85247,11/6/2023,1/25/2024,Term,Involuntary,End of contract,Stores,Cashier,Entry,Temp,Chandler Store (004),E10711,"$15,100.00 ",,,,Bachelor's Degree,2/2/2024
E10723,Darnell,Johnson,darnell.johnson@brightleaf-retail.example,(602) 555-0181,Male,6/4/1995,Surprise,AZ,,9-Nov-23,,Active,,,Supply Chain & Logistics,Forklift Operator,-,Full-Time,"DC - Tolleson, AZ",E10462,40800,,3,3.8,Associate's Degree,7/5/2026
E10724,TERRANCE,Johnston,terrance.johnston@brightleaf-retail.example,817-555-0123,Male,4/12/1988,Fort Worth,TX,76125,11/11/2023,,Actv,,,SC&L,Logistics Coordinator,Mid,full time,"DC - Fort Worth, TX",E10550,57350,7/19/2025,4,4.2,High School,6/4/2026
E10725,Rachel,Andrews,rachel.andrews@mailhub.example,480-555-0119,Female,2/28/1999,Avondale,AZ,85377,11/13/2023,,Active,,,MARKETING,marketing coordinator,Entry,Full-Time,"HQ - Phoenix, AZ",E10265,"$45,700 ",,4,4.2,Bachelor's Degree,6/6/2026
E10726,Stephanie, Benson,stephanie.benson@brightleaf-retail.example,,Female,7/21/1991,Fort Worth,TX,76135,11/13/2023,,Terminated,,Absenteeism,Supply Chain and Logistics,Warehouse Associate,Entry,Full-Time,dc - fort worth,E10694,"33,750",,1,3.1,High School Diploma,5/26/2026
E10727,Leroy,Huang,leroy.huang@brightleaf-retail.example,+1 815 555 0166,male,2/5/1985,SCOTTSDALE,az,85260,11/13/2023,,A,,,IT,Data Analyst,mid,Full-Time,Phoenix HQ,E10525,"73,250",3/14/2026,5,4.4,Master's Degree,9/7/2026
E10728,Stephanie,Johansson,stephanie.johansson@brightleaf-retail.example,617.555.0192,Female,4/1/1996,Boston,MA,02132,11/15/2023,,A,,,Sales,Sales Development Representative,Entry,Full-Time,WFH,E10537,"44,000",,3,4.4,Bachelor's Degree,8/13/2026
E10729,Sanjay,Meyer,,(817) 555-0113,Male,3/19/2007,Dallas,TX,75226,11/20/2023,,Active,,,Store Operations,Sales Floor Associate,Entry Level,Part-Time,"Store 016 - Arlington, TX",E10340,"$20,600 ",,3,3.8,Associate's Degree,8/28/2026
E10730,Bruce,Neal,bruce.neal@brightleaf-retail.example,+1 404 555 0133,Male,5/31/1988,Atlanta,GA,30349,11/20/2023,,Active,,,Legal & Compliance,Paralegal,Mid,Full-Time,WFH,E10222,"69,300",2/9/2026,4,4.5,,5/29/2026
E10731,Mary,Oliver,mary.oliver@brightleaf-retail.example,614-555-0190,Female,7/29/1989,Tolleson,AZ,85353,11/22/2023,2/17/2024,Inactive,Involuntary,End of contract,Stores,Sales Floor Associate,Entry,Seasonal,"Store 006 - Scottsdale, AZ",E10658,"12,400 USD",,,,,2/27/2024
E10732,Alejandra,Taylor,alejandra.taylor@brightleaf-retail.example,8055550193,Female,2/18/1997,Tempe,AZ,85284,11/23/2023,,Active,,,Marketing,Content Strategist,mid,Full-Time,"HQ - Phoenix, AZ",E10040,"$69,750 ",3/25/2026,3,3,Bachelor's Degree,4/20/2026
E10733,Doris,Barrett,doris.barrett@brightleaf-retail.example,(623) 555-0159,Female,9-Aug-88,Phoenix,AZ,85016,27-Nov-23,,Active,,,Store Operations,Stock Associate,Entry,Part-Time,"Store 001 - Phoenix, AZ",E10352,21250,,4,2.5,High School,23-Jul-26
E10734,Ian,QUINN,ian.quinn@brightleaf-retail.example,214 555 0163,Male,7/19/2005,Fort Worth,TX,76173,11/30/2023,11/8/2024,Terminated,,Work Life Balance,Supply Chain & Logistics,Warehouse Associate,Entry,Part Time,"DC - Fort Worth, TX",e10694,"19,500",,2,3.2,High School,11/27/2024
E10735,Harold,Harvey,harold.harvey@brightleaf-retail.example,248-555-0118,Male,12/12/1986,Tempe,AZ,85288,12/2/2023,,Active,,,Human Resources,HR Business Partner,Senior Level,Full-Time,"HQ - Phoenix, AZ",E10374,"$91,650 ",5/4/2026,4,3.9,Master's,8/8/2026
E10736,Stephen,Fox,,(626) 555-0186,MALE,2/11/2001,Phoenix,AZ,85013,12/4/2023,,Active,,,MARKETING,Digital Marketing Specialist,Mid,Part-Time,"HQ - Phoenix, AZ",E10018,39450,3/12/2025,2,4.1,high school,5/9/2026
E10737,Tasha,Blair,tasha.blair@brightleaf-retail.example,815 555 0171,Female,6/17/1993,Rio Rancho,NM,87130,12/4/2023,,Active,,,Store Operations,Stock Associate,E,P/T,Albuquerque Store (022),E10042,18450,,3,3.1,Bachelor's Degree,6/16/2026
E10738,Barbara,Bishop,barbara.bishop@brightleaf-retail.example,(480) 555-0148,Female,8/16/1998,Surprise,AZ,85386,12/4/2023,,Active,,,Customer Service,Customer Service Representative,,Full-Time,"HQ - Phoenix, AZ",E10621,38250,,3,4,High School,3/25/2026
E10739,Magdalena,Reeves,magdalena.reeves@brightleaf-retail.example,(602) 555-0119,Female,12-Dec-79,GLENDALE,AZ,85309,7-Dec-23,,Active,,,Sales,Regional Sales Manager,Management,Full-time,Headquarters,E10302,118500,,4,3,M.S.,18-Sep-26
E10740,Katarina,Guzman,katarina.guzman@brightleaf-retail.example,(917) 555-0194,FEMALE,6/25/2005,Surprise,AZ,85381,12/8/2023,,ACTIVE,,,Supply Chain & Logistics,Forklift Operator,Entry,Full-Time,"DC - Tolleson, AZ",E10400,38050,,3,2.9,High School,3/12/2026
E10741,Alexis,Salazar,alexis.salazar@brightleaf-retail.example,651.555.0121,Female,1/15/1994,Aurora,CO,80013,12/10/2023,,Active,,,STORE OPERATIONS,Cashier,Entry,PT,"Store 020 - Aurora, CO",E10711,"20,450",,3,3.4,Bachelors,2/20/2026
E10742,Dylan,Iyer,,,M,7/16/1998,Tempe,AZ,85281,12/11/2023,,Active,,,Marketing,Marketing Coordinator,Entry,Full-Time,"HQ - Phoenix, AZ",E10438,47.1K,,3,3.8,Associate's Degree,8/18/2026
E10743,Wyatt,Bradley,wyatt.bradley@brightleaf-retail.example,,Male,7/4/1998,Chandler,AZ,85227,12/11/2023,,Active,,,Customer Svc,Customer Service Representative,Entry,Full-Time,Phoenix HQ,E10691,36200,,3,3.1,High School,4/7/2026
E10744,Megan,Young,megan.young@brightleaf-retail.example,602-555-0199,Female,13-May-95,Tempe,az,85284,11-Dec-23,,On Leave,,,STORE OPERATIONS,Sales Floor Associate,Entry,Full-Time,"Store 002 - Tempe, AZ",E10055,"$34,500 ",,3,3.8,Associates,16-Sep-26
E10745,Nicholas,Patterson,nicholas.patterson@brightleaf-retail.example,408 555 0101,male,6/18/1992,Phoenix,AZ,85049,12/11/2023,,On Leave,,,Marketing,Brand Manager,Manager,Full-Time,"HQ - Phoenix, AZ",E10325,see contract,,1,3.8,Bachelor's Degree,8/22/2026
E10746,Thomas,Dean ,thomas.dean@brightleaf-retail.example,(469) 555-0198,Male,5/4/1991,Grand Prairie,TX,,12/12/2023,,ACTIVE,,,Marketing,Digital Marketing Specialist,Mid,Full-Time,"Regional Office - Dallas, TX",E10040,"69,950",,5,3.9,Bachelor's Degree,1/20/2026
E10747,Nicholas,Knight,nicholas.knight@brightleaf-retail.example,(315) 555-0143,Male,4/15/1984,Mesa,AZ,85201,12/13/2023,,active,,,store operations,Store Manager,Manager,Full-Time,"Store 005 - Glendale, AZ",E10063 ,"$70,750 ",7/11/2025,5,4.1,High School,9/20/2026
E10748,Guadalupe,Byrd,guadalupe.byrd@brightleaf-retail.example,602-555-0131,Female,2/27/1987,Avondale,AZ,85372,12/15/2023,,Active,,,Merchandising,Buyer,Mid,F/T,"HQ - Phoenix, AZ",E10337,"$68,600 ",,4,3.5,High School,8/16/2026
E10749,Arthur,Ivanov,arthur.ivanov@mailhub.example,615-555-0183,Male,8/25/1991,Peoria,AZ,85364,12/18/2023,,Active,,,Sales Department,Account Executive,Mid Level,F/T,"HQ - Phoenix, AZ",E10584,69800,,2,3.6,Bachelor's Degree,8/20/2026
E10750,Stacy,Davis,stacy.davis@brightleaf-retail.example,,Female,6/13/2000,Gilbert,AZ,85242,12/18/2023,,Active,,,Legal & Compliance,Paralegal,Mid,Full-Time,"HQ - Phoenix, AZ",E10611,"$69,150 ",,3,3.1,bachelors degree,7/16/2026
E10751,Lisa,Mercer,lisa.mercer@brightleaf-retail.example,602 555 0159,Female,9/12/1995,Mesa,AZ,85210,12/25/2023,,Active,,,Customer Service,SENIOR CUSTOMER SERVICE REPRESENTATIVE,,Full-Time,Corporate - Phoenix, E10128,47500,6/14/2026,4,4.4,Associate's Degree,6/29/2026
E10752,Steven,Pham,steven.pham@brightleaf-retail.example,(480) 555-0158,Male,5/20/2002,Glendale,AZ,85301,12/25/2023,,Active,,,Sales,Sales Development Representative,Entry,Part-Time,Headquarters,E10602,"$29,200 ",,4,4.3,Bachelor's Degree,6/17/2026
E10753,Vincent,HORTON,vincent.horton@brightleaf-retail.example,(817) 555-0170,M,6/12/1996,Fort Worth,TX,76163,12/25/2023,,Active,,,Information Technology,IT Manager,Manager,Full-Time,Remote,E10310,"$134,700 ",,3,3.5,Bachelor's Degree,1/24/2026
E10754,TRISHA,Daniels,trisha.daniels@brightleaf-retail.example,210-555-0150,female,1/17/2004,Fort Worth,TX,76154,12/25/2023,,Active,,,Supply Chain,Warehouse Associate,Entry-level,Full-Time,"DC - Fort Worth, TX",E10724,"$38,900.00 ",,3,4.3,high school,5/2/2026
E10755,Sandra,Park,sandra.park@brightleaf-retail.example,(214) 555-0171,Female,10/10/1990,Garland,TX,75044,12/29/2023,,Active,,,Customer Service,Senior Customer Service Representative,Mid,Full-Time,"Regional Office - Dallas, TX",E10237,46450,12/2/2025,2,2.2,HS,2/6/2026
E10756,Fernando,Baldwin,FERNANDO.BALDWIN@BRIGHTLEAF-RETAIL.EXAMPLE,404-555-0138,MALE,2/16/2000,Grand Prairie,TX,75050,1/1/2024,,Active,,,Info Tech,IT Support Technician,Entry,F/T,"Regional Office - Dallas, TX",E10415,51950,,5,3.7,Bachelor's Degree,5/18/2026
E10757,Rhonda,Dalton,rhonda.dalton@mailhub.example,2285550134,Non-binary,5/20/1994,Phoenix,AZ,85007,1/1/2024,,Active,,,Sales,Sales Operations Analyst,Mid,Full-Time,"HQ - Phoenix, AZ",E10448,"$70,750 ",8/20/2025,3,3.5,,21-Sep-25
E10758,William,Smith,william.smith@brightleaf-retail.example,(480) 555-0151,Male,12/30/1990,Glendale,AZ,,1/4/2024,,Active,,,Information Technology,Data Analyst,Mid,Full-Time,"HQ - Phoenix, AZ",E10306,78850,,3,3.8,Bachelor's Degree,4/16/2026
E10759,Jack,Blake,jack.blake@brightleaf-retail.example,+1 469 555 0128,Male,3/3/1993,Grand Prairie,TX,75052,1/6/2024,,Active,,,Cust Service,Senior Customer Service Representative,Mid,Full-Time,Dallas Regional,E10079,50250,12/3/2025,4,4.4,Bachelor's Degree,2/1/2026
E10760,Faith,Hubbard,faith.hubbard@brightleaf-retail.example,(602) 555-0172,Female,3/31/1989,Chandler,AZ,85227,1/7/2024,,Active,,,Store Operations,Sales Floor Associate,Entry,Full-time,"Store 003 - Mesa, AZ",E10642,31150,,2,3.4,Bachelor's,6/19/2026
E10761,Kelly,ANDERSON,kelly.anderson@brightleaf-retail.example,8175550145,Fem,10/8/2000,Fort Worth,TX,76102,1/7/2024,,Active,,,Store Operations,Sales Floor Associate,Entry,Part-Time,"Store 013 - Dallas, TX",E10658,21650,,3,3.3,High School,5/2/2026
e10762,Jasmine,Klein,jasmine.klein@brightleaf-retail.example,,Female,1/9/1977,Albuquerque,NM,87106,1/8/2024,,Active,,,marketing,Brand Manager,Manager,Full-Time,Remote,E10325,"$105,750.00 ",6/26/2025,5,3.8,Associate's Degree,4/20/2026
E10763,Liam,Caldwell,liam.caldwell@brightleaf-retail.example,(505) 555-0163,Male,20-Aug-92,West Valley City,UT,84122,1/8/2024,,Active,,,Product Development,QA Analyst,Mid-level,Full-Time,Remote,E10663,78750,1/26/2025,4,3.3,,8/28/2026
E10764,andrew,Malone,andrew.malone@brightleaf-retail.example,281-555-0105,Male,5/5/1991,Phoenix,AZ,85032,1/12/2024,,Active,,,Merchandising Dept,Buyer,Intermediate,Full-Time,HQ,E10337,"$77,600 ",9/19/2025,4,3.8,BA,5/21/2026
E10765,elizabeth,Howard,elizabeth.howard@brightleaf-retail.example,212-555-0116,Female,9/13/1994,Sahuarita,AZ,85629,1/15/2024,,Active,,,Store Operations,Stock Associate,Entry,Part-Time,store 9 - tucson,E10382,"22,300",,2,2.9,Associate's Degree,7/5/2026
E10766,Judith,Hughes,judith.hughes@mailhub.example,(321) 555-0158,Female,5/5/2002,Aurora,CO,80017,1/15/2024,,ACTIVE,,,IT,IT Support Technician,Entry Level,Full-Time,Remote,,50800,,Exceeds,4.8,,4/12/2026
E10767,Jacqueline,Clark,jacqueline.clark@brightleaf-retail.example,(713) 555-0191,Female,4/7/1998,Phoenix,AZ,85051-3141,1/15/2024,8/1/2025,Terminated,Voluntary,Manager,sales,Account Executive,Mid,Full Time,"HQ - Phoenix, AZ",E10347,"$79,800 ",4/19/2025,4,3.6,Bachelor's Degree,8/18/2025
E10768,juan,Sweeney,juan.sweeney@brightleaf-retail.example,(260) 555-0182,MALE,11/30/1987,Lakewood,CO,80219-8492,1/22/2024,,Active,,,Sales,Regional Sales Manager,Mgmt,Full-Time,"Regional Office - Denver, CO",E10107,112850,,2,,doctorate,6/22/2026
E10769,Alejandra,Gutierrez,alejandra.gutierrez@brightleaf-retail.example,(214) 555-0167,Female,4/27/1984,Fort Worth,TX,76162,1/22/2024,,Active,,,Supply Chain & Logistics,Logistics Coordinator,mid,Full-Time,"DC - Fort Worth, TX",E10273,"53,950 USD",,2,3.7,Bachelor's Degree,8/26/2026
E10770,Latoya,Douglas,latoya.douglas@brightleaf-retail.example,6235550124,Female,8/13/1991,Goodyear,AZ,85349,1/29/2024,,Active,,,People Ops,HR Business Partner,Senior,Full-Time,"HQ - Phoenix, AZ",E10374,"$94,250.00 ",5/6/2026,4,3.1,Master's Degree,4/19/2026
E10771,Amy,Gutierrez,amy.gutierrez@brightleaf-retail.example,469-555-0144,Fem,2/21/1989,Grand Prairie,TX,75052,1/29/2024,12/26/2024,Active,,,Supply Chain & Logistics,Warehouse Associate,Jr,Full-Time,Distribution Center Fort Worth,E10769,38050,,3,4,High School,6/17/2026
E10772,Jorge,Ellis,jorge.ellis@brightleaf-retail.example,(623) 555-0163,Male,4/10/1998,Phoenix,AZ,85011,2/3/2024,4/24/2026,Terminated,Voluntary,,,Account Executive,Mid,Full-Time,"HQ - Phoenix, AZ",E10271,85500,,2,3.3,Bachelor's Degree,4/26/2026
E10773,Andrew,Rosales,andrew.rosales@brightleaf-retail.example,(714) 555-0148,MALE,2/26/1994,Tolleson,AZ,85353,2/5/2024,,active,,,Information Technology,Data Analyst,Mid,Full-time,"HQ - Phoenix, AZ",E10148,81600,11/15/2025,4,4,Bachelor's Degree,12/27/2025
E10774,Kayla,Rowe,kayla.rowe@brightleaf-retail.example,505-555-0125,Female,28-Feb-88,Rio Rancho,NM,87124,5-Feb-24,21-Nov-25,Terminated,Voluntary,Better Opportunity,Store Operations ,Sales Floor Associate,E,part time,"Store 022 - Albuquerque, NM",E10352 ,18850,,4,4.1,high school,11-Dec-25
E10775,Cynthia,Li,cynthia.li@brightleaf-retail.example,618-555-0195,Female,3/31/1997,Sahuarita,Ariz.,85629,2/10/2024,,Active,,,Marketing,Content Strategist,Mid-level,Full-Time,Remote,,"67,100",11/13/2025,3,4.6,bachelors degree,16-Sep-26
E10776,Lars,Cardenas,lars.cardenas@brightleaf-retail.example,8035550164,male,11/4/1995,ARLINGTON,Texas,76012,2/12/2024,,Active,,,SALES,Account Executive,Mid,Full-Time,"Regional Office - Dallas, TX", E10448,"72,550",,10,4.3,BS,3/5/2026
E10777,Roger,Hughes,roger.hughes@brightleaf-retail.example,801 555 0172,Prefer not to say,8/15/1989,Albuquerque,NM,87120,2/12/2024,,Active,,,Store Ops,Department Supervisor,Mid,Full Time,"Store 022 - Albuquerque, NM",E-10097,"$44,250 ",,3,,Master's Degree,7/16/2026
E10778,Shannon,Butler,shannon.butler@brightleaf-retail.example,,Fem,20-Aug-04,Henderson,NV,89041,13-Feb-24,27-Feb-26,Terminated,Voluntary,,STORE OPERATIONS,Cashier,Entry,Full-Time,Store #26 Las Vegas,E10642,30850,,4,3.6,Associates,13-Mar-26
E10779,Dennis ,Cooper,dennis.cooper@brightleaf-retail.example,773-555-0179,MALE,1/13/2001,Phoenix,AZ,85041,2/19/2024,,Active,,,Sales Dept,Sales Development Representative,Entry,Full-Time,"HQ - Phoenix, AZ",E10342,"$50,750 ",,3,4,bachelors degree,6/8/2026
E10780,Martha,O'Brien,martha.obrien@brightleaf-retail.example,4805550157,Female,6/9/2005,Chandler,Arizona,85240,2/24/2024,,Active,,,unknown,Customer Service Representative,entry,Part-Time,"HQ - Phoenix, AZ",E10691,21.1K,,3,3,High School Diploma,8/8/2026
E10781,Heather,Hoang,heather.hoang@brightleaf-retail.example,623-555-0171,Female,26-Mar-03,Chandler,AZ,85225,26-Feb-24,,On Leave,,,store operations,Sales Floor Associate,Entry,Full-Time,Chandler Store (004),E10488,33350,,4,4,High School,20-Apr-26
E10782,Evelyn,Lynch,evelyn.lynch@brightleaf-retail.example,(623) 555-0167,Female,12/20/2009,Peoria,AZ,85360,2/26/2024,,Active,,,Supply Chain & Logistics,Warehouse Associate,Entry,Part-Time,Distribution Center Tolleson,E10724,"$20,300 ",,4,3.9,Associate's Degree,2/15/2026
E10783,Paul,Palmer,paul.palmer@brightleaf-retail.example,623 555 0177,Male,2/26/1994,Mesa,AZ,85208,3/4/2024,,Active,,,product development,Associate Product Manager,Entry,full time,"HQ - Phoenix, AZ",E10231,"78,500",,4,3.1,Bachelor's Degree,8/26/2026
E10784,Angela,ROBINSON,angela.robinson@brightleaf-retail.example,+1 612 555 0151,Female,2/27/2007,Las Vegas,NV,89135,3/4/2024,,Active,,,Store Operations,Sales Floor Associate,Entry,Full-Time,store 26 - las vegas,E10546,32.1K,,3,3.9,High School,6/17/2026
E10785,Arturo,Castro,arturo.castro@brightleaf-retail.example,702.555.0170,Male,11-Feb-97,North Las Vegas,NV,89070,4-Mar-24,,Active,,,store operations,Sales Floor Associate,entry,Part-Time,store 11 - las vegas,,19500,,3,2.8,High School,5-Sep-26
E10786,Andrea,Franco,andrea.franco@brightleaf-retail.example,714-555-0180,FEMALE,3/10/1987,Aurora,Colorado,80013,3/4/2024,,Active,,,Logistics,Forklift Operator,Entry,Part-Time,"DC - Aurora, CO",e10724,"$26,150 ",,5,,High School,4/11/2026
E10787,Joy ,Powell,joy.powell@brightleaf-retail.example,(856) 555-0195,Fem,2/3/1998,BOSTON,MA,02109,3/4/2024,,Active,,,Sales,Senior Account Executive,Senior,Full-Time,Remote,E-10603,"$93,800 ",6/15/2025,2,3.4,Assoc. Degree,4/12/2026
E10788,Oscar,Osborne,oscar.osborne@brightleaf-retail.example,+1 720 555 0114,Male,2/3/2003,Littleton,CO,80122,3/7/2024,,Active,,,Human Resources,HR Coordinator,Entry,Full-Time,"Regional Office - Denver, CO",E10545,46.5K,,4,3.5,Associate's Degree,8/26/2026
e10789,Whitney,Nelson,whitney.nelson@brightleaf-retail.example,208-555-0131,Female,1/25/1996,Tolleson,AZ,85353,3/10/2024,,Active,,,Customer Service,Customer Service Representative,Entry,Full-Time,"HQ - Phoenix, AZ",E10751,"37,150 USD",,3,4,Associate's Degree,9/10/2026
E10790,Gary,Miranda,gary.miranda@brightleaf-retail.example,480.555.0159,M,10/7/1988,tolleson,AZ,85353,3/18/2024,7/3/2026,Terminated,Involuntary,Attendance issues,Supply Chain & Logistics,Logistics Coordinator,Mid,Full-Time,DC Tolleson,E10720,53150,,3,3.8,GED,7/18/2026
E10791,Helen ,Grant,helen.grant@brightleaf-retail.example,(623) 555-0181,Female,4/14/1989,Avondale,AZ,85365,3/18/2024,,Active,,,Sales,Regional Sales Manager,Manager,Full-Time,"HQ - Phoenix, AZ",E10302,"135,600",5/26/2026,4,4.4,Bachelor's Degree,8/20/2026
E10792,Tanisha,Chase,tanisha.chase@brightleaf-retail.example,404-555-0181,Female,1/19/1992,Atlanta,GA,30313,3/18/2024,,Actv,,,Information Technology,IT Support Technician,Entry,Full-Time,Remote,E10170,49600,,1,2,Bachelor's Degree,9/18/2026
E10793,Nancy ,Diaz,nancy.diaz@brightleaf-retail.example,,Female,7/7/1999,Nashville,TN,37208,3/25/2024,,Active,,,Product Dev,Associate Product Manager,Entry,Full-Time,Remote,E10713,"84,000",,3,3.4,Bachelor's Degree,9/15/2026
E10794,Kristen,Townsend,kristen.townsend@brightleaf-retail.example,,Female,10/2/1983,Avondale,AZ,85385,3/25/2024,,Active,,,Sales Department,Regional Sales Manager,Management,Full-Time,hq phoenix,E10107,112050,,Exceeds,,Bachelors,5/28/2026
E10795,ramon,Cole,ramon.cole@brightleaf-retail.example,(402) 555-0182,Male,10/26/1988,Mesquite,TX,75149,4/1/2024,,Active,,,Customer Service,Senior Customer Service Representative,Mid-level,Full-Time,"Regional Office - Dallas, TX",E10079,"$46,550 ",,3,,Bachelor's Degree,9/17/2026
E10796,Mateo,Cross,mateo.cross@brightleaf-retail.example,480 555 0166,MALE,12-Dec-86,Chandler,AZ,,1-Apr-24,,Active,,,Store Operations,Department Supervisor,mid,FT,STORE 004,E10296,"$43,250 ",26-Jan-26,4,,High School,31-Jul-26
E10797,Olga,Wallace,olga.wallace@brightleaf-retail.example,+1 480 555 0108,Female,5/9/1996,Phoenix,Arizona,85021,4/1/2024,8/4/2025,Terminated,Voluntary,,FINANCE,Staff Accountant,Mid,F/T,"HQ - Phoenix, AZ",E10547,"$71,750.00 ",,3,2.2,Bachelor's Degree,8/10/2025
E10798,Anna,Serrano,anna.serrano@brightleaf-retail.example,817-555-0104,Female,10/11/1991,Gilbert,AZ,85242,4/2/2024,,A,,,MERCHANDISING,Buyer,Mid,Full-Time,"HQ - Phoenix, AZ",E10698,"$79,750.00 ",,5,,Bachelors,8/27/2026
E10799,Joshua, Espinoza,joshua.espinoza@brightleaf-retail.example,951.555.0186,Male,5/8/1993,Lakewood,CO,80223,4/8/2024,,Active,,,Customer Service,Sr. Customer Service Representative,Intermediate,Full-Time,"Regional Office - Denver, CO",E10128,48100,,3,3.4,B.S.,8/3/2026
E10800,Preston,McKinney,preston.mckinney@brightleaf-retail.example,9305550169,MALE,8/18/1994,Peoria,AZ,85350,4/8/2024,,Active,,,Supply Chain & Logistics,Warehouse Associate,entry,Full-Time,"DC - Tolleson, AZ",E10724,"$37,900.00 ",,1,3.5,High School,7/25/2026
E10801,Grace,Harper,grace.harper@brightleaf-retail.example,,Prefer not to say,8/6/1992,Minneapolis,MN,55453,4/8/2024,,Active,,,Information Technology,Software Engineer,Mid,Full-Time,Remote,E10057,"104,700",,3,3.4,Master's Degree,7/8/2026
E10802,Tariq,Hunter,tariq.hunter@brightleaf-retail.example,480-555-0126,Male,3/31/1986,Glendale,AZ,85304,4/8/2024,,Active,,,Product Development,UX Designer,Mid,Full-Time,Headquarters,E10441,"$84,200 ",,4,3.7,Bachelor's Degree,7/22/2026
E10803,Ali,Perry,ali.perry@brightleaf-retail.example,385-555-0169,Male,6/8/1995,Glendale,AZ,85308,4/8/2024,,On Leave,,,Finance,Staff Accountant,Mid,Full-Time,"HQ - Phoenix, AZ",E10614,"$62,550 ",,4,4.5,Bachelor's Degree,3/27/2026
E10804,Angela,Pierce,angela.pierce@brightleaf-retail.example,512-555-0154,Female,2/3/1998,Cedar Park,TX,78613,4/8/2024,,Active,,,Store Operations,Stock Associate,Entry,Part-Time,"Store 017 - Austin, TX",E10796,"$23,500 ",,Outstanding,4.1,Associate's Degree,7/12/2026
E10805,Olga,Bell,olga.bell@brightleaf-retail.example,480 555 0102,Female,8-Jun-05,Avondale,AZ,,14-Apr-24,,Actv,,,Store Operations,Stock Associate,E,Full-Time,"Store 006 - Scottsdale, AZ",E10042,33200,,3,3.1,HS,11-Mar-26
E10806,Jordan,Rivera,jordan.rivera@brightleaf-retail.example,7145550113,Male,3/16/1996,Round Rock,TX,78675,4/14/2024,2/27/2026,Terminated,voluntary,,Store Operations,Sales Floor Associate,Entry,Full-Time,"Store 018 - Round Rock, TX",E10658,"$31,350 ",,4,NA,GED,3/8/2026
E10807,Itzel,White,itzel.white@brightleaf-retail.example,7195550126,Fem,8-May-07,Tempe,Arizona,85288,15-Apr-24,,Active,,,Store Operations,cashier,Entry,Full-Time,Store #2 Tempe,E10796,"30,900",,3,3.6,High School,1-Aug-26
E10808,Arjun,Hendricks,arjun.hendricks@brightleaf-retail.example,(770) 555-0131,Male,10/6/1994,Tempe,AZ,85281,4/22/2024,,Active,,,Product Development,Product Manager,Mid,Full-Time,"HQ - Phoenix, AZ",E10518,"119,800 USD",,3,3.8,Bachelor's Degree,8/16/2026
E10809,Peter,Pitts,peter.pitts@brightleaf-retail.example,(702) 555-0124,Male,9/10/1984,Las Vegas,NV,89105,4/25/2024,6/2/2026,TERM,INVOLUNTARY,Policy Violation,Store Operations ,Stock Associate,Entry Level,Full-time,"Store 026 - Las Vegas, NV",E10500,"$32,600.00 ",,1,2.7,Master's Degree,6/14/2026
E10810,Marilyn,Andersen,marilyn.andersen@brightleaf-retail.example,972.555.0166,Female,8/27/1991,Fort Worth,TX,76165,4/29/2024,,Active,,,Human Resources,HR Manager,Mgmt,Full-Time,Dallas Office,E10144,113450,12/21/2025,3,3.3,Master's Degree,8/29/2026
E10811,Isabella,Allen,isabella.allen@brightleaf-retail.example,+1 602 555 0176,Female,2/27/1989,Glendale,AZ,85301,4/29/2024,,A,,,store operations,Cashier,entry,Part-Time,STORE 006,E10711,"$18,800.00 ",,3,3.6,HS,4/21/2026
E10812,Brittany,McCall,brittany.mccall@brightleaf-retail.example,702-555-0146,Female,6/24/2007,North Las Vegas,NV,89033,8-May-24,,Active,,,Stores,SALES FLOOR ASSOCIATE,Entry,Full-Time,"Store 012 - Henderson, NV",E10777,32000,,2,3.4,GED,6/1/2026
E10813,Maria,Rogers,maria.rogers@brightleaf-retail.example,214-555-0124,Female,11/12/1988,Dallas,TX,75238,5/13/2024,,Active,,,Legal & Compliance,Corporate Counsel,Senior,Full-Time,regional office - dallas,E10254,"$152,150 ",,3,4.5,Doctorate,3/2/2026
E10814,HOPE,Kim,hope.kim@brightleaf-retail.example,9725550144,female,14-Jul-98,Tucson,AZ,85728,13-May-24,,Active,,,store operations,Department Supervisor,Mid,Full-Time,"Store 010 - Tucson, AZ",E10220,44800,16-Dec-25,3,4.2,High School,6-Jun-26
E10815,Terry,Stewart,terry.stewart@brightleaf-retail.example,(206) 555-0142,Male,7/1/1995,Seattle,WA,98120,5/13/2024,,active,,,Finance,Accounts Payable Clerk,Entry,Full-Time,REMOTE,e10123,42500,,Meets,2.8,Bachelor's Degree,5/26/2026
E10338,Carolina,Parker,carolina.parker@brightleaf-retail.example,(801) 555-0184,Female,1/2/1987,Murray,UT,84114,7/6/2020,,On Leave,,,FINANCE,Staff Accountant,Mid,Full-Time,Remote,E10299,64450,,3,3.5,Bachelor's Degree,17-Apr-26
E10816,Amina,Lowe,amina.lowe@brightleaf-retail.example,(817) 555-0159,Female,12/4/1998,Mesquite,TX,75149,5/13/2024,,Active,,,Product Development,QA Analyst,mid,Full-Time,Remote - US,E10663,"$71,400 ",,Needs Improvement,3.6,,6/21/2026
E10817,Terry,DeLeon,terry.deleon@brightleaf-retail.example,+1 602 555 0121,Male,,Phoenix,az,85021,5/20/2024,,A,,,Finance,Financial Analyst,Intermediate,Full Time,"HQ - Phoenix, AZ",E10547,82650,,3,5,Bachelor's Degree,4/1/2026
E10818,Cynthia,Bell,cynthia.bell@brightleaf-retail.example,(507) 555-0143,Female,10-Dec-94,Frisco,TX,75034,20-May-24,,active,,,Store Operations,Stock Associate,Entry,Full-Time,"Store 014 - Plano, TX",E10546,"32,950",,3,3.1,Bachelor's Degree,25-Jul-26
E10819 ,Isaiah,Holt,isaiah.holt@brightleaf-retail.example,520-555-0145,Male,3/26/1988,Tucson,AZ,85742,5/20/2024,,Active,,,,Cashier,Entry,Part-Time,"Store 010 - Tucson, AZ",E10814,20150,,2,4.3,GED,7/17/2026
E10820,Aisha,Hanson,aisha.hanson@brightleaf-retail.example,,Female,17-Sep-95,Las Vegas,NV,89107,21-May-24,,Active,,,Stores,Cashier,Entry,Full-Time,Las Vegas Store (011),E10814,"$31,700 ",,3,3.7,Bachelor's Degree,17-Sep-26
E10821,Erin,Conti,erin.conti@brightleaf-retail.example,469.555.0153,Female,22-Mar-87,Dallas,TX,75230,24-May-24,,Active,,,MARKETING,Digital Marketing Specialist,Mid,Full-Time,"Regional Office - Dallas, TX",E10745,68250,22-Jul-25,3,4.7,Bachelor's Degree,29-May-26
E10822,Leila,Baker,leila.baker@brightleaf-retail.example,202.555.0134,Female,1/11/2002,Phoenix,AZ,85024,5/27/2024,,On Leave,,,Product Development,Assoc. Product Mgr,,Full-Time,"HQ - Phoenix, AZ",E10692,"$83,250.00 ",,4,3.8,Bachelor's Degree,7/3/2026
E10823,Donald,Khan,donald.khan@brightleaf-retail.example,(480) 555-0120,,28-Oct-04,Avondale,AZ,85384,30-May-24,,Active,,,Store Operations,Sales Floor Associate,Entry,Full-time,"Store 005 - Glendale, AZ",E10711 ,31700,,4,2.8,GED,6-May-26
E10824,Ibrahim,Glover,ibrahim.glover@brightleaf-retail.example,817.555.0124,Male,8/26/1987,MESQUITE,Texas,75150,6/3/2024,,Active,,,supply chain & logistics,Warehouse Associate,Entry,full time,"DC - Fort Worth, TX",E10669,"$38,650.00 ",,3,2.5,Associates,5/16/2026
 E10825,Susan,Haynes,susan.haynes@brightleaf-retail.example,6235550155,Female,6/23/1937,Phx,Arizona,85023,6/5/2024,,ACTIVE,,,Finance,Accounts Payable Clerk,Jr,Full-Time,hq phoenix,E10558,"41,700",,1,2.6,Bachelors,5/2/2026
E10826,Karen,Peterson,karen.peterson@mailhub.example,+1 615 555 0188,Female,11/5/1985,Nashville,TN,37207,6/10/2024,,Active,,,Finance,Sr. Accountant,Sr,Full-Time,Remote,E10019,"82,900",3/24/2026,5,3.5,Doctorate,7/31/2026
E10827,Harper,Mendoza,harper.mendoza@brightleaf-retail.example,(717) 555-0122,Female,3/17/2005,Austin,TX,78744,6/10/2024,,active,,,Store Operations,Stock Associate,Entry Level,Part-Time,"Store 017 - Austin, TX",E10777,"20,000",,3,3.4,High School,6/23/2026
E10828,Denise,Miller,denise.miller@brightleaf-retail.example,(618) 555-0115,Female,4/13/2004,Tempe,AZ,85284,6/10/2024,,Active,,,CS,Customer Service Representative,Entry-level,Full-Time,"HQ - Phoenix, AZ",E10799,37900,,3,3.8,bachelors degree,5/22/2026
E10829,Katherine,Butler,katherine.butler@brightleaf-retail.example,(775) 555-0157,Female,9/16/1991,Gilbert,AZ,85251,6/10/2024,,Active,,,Store Operations,Sales Floor Associate,Entry,full time,STORE 002,E10432,"$33,900.00 ",,3,3.2,High School Diploma,6/20/2026
E10830,Harper,Barnes,harper.barnes@brightleaf-retail.example,630.555.0130,Female,2/18/2007,Arlington,TX,76011,6/10/2024,,Active,,,Store Operations,Sales Floor Associate,Entry,Full-Time,"Store 015 - Fort Worth, TX",E10642,"33,750",,3,2.9,High School,8/7/2026
E10831,Tracy,Carroll,tracy.carroll@brightleaf-retail.example,617-555-0135,female,8/30/1979,Goodyear,AZ,85364,6/16/2024,,active,,,Store Operations,Cashier,Entry-level,Part-Time,"Store 006 - Scottsdale, AZ",E10777,"16,000",,4,4.2,High School,4/5/2026
E10832,David,Walters,david.walters@brightleaf-retail.example,(602) 555-0146,Male,23-Mar-97,Chandler,AZ,85239,17-Jun-24,11-Sep-26,Terminated,Voluntary,N/A,Finance,Staff Accountant,Mid,Full-Time,"HQ - Phoenix, AZ",E10547,66100,1-Nov-25,3,4.5,Bachelor's Degree,16-Sep-26
E10833,Jennifer,Flores,jennifer.flores@brightleaf-retail.example,702.555.0157,Female,3/12/1997,Las Vegas,nv,89113,6/23/2024,,Active,,,Store Operations,Stock Associate,Entry,Part-Time,"Store 026 - Las Vegas, NV",E10200,18150,,2,3.9,bachelors degree,9/2/2026
E10834,Olivia,Brewer,olivia.brewer@brightleaf-retail.example,217.555.0186,Female,5/1/1992,Mesquite,TX,75149,6/24/2024,,A,,,Store Operations,Stock Associate,Entry,Full-Time,"Store 013 - Dallas, TX",E10814,"32,150",,5,3.3,Associate's Degree,6/30/2026
E10835,Ronald,Shepherd,ronald.shepherd@brightleaf-retail.example,(425) 555-0148,Male,27-Aug-94,Phoenix,AZ,85054,27-Jun-24,,Active,,,Cust Service,Customer Service Manager,Mgmt,FT,"HQ - Phoenix, AZ",E10059,85100,,4,,Master's Degree,28-Feb-26
E10836,Johnny,Beck,johnny.beck@brightleaf-retail.example,(972) 555-0149,Male,,Grand Prairie,TX,75054-2577,7/1/2024,,ACTIVE,,,Product Development,Associate Product Manager,Entry,Full-Time,Dallas Office,E10540,"80,250",,3,3.4,Bachelor's Degree,8/8/2026
E10837,Yvonne,Campos,YVONNE.CAMPOS@BRIGHTLEAF-RETAIL.EXAMPLE,910-555-0121,Female,11/16/1993,Cedar Park,Texas,,7/1/2024,,Active,,,Store Operations,Sales Floor Associate,Entry-level,Full-Time,"Store 017 - Austin, TX",E10711,"$35,200 ",,3,3.2,,6/30/2026
E10838,Tuan,Sawyer,tuan.sawyer@brightleaf-retail.example,6235550148,Male,5/15/1998,Tolleson,AZ,85353,7/1/2024,,Active,,,Store Operations,Sales Floor Associate,Entry,F/T,"Store 025 - Mesa, AZ",E10814,32400,,3,4.6,High School,5/19/2026
E10839,Judy,Nash,judy.nash@brightleaf-retail.example,(303) 555-0167,Female,11-Dec-90,Denver,CO,80208-2243,7-Jul-24,24-Jul-26,TERM,Involuntary ,,Sales,Senior Account Executive,Senior,Full-Time,Remote - US,E10794,"105,800",19-Dec-25,2,2.6,,12-Aug-26
E10840,Nicole,Torres,nicole.torres@brightleaf-retail.example,9735550163,Female,8/6/1997,Phoenix,AZ,85004,7/8/2024,,Active,,,Logistics,Warehouse Associate,Entry,Part-Time,"HQ - Phoenix, AZ",E10724 ,18200,,3,3.8,high school,1/11/2026
E10841,Ximena,Clay,ximena.clay@brightleaf-retail.example,704-555-0116,Female,3/26/1999,Charlotte,NC,28292-2059,7/8/2024,,Active,,,Product Development,Product Manager,Mid,Full-Time,Remote,E10033,120950,,3,5,PhD,9/1/2026
E10842,Melissa,RHODES,melissa.rhodes@brightleaf-retail.example,623-555-0161,F,14-Jul-93,Phoenix,AZ,85010,8-Jul-24,,Active,,,Customer Service,Customer Service Representative,E,Full-Time,"HQ - Phoenix, AZ",E10755,38450,,4,,high school,19-Aug-26
E10843,Mary,Vincent,mary.vincent@brightleaf-retail.example,(512) 555-0115,Female,4/20/1997,Round Rock,TX,78671,7/8/2024,,Active,,,Store Operations ,Sales Floor Associate,Entry-level,Part-Time,STORE 018,E10814 ,"21,800",,2,3.3,Bachelor's Degree,8/26/2026
E10844,Anthony,Shepherd,anthony.shepherd@brightleaf-retail.example,508-555-0186,male,3/1/2000,Mesa,AZ,85206,7/17/2024,,A,,,Store Operations,Sales Floor Associate,Entry,Part-Time,"Store 003 - Mesa, AZ",E10658,"17,650",,4,3.3,Associates,9/26/2025
E10845,Shauna,Olson,shauna.olson@brightleaf-retail.example,(707) 555-0110,Female,3/20/1990,Phoenix,AZ,85033,7/26/2024,,Active,,,SC&L,Supply Chain Analyst,-,Full-Time,Phoenix HQ,E10067,73.8K,,2,3.7,Master's Degree,5/24/2026
E-10846,Joseph,Garcia,joseph.garcia@brightleaf-retail.example,843.555.0179,Male,12-Nov-87,MESQUITE,TX,75150,29-Jul-24,,On Leave,,,product development,UX Designer,Mid,Full-Time,"Regional Office - Dallas, TX",NULL,"$101,800.00 ",,1,4,Associate's Degree,10-Feb-26
E10847,Aaron,Gill,aaron.gill@brightleaf-retail.example,267-555-0177,M,1/24/1990,Tolleson,AZ,85353,7/29/2024,,Active,,,Supply Chain & Logistics,Logistics Coordinator,Mid,Full-Time,"DC - Tolleson, AZ",E10845,"$51,200 ",9/27/2025,3,,High School Diploma,7/8/2026
E10848,Rachel,Austin,rachel.austin@brightleaf-retail.example,(952) 555-0185,F,4/2/2001,Denver,CO,80237-9001,7/29/2024,,Active,,,marketing,Marketing Coordinator,Jr,Full-Time,"Regional Office - Denver, CO",E10746,51050,,3,2.4,Bachelor's Degree,4/26/2026
E10849,Ann,Jimenez,ann.jimenez@brightleaf-retail.example,6365550147,Female,2/28/2006,Peoria,AZ,85381,7/30/2024,,Active,,,Customer Service,Customer Service Representative,Entry,Full-Time,"HQ - Phoenix, AZ",E10476,"$38,250 ",,3,3.5,Associate's Degree,5/26/2026
E10850,Betty,Gonzalez,betty.gonzalez@brightleaf-retail.example,+1 910 555 0116,Female,3/7/2006,Goodyear,AZ,85372,8/4/2024,,Active,,,Customer Service,Customer Service Representative,Entry,F/T,Corporate - Phoenix,E10759,"36,000",,4,4.1,High School Diploma,3/25/2026
E10851,Jennifer ,Patel,jennifer.patel@mailhub.example,+1 801 555 0148,Female,9/9/1982,Murray,UT,84118,8/5/2024,,Active,,,Sales,SENIOR ACCOUNT EXECUTIVE,senior,Full-Time,Remote,E10590,109850,,3,4.3,Masters,5/7/2026
E10852,Riley,Mejia,riley.mejia@brightleaf-retail.example,(205) 555-0129,Female,10-May-95,Tempe,AZ,85281,8/12/2024,,Active,,,Stores,Sales Floor Associate,Entry,Full Time,"Store 003 - Mesa, AZ",E10814,32.9K,,3,3.5,High School,8/19/2026
E10853, Warren,Elliott,warren.elliott@brightleaf-retail.example,719-555-0183,,12/18/1998,Phoenix,AZ,85006,8/12/2024,,active,,,Store Operations,Department Supervisor,Mid,Full Time,"Store 024 - Phoenix, AZ",,43600,,1,4.3,Bachelor's Degree,9/1/2026
E-10854,Harper,Hicks,harper.hicks@brightleaf-retail.example,704.555.0140,Female,9/18/1996,Charlotte,NC,28234,8/12/2024,,Active,,,Product Dev,Associate Product Manager,Entry,Full-Time,WFH,E10492,"$78,100 ",,2,3.4,Bachelor's Degree,23-Jun-26
E10855,Linh,Cross,linh.cross@brightleaf-retail.example,(623) 555-0120,Female,5/29/1992,Mesa,Arizona,85202,8/19/2024,,Active,,,Store Operations,Cashier,Jr,full time,"Store 007 - Gilbert, AZ",E10711,"$32,500.00 ",,3,,High School,6/5/2026
E10856,Viktor,Ramirez,viktor.ramirez@brightleaf-retail.example,+1 614 555 0125,Male,10/27/1988,Goodyear,AZ,85349,8/19/2024,,Active,,,Store Operations,Sales Floor Associate,Entry Level,Full-Time,"Store 002 - Tempe, AZ",e10814,32100,,3,3,,7/6/2026
E10857,THERESA,Choi,theresa.choi@brightleaf-retail.example,(203) 555-0172,Female,9/18/2007,Henderson,NV,89053,8/19/2024,,Active,,,Store Operations,Sales Floor Associate,Entry,Full-Time,"Store 026 - Las Vegas, NV",E10096,32450,,2,3.1,High School,7/4/2026
E10858,Marisol,GREENE,MARISOL.GREENE@BRIGHTLEAF-RETAIL.EXAMPLE,260-555-0146,Female,10/17/2005,Tempe,AZ,85288,8/26/2024,3/21/2025,Terminated,Voluntary,N/A,Customer Service,Customer Service Representative,Entry,Full-Time,"HQ - Phoenix, AZ",E10755,40750,,3,,Associate's Degree,3/24/2025
E10859,Fernando,Pena,fernando.pena@brightleaf-retail.example,,Male,3/19/2001,Phoenix,AZ,85022,8/26/2024,,A,,,Marketing,Marketing Coord.,Entry,Full-Time,Phoenix HQ,E10294,53900,,3,4.3,Bachelor's Degree,8/24/2026
E10860,Bradley,Pierce,bradley.pierce@brightleaf-retail.example,+1 330 555 0169,Male,17-May-02,Peoria,AZ,85367,8/26/2024,5/30/2025,Terminated,Voluntary,Better Opportunity ,Merch,Merchandising Assistant,Entry Level,Full-Time,"HQ - Phoenix, AZ",E10748,"$45,200 ",,4,,Associate's Degree,6/20/2025
E10861, Patrick,Pate,patrick.pate@brightleaf-retail.example,814-555-0135,MALE,3/29/1977,Scottsdale,AZ,85260,8/28/2024,,Active,,,Customer Service,Support Team Lead,,Full-Time,hq phoenix,E10835,54450,,2,3.2,Master's Degree,1/19/2026
E10862,Justin,Bowers,justin.bowers@brightleaf-retail.example,,Male,2/13/2000,Tolleson,AZ,85353,8/31/2024,,Active,,,,Systems Administrator,Mid,Full-Time,"HQ - Phoenix, AZ",E10525,"79,600",,3,3.4,Bachelor's Degree,11-May-26
E10863,noelle,Ramirez,noelle.ramirez@brightleaf-retail.example,(602) 555-0141,Female,3/12/2006,Tempe,AZ,85288,9/2/2024,11/7/2025,Terminated,voluntary,,Store Operations ,Sales Floor Associate,Entry,Part Time,"Store 001 - Phoenix, AZ",E10796,20450,,3,3.6,,11/24/2025
 E10864,Erin,Clay,erin.clay@brightleaf-retail.example,615-555-0123,NB,7/25/2000,Phoenix,AZ,85027,9/7/2024,,Active,,,Customer Support,Senior Customer Service Representative,Mid,Full Time,Headquarters,E10010,49600,,3,4.7,High School,5/24/2026
E10865,James,Lopez,james.lopez@brightleaf-retail.example,248-555-0190,Male,4/9/1985,Glendale,AZ,85307,9/9/2024,6-Jun-25,Terminated,Voluntary,Better Opportunity,Stores,Stock Associate,Entry,Part-Time,"Store 025 - Mesa, AZ",E10382,22.6K,,3,,Bachelor's Degree,14-Jun-25
E10866,Deborah,Reynolds,deborah.reynolds@brightleaf-retail.example,(928) 555-0103,F,4/22/1995,Denver,CO,80211,9/9/2024,,ACTIVE,,,Supply Chain & Logistics,Inventory Control Spec.,Mid,F/T,"DC - Aurora, CO",NULL,52550,,3,3.5,Associate's Degree,7/9/2026
E10867,Wesley,Lindberg,wesley.lindberg@brightleaf-retail.example,8165550104,Male,5/10/1994,Kansas City,mo,64148,9/9/2024,,Active,,,Sales ,Account Executive,Mid,full time,WFH,E10787,81700,,3,4.8,Bachelor's,26-Jan-26
E10868,Sarah,Newton,sarah.newton@brightleaf-retail.example,(214) 555-0115,Female,4/12/1986,Dallas,TX,75218,9/9/2024,,Active,,,Customer Service,Customer Service Representative,E,Full-Time,"Regional Office - Dallas, TX",e10864,"35,150",,3,3.4,Bachelor's Degree,6/30/2026
E10869,Carolyn ,Luna,carolyn.luna@brightleaf-retail.example,414.555.0118,Female,1/12/2004,Tucson,AZ,85734,9/9/2024,,Terminated,Involuntary ,,Store Operations,Sales Floor Associate,E,Full-Time,Tucson Store (009),E10658,34000,,3,,High School,4/30/2025
E10870,Ingrid,Freeman,ingrid.freeman@brightleaf-retail.example,508.555.0174,Non-binary,11/24/2001,Grand Prairie,TX,75051,13-Sep-24,,Active,,,Information Technology,IT Support Technician,Entry,full time,"Regional Office - Dallas, TX",E10862,"$52,100 ",,3,3.2,Master's Degree,3/9/2026
E10871,Jeremy,romano,jeremy.romano@brightleaf-retail.example,2145550187,Male,3/9/1987,Fort Worth,TX,76177,9/14/2024,,Active,,,SC&L,Warehouse Manager,Manager,Full-Time,"DC - Fort Worth, TX",E10188,"$81,250.00 ",2/5/2026,4,4,BA,8/28/2026
E10872,Sienna,Mensah,sienna.mensah@brightleaf-retail.example,510 555 0154,Female,9/21/1995,Lakewood,CO,80230,9/15/2024,,Active,,,Finance,Accounts Payable Clerk,Entry-level,Full-time,"Regional Office - Denver, CO",E10439,"$44,100 ",,3,3.9,Bachelor's Degree,6/2/2026
E10873,Nancy,Keller,nancy.keller@brightleaf-retail.example,(618) 555-0188,FEMALE,7/4/2000,Goodyear,AZ,85342,9/16/2024,,Active,,,Supply Chain & Logistics,Logistics Coordinator,Mid,Full-Time,"DC - Tolleson, AZ",E10845,57250,,3,4.6,HS,4/18/2026
E10874,Seth,Brown,seth.brown@brightleaf-retail.example,602-555-0112,M,3/5/1991,Phoenix,AZ,85033,16-Sep-24,,active,,,Merchandising,Category Manager,Manager,Full-Time,"HQ - Phoenix, AZ",E10100,"114,950",5/2/2026,3,3.2,Bachelor's,7/13/2026
E10875,Kevin,Garcia,kevin.garcia@brightleaf-retail.example,,M,12-Jun-00,Gilbert,AZ,85257,16-Sep-24,,Active,,,Information Technology,IT Support Technician,entry,Full-Time,"HQ - Phoenix, AZ",E10758,50750,,Unsatisfactory,3.6,bachelors degree,12/23/2025
E10876,Fatima,Jackson,fatima.jackson@brightleaf-retail.example,908 555 0181,Female,8/11/1992,Peoria,AZ,85356,9/19/2024,,A,,,sales,Account Executive,Mid Level,Full-Time,"HQ - Phoenix, AZ",E10584,77800,,Meets,4.1,,4/6/2026
E10877,Marcus,Lee,,(919) 555-0120,Male,4/23/1989,Fort Worth,TX,76171,9/23/2024,7/1/2025,Terminated,Voluntary,Pay,Supply Chain & Logistics,Inventory Control Specialist,Mid,full time,"Regional Office - Dallas, TX",E10720,47800,,4,3.6,Associate's Degree,7/15/2025
E10878,WALTER,Reed,walter.reed@brightleaf-retail.example,+1 909 555 0100,Male,27-Feb-93,Phoenix,AZ,85003,23-Sep-24,,Active,,,Customer Support,Customer Service Representative,Entry,FT,"HQ - Phoenix, AZ",E10759,"$38,400.00 ",,1,2.1,High School,26-Aug-26
E10879,Kenji,Thomas,kenji.thomas@brightleaf-retail.example,7065550189,Male,3/20/1996,Denver,CO,80213,9/23/2024,,Active,,,STORE OPERATIONS,Cashier,Entry,Full-Time,store 19 - denver,E10853,"$31,600 ",,3,3.9,Bachelor's Degree,5/19/2026
E10880,Zoe,Walters,zoe.walters@brightleaf-retail.example,6025550197,Female,29-Dec-97,Phoenix,AZ,85007,23-Sep-24,,Active,,,Marketing,Marketing Coordinator,Entry,Full-Time,"HQ - Phoenix, AZ",E10701,"$48,400 ",,3,3.5,Bachelor's Degree,19-May-26
E10881,Donald,Ramsey,donald.ramsey@brightleaf-retail.example,707.555.0139,Male,4/4/1996,Peoria,AZ,85359,9/26/2024,,Active,,,STORE OPERATIONS,Cashier,Entry,Full-Time,"Store 008 - Peoria, AZ",E10658,"31,000",,4,3.6,High School,3-Sep-26
E10882,CHRISTOPHER,Bryant,christopher.bryant@brightleaf-retail.example,720.555.0196,Male,7/6/1994,Littleton,CO,80127,9/30/2024,,Active,,,Sales,Account Executive,Mid,Full-time,"Regional Office - Denver, CO",E10331,"$77,100 ",,3,3.5,Bachelor's Degree,4/16/2026
E10883,Everett,Brooks,everett.brooks@brightleaf-retail.example,(203) 555-0196,male,12-Apr-93,Tempe,AZ,85288,30-Sep-24,,Active,,,Sales,Senior Account Executive,Sr,Full-Time,"HQ - Phoenix, AZ",E10739,"108,050",,Needs Improvement,3.6,Bachelor's Degree,31-Jan-26
E10884,JEAN,Watanabe,jean.watanabe@brightleaf-retail.example,469-555-0165,Female,3/2/1999,Dallas,tx,75203-6698,4-Oct-24,,Active,,,FINANCE,Accounts Payable Clerk,entry,Full-Time,"Regional Office - Dallas, TX",,43800,,3,3.4,High School,4/1/2026
E10885,Lauren,ivanov,,810-555-0127,Fem,10/6/1998,Phoenix,AZ,85031,10/5/2024,2/21/2025,Terminated,Vol,,Sales,Sales Development Representative,Entry,Full-Time,"HQ - Phoenix, AZ",E-10522,"$50,250.00 ",,,,Bachelor's Degree,11-Mar-25
E10886,Samuel,Hall,samuel.hall@mailhub.example,213-555-0168,Male,8/15/1982,Plano,TX,75083,6-Oct-24,2/20/2025,Terminated,Involuntary,End of Season,Stores,Sales Floor Associate,Entry,Seasonal,STORE 014,E10796,"13,800 USD",,,,Associate's Degree,5-Mar-25
E10220,Deborah,Williamson,deborah.williamson@brightleaf-retail.example,949-555-0130,Female,1/3/1978,Oro Valley,AZ,85754,11/17/2018,,ACTIVE,,,Store Operations,Assistant Store Manager,Sr,Full-Time,Remote,E10212,63900,,3,2.6,Bachelor's Degree,12/22/2025
E10887,Sean,Erickson,sean.erickson@brightleaf-retail.example,7205550192,Male,29-Aug-07,Arvada,CO,80006,7-Oct-24,27-Jan-25,Terminated,Involuntary,End of Season,store operations,Cashier,E,Seasonal,"Store 019 - Denver, CO",E-10796,12200,,,,,21-Feb-25
E10888,Julie,Fowler,julie.fowler@brightleaf-retail.example,615-555-0110,Female,9/3/2002,Mesa,AZ,85201,10/7/2024,12/3/2025,terminated,,,Product Development,QA Analyst,Mid,Part-Time,"HQ - Phoenix, AZ",E10130,47400,,4,2.5,Bachelor's Degree,12/22/2025
E10889,Bradley,Shepherd,bradley.shepherd@brightleaf-retail.example,206-555-0122,Male,1/26/1987,Seattle,WA,98164,10/7/2024,,Active,,,Sales,Account Executive,Intermediate,Full-Time,Remote,E10251,"$69,850 ",4/8/2026,3,3.9,Bachelor's Degree,7/16/2026
E10890,Marilyn,Nelson,marilyn.nelson@brightleaf-retail.example,224.555.0195,Female,3/24/1991,Glendale,AZ,85301,10/7/2024,,Active,,,Customer Support,Customer Service Representative,Entry,Part Time,hq phoenix,E10795,23600,,5,3.4,High School,2/27/2026
E10891,GLENN,Larson,glenn.larson@mailhub.example,6235550128,Male,7/16/1990,Surprise,AZ,,7-Oct-24,,On Leave,,,Store Ops,Cashier,Entry,Part-Time,store 6 - scottsdale,E10200,"17,750",,4,3.3,,3/27/2026
E10892,Anthony,Castaneda,anthony.castaneda@brightleaf-retail.example,904.555.0113,male,3/1/1976,Chandler,AZ,85237,10/12/2024,,Active,,,Store Operations,Cashier,Entry,Part-Time,"Store 007 - Gilbert, AZ",E10642,17.4K,,3,3.4,HS,4/2/2026
E10893,Deborah,Maldonado ,deborah.maldonado@brightleaf-retail.example,817.555.0138,Female,5/17/1989,Dallas,TX,75218,10/14/2024,,Active,,,Store Operations,Assistant Store Manager,Senior,Full-Time,"Store 013 - Dallas, TX",E10690,"54,000",3/12/2026,1,3.1,Bachelor's Degree,8/28/2026
E10894,Juan,Fitzpatrick,juan.fitzpatrick@brightleaf-retail.example,6025550179,MALE,5/15/2000,Phoenix,AZ,85022,10/17/2024,,Active,,,Merchandising,Merchandising Assistant,Entry,Full-Time,"HQ - Phoenix, AZ",E10764,45350,,5,4.9,,7/25/2026
E10895,Dennis,Thompson,dennis.thompson@brightleaf-retail.example,,male,5/21/1997,Chandler,AZ,85233,10/22/2024,,Active,,,Product Dev,Product Analyst,Mid,Full-Time,"HQ - Phoenix, AZ",E10130,"76,050",,3,3.8,Bachelor's Degree,4/5/2026
E10896,Camila,Lee,camila.lee@brightleaf-retail.example,469-555-0111,Female,9/18/1990,Garland,TX,75040,10/24/2024,,Active,,,Logistics,Warehouse Assoc.,Entry,Part-Time,"DC - Fort Worth, TX",E10873,18300,,3,4.2,High School,6/24/2026
E10897,Marisol,Cooper,,972-555-0165,Female,11/10/2007,arlington,TX,76002,10/24/2024,,Active,,,Store Operations,Stock Associate,Jr,Part-time,"Store 014 - Plano, TX",E10711,"18,150",,4,3.2,GED,8/14/2026
E10898,Ricardo,Lowery,ricardo.lowery@brightleaf-retail.example,706 555 0163,Male,29-May-85,Chandler,AZ,85234,24-Oct-24,,Terminated,involuntary,,Customer Service,Customer Service Representative,Entry,Seasonal,Headquarters,E10678,"12,800",,,,Bachelor's Degree,12-Feb-25
E10899,Rohan,Brady,rohan.brady@brightleaf-retail.example,414-555-0179,Male,11/17/1989,Phoenix,Arizona,85040,10/28/2024,,Active,,,Product Dev,Product Analyst,unknown,Full-Time,"HQ - Phoenix, AZ",E10441,"77,700",12/28/2025,3,4.9,Master's Degree,8/27/2026
E10900,Diego,Hubbard,diego.hubbard@brightleaf-retail.example,269.555.0146,Male,8/20/1993,Phoenix,AZ,85033,10/30/2024,,Active,,,Customer Service,Customer Service Representative,Entry,Full-Time,"HQ - Phoenix, AZ",E10678,"$34,900.00 ",,2,4.4,high school,9/13/2026
E10901,Gerald,Vasquez,gerald.vasquez@brightleaf-retail.example,951 555 0163,Male,7/17/2006,Mesquite,TX,75150,11/4/2024,2/6/2026,Terminated,Voluntary,Workload/Burnout,Supply Chain,Warehouse Associate,Entry-level,Full-Time,"DC - Fort Worth, TX",E10769,"$34,900.00 ",,3,2.8,High School,2/24/2026
E10902,MONICA,Anderson,monica.anderson@brightleaf-retail.example,(734) 555-0124,Female,17-Aug-06,Dallas,TX,75222-5123,11/4/2024,,Active,,,Customer Service,Customer Service Representative,Entry Level,F/T,"Regional Office - Dallas, TX",E10795,"39,850",,3,2.9,Associate's Degree,7/18/2026
E10903,Kevin,Lewis,kevin.lewis@brightleaf-retail.example,505.555.0154,Male,8/11/1994,Rio Rancho,NM,87132,11/7/2024,11/21/2025,Terminated,voluntary,Other job,Information Technology,IT Support Technician,E,Full-time,REMOTE,E10670,"$48,550 ",,4,3,Bachelor's Degree,12/1/2025
E10904,Ashley,carroll,ashley.carroll@brightleaf-retail.example,8175550133,Female,7/14/1989,Plano,TX,75046,8-Nov-24,,Active,,,Store Operations ,Assistant Store Manager,Senior,Full-Time,"Store 014 - Plano, TX",E10601,57700,,Meets,3.5,Master's Degree,31-Mar-26
E10905,Calvin,Gallegos,calvin.gallegos@mailhub.example,(512) 555-0112,Male,24-Nov-72,Cedar Park,TX,,18-Nov-24,19-Feb-25,Terminated,Involuntary,End of Season,Store Operations,Sales Floor Associate,Entry,Seasonal,Store #17 Austin,E10500,14650,,N/A,,Associate's Degree,22-Feb-25
E10906,Mary,Wood,mary.wood@brightleaf-retail.example,702 555 0156,Non-binary,5/8/2008,North Las Vegas,NV,89058,11/18/2024,,Active,,,Store Operations ,Sales Floor Associate,Entry,Part-Time,"Store 026 - Las Vegas, NV",E10853,"17,900",,4,3.3,Bachelor's Degree,3/7/2026
E10907,Alexis,Nelson,alexis.nelson@brightleaf-retail.example,720-555-0115,Female,6/25/1992,Denver,CO,80228,11/18/2024,,Actv,,,Fin,Staff Accountant,Mid Level,Full-Time,"Regional Office - Denver, CO",E-10826,64200,,2,3,,4/12/2026
E10908,Preston,gill,preston.gill@brightleaf-retail.example,(504) 555-0167,Male,1/29/1999,Plano,TX,75050,11/19/2024,,Active,,,Supply Chain & Logistics,Warehouse Associate,entry,Full-Time,Fort Worth DC,E10847,"37,500 USD",,3,4.2,High School,8/13/2026
E10909,Deborah,Wolf,deborah.wolf@brightleaf-retail.example,972-555-0169,Non-binary,8/23/1993,Irving,TX,75055,11/19/2024,,A,,,Product Development,UX Designer,Mid-level,F/T,REMOTE,E10245,97300,4/28/2026,3,3.1,Bachelors,8/18/2026
E10910,Teresa,Guerra,teresa.guerra@brightleaf-retail.example,(602) 555-0186,Female,12/6/2007,Goodyear,AZ,85361,11/20/2024,7/4/2025,Terminated,Vol,Compensation ,STORE OPERATIONS,Sales Floor Associate,Entry,Part-Time,"Store 024 - Phoenix, AZ",E10339,20400,,4,NA,HS,7/26/2025
E10911,Sienna,Hoffman,sienna.hoffman@brightleaf-retail.example,505-555-0100,Female,12/19/1995,ALBUQUERQUE,NM,,11/25/2024,,Active,,,Store Operations,Sales Floor Associate,Entry,Part-Time,Store #22 Albuquerque,E10796,"$16,950 ",,3,4.7,High School,7/7/2026
e10912,sharon,Chase ,sharon.chase@brightleaf-retail.example,2135550131,Female,20-Jul-01,Peoria,Arizona,85366,2-Dec-24,,Active,,,Customer Service,Customer Service Representative,Entry,Full-Time,"HQ - Phoenix, AZ",E-10799,"$40,350 ",,5,4.1,,20-Jun-26
E10913,Colleen,Nelson,colleen.nelson@brightleaf-retail.example,480.555.0130,Female,9/14/2001,Tolleson,AZ,85353,12/2/2024,,Active,,,Store Operations,Stock Associate,Entry,Full-Time,"Store 001 - Phoenix, AZ",E10814,"$34,100 ",,Meets,4,,5/24/2026
E10914,Pedro,Mendez,pedro.mendez@brightleaf-retail.example,,Non-binary,3/6/2000,Avondale,AZ,85389-7992,12/9/2024,,Active,,,Sales,Sales Development Representative,Entry,Full-Time,Corporate - Phoenix,E10506,"$49,650 ",,4,4.4,High School,6/4/2026
E10915,Yvonne,Ochoa,yvonne.ochoa@brightleaf-retail.example,(501) 555-0118,,11/17/2007,Mesa,AZ,85209,12/10/2024,1/16/2026,Terminated,VOLUNTARY,relocation,Store Operations ,Stock Associate,E,Part-Time,"Store 003 - Mesa, AZ",E10777,"$21,400 ",,5,4.5,High School,1/31/2026
E10916,Bryan,Alexander,bryan.alexander@brightleaf-retail.example,(253) 555-0154,Male,1/23/1986,Columbus,OH,43213,12/16/2024,,Active,,,Merch,Senior Buyer,Sr,Full-Time,REMOTE,E10874,89150,,3,3.8,Master's Degree,4/4/2026
E10917,Chad,Larsen,chad.larsen@brightleaf-retail.example,(516) 555-0132,Male,12-Sep-02,Phoenix,AZ,85043,12/19/2024,,Active,,,Human Resources,Payroll Specialist,Mid,FT,"HQ - Phoenix, AZ",E10770,61550,,3,3.9,Bachelor's Degree,7/8/2026
E10918,Riley,Brown,riley.brown@brightleaf-retail.example,562.555.0153,F,5/18/1987,Avondale,AZ,85356,12/20/2024,,active,,,Human Resources,Recruiter,Mid,Full-Time,"HQ - Phoenix, AZ",E10344,"63,250",5/2/2026,3,3.4,bachelors degree,7/24/2026
E10919,Esperanza,Hodges,esperanza.hodges@brightleaf-retail.example,(972) 555-0193,Female,5/30/2002,Fort Worth,TX,76156,12/23/2024,,Active,,,Human Resources,HR Coordinator,Entry,Full-Time,Dallas Regional,E10918,44300,,0,4.5,Bachelor's Degree,4/8/2026
E10920,Elena,Murphy,elena.murphy@brightleaf-retail.example,385-555-0127,Female,10/29/1989,Phoenix,AZ,85031,12/23/2024,,Active,,,Legal & Compliance,Corporate Counsel,Senior,Full-Time,"HQ - Phoenix, AZ",E10661,151250,,3,4.6,Doctorate,4/11/2026
E10921,Nancy,Rios,nancy.rios@brightleaf-retail.example,501-555-0175,female,5/25/2003,West Valley City,UT,84124,12/23/2024,,Active,,,Merchandising,Merchandising Assistant,Entry,Full-Time,Remote - US,e10507,44000,,Meets,3.2,Bachelor's Degree,9/8/2026
E10922,Marilyn,Wong,marilyn.wong@brightleaf-retail.example,503 555 0165,Prefer not to say,2/22/2003,Portland,Oregon,97227,12/23/2024,,ACTIVE,,,unknown,IT Support Technician,Entry-level,Full-Time,Remote,E10675,"46,350 USD",,4,4,AA,7/24/2026
E10923,Daniel ,Jackson,daniel.jackson@brightleaf-retail.example,(224) 555-0140,Male,30-Jun-95,Phoenix,AZ,85024-7531,23-Dec-24,,Active,,,Information Technology,Software Engineer,Mid,Full-Time,Phoenix HQ,E10306,104300,,3,2.6,Bachelor's Degree,4-Jun-26
E10924,Raul,Tucker,raul.tucker@brightleaf-retail.example,(623) 555-0101,Male,12/8/2002,Phoenix,AZ,85053,12/23/2024,,Active,,,Product Development,UX Designer,Mid,Full-Time,"HQ - Phoenix, AZ",E10663,"81,650 USD",2/14/2026,5,5,Master's Degree,5/14/2026
E10925,Mai,Hansen,mai.hansen@brightleaf-retail.example,(512) 555-0150,Female,6/1/1937,Pflugerville,TX,,12/23/2024,,Active,,,Store Operations,Assistant Store Manager,Senior,Full-Time,"Store 017 - Austin, TX",E10303,"$56,800 ",,3,2.7,MBA,6/20/2026
E10926,Ashley,King,ashley.king@brightleaf-retail.example,559.555.0115,female,9/5/1990,Mesa,AZ,85214,12/30/2024,,Active,,,information technology,Data Analyst,Mid,Full-Time,"HQ - Phoenix, AZ",E10178,76100,,4,4,Bachelors,9/20/2026
E10927,Ann,GUTIERREZ,ann.gutierrez@brightleaf-retail.example,954 555 0114,female,8/27/1997,Marana,AZ,85656,12/30/2024,,Active,,,Store Operations,Cashier,Entry,Part-Time,"Store 009 - Tucson, AZ",E10796,"16,400",,3,3.4,high school,6/26/2026
E10928,Gloria,Jung,gloria.jung@brightleaf-retail.example,(214) 555-0100,Female,11/13/1993,Plano,TX,75048,12/30/2024,,A,,,Customer Service,Sr. Customer Service Rep,unknown,Full-Time,regional office - dallas,E10010,"$47,950.00 ",2/4/2026,4,3,High School,3/17/2026
e10929,Leonardo,Romero,leonardo.romero@brightleaf-retail.example,9105550182,Male,11/7/1997,Dallas,TX,75209,12/31/2024,,Active,,,Product Development,Associate Product Manager,Jr,full time,"Regional Office - Dallas, TX",E10846,"73,850",,3,3.4,Bachelor's,9/6/2026
E10930,Ethan,Lyons,ethan.lyons@brightleaf-retail.example,9495550189,Male,12/29/1985,Peoria,AZ,85366,1/2/2025,6/28/2025,Terminated,Voluntary,Compensation,SALES,Account Executive,mid,Full-Time,"HQ - Phoenix, AZ",E10839,"$81,600 ",,,NA,Bachelor's,7/16/2025
E10931,Robert,Contreras,robert.contreras@brightleaf-retail.example,480-555-0114,MALE,4/24/1996,Phoenix,AZ,85013,1/6/2025,,Active,,,Supply Chain & Logistics,Inventory Control Spec.,Mid,Full-Time,"HQ - Phoenix, AZ",,"52,700",,3,3.2,Bachelor's Degree,9/11/2026
E10932,Everett,Fields,everett.fields@brightleaf-retail.example,480 555 0110,Male,9/1/1982,Tolleson,AZ,85353,1/6/2025,,Active,,,Logistics,Warehouse Associate,Entry,Part-time,"DC - Tolleson, AZ",E10847,"$21,950 ",,4,4.6,,8/4/2026
E10933,Agnieszka,Dominguez,agnieszka.dominguez@brightleaf-retail.example,941-555-0147,Female,2/4/1991,Gilbert,AZ,85277,1/6/2025,,Actv,,,Store Operations,Cashier,Entry,PT,"Store 007 - Gilbert, AZ",E10711,"17,700",,3,2.2,Associate's Degree,3/26/2026
E10934,Owen,Davis,owen.davis@brightleaf-retail.example,(513) 555-0137,MALE,2/20/1988,Chandler,AZ,85247,1/8/2025,,Active,,,IT,software engineer,Mid,Full-Time,HQ,E10256,"$112,700 ",,4,4,Bachelor's Degree,4/3/2026
E10935,Frances,russell,frances.russell@brightleaf-retail.example,2145550156,Female,18-Sep-00,Fort Worth,TX,76109,9-Jan-25,,Active,,,Store Operations,Cashier,Entry-level,Full-Time,"Store 014 - Plano, TX",E10777,30950,,3,5,High School,3-Sep-26
E10936,Jack,DeLuca,jack.deluca@brightleaf-retail.example,469-555-0158,Male,12/27/1989,Fort Worth,TX,76147,1/13/2025,,Active,,,Supply Chain & Logistics,Logistics Coordinator,mid,Full-time,"DC - Fort Worth, TX",E-10279,"$52,500 ",,4,3.9,GED,5/5/2026
E10937,Jocelyn,Jackson,jocelyn.jackson@brightleaf-retail.example,(562) 555-0180,Female,12/10/2002,Tolleson,AZ,85353,1/13/2025,,Active,,,Supply Chain & Logistics,Warehouse Associate,Entry,Full-Time,Tolleson DC,E10769,0,,2,4.8,,6/6/2026
E10938,Robert,Lambert,robert.lambert@brightleaf-retail.example,+1 602 555 0115,Male,6/12/1994,Phoenix,AZ,85021,1/13/2025,,Active,,,Product Dev,UX Designer,mid,Full-Time,"HQ - Phoenix, AZ",E10663,86100,,3,3.6,Master's Degree,5/14/2026
E10939,Hassan,Lin,hassan.lin@brightleaf-retail.example,(385) 555-0128,Male,7/18/1996,Dallas,TX,75207,1/13/2025,,A,,,Customer Support,Customer Service Representative,Entry,Full-Time,Dallas Office,E10864,39250,,3,3.4,Associate's Degree,4/5/2026
E10940,Sean,Baldwin,sean.baldwin@brightleaf-retail.example,+1 720 555 0185,Male,2/20/1996,Denver,CO,80222,1/13/2025,,Active,,,Supply Chain & Logistics,Warehouse Associate,Entry,Part-Time,"Regional Office - Denver, CO",E10462,"19,700",,1,,High School,6/23/2026
E10941,Katherine,Truong,katherine.truong@brightleaf-retail.example,+1 806 555 0171,Female,12/19/2000,Round Rock,TX,78664,13-Jan-25,,Active,,,Store Operations,Stock Associate,Entry,Part-Time,"Store 018 - Round Rock, TX",E10777,"$16,850 ",,4,,Master's Degree,3/13/2026
e10942,Travis,Hughes,travis.hughes@brightleaf-retail.example,623-555-0115,Male,2-Jul-98,Goodyear,AZ,85390,13-Jan-25,,Active,,,Product Development,UX Designer,Mid,Full-Time,"HQ - Phoenix, AZ",E10245 ,"$97,950.00 ",22-Mar-26,1,3.7,Bachelor's Degree,25-Feb-26
E10943,Beverly,Maldonado,beverly.maldonado@brightleaf-retail.example,(214) 555-0127,Fem,1/8/1995,Grand Prairie,TX,75050,15-Jan-25,,ACTIVE,,,Product Development,Associate Product Manager,Entry,Full-Time,"Regional Office - Dallas, TX",E10816,81800,,3,3,Bachelor's Degree,9/1/2026
E10944,Scott,Castillo,scott.castillo@brightleaf-retail.example,614-555-0147,Male,6/20/1993,Columbus,OH,43213,1/15/2025,,Active,,,Information Technology,Data Analyst,Mid Level,Full-Time,Remote, E10306,"81,300",,2,3.4,Master's Degree,8/13/2026
e10945,Diane,Munoz,diane.munoz@brightleaf-retail.example,(518) 555-0186,Non-binary,9/23/1994,Peoria,Arizona,85354,1/16/2025,,Active,,,Store Operations,Cashier,Entry,Full-Time,"Store 008 - Peoria, AZ",E19280,"$29,600.00 ",,Meets,3.8,Master's Degree,4/18/2026
E10946,Sophia,Martinez,sophia.martinez@brightleaf-retail.example,812-555-0132,Female,6/18/1988,GLENDALE,AZ,85306,1/20/2025,7/25/2025,Term,voluntary,Pay,Customer Service,Customer Service Representative,Entry,Full-Time,Corporate - Phoenix,e10691,"37,900",,3,,HS,8/15/2025
E10947,Avery,Hoffman,avery.hoffman@brightleaf-retail.example,(502) 555-0137,Female,20-May-90,Fort Worth,TX,76160,1/20/2025,,Active,,,Cust Service,SENIOR CUSTOMER SERVICE REPRESENTATIVE,Mid,F/T,regional office - dallas,E10861,47500,,3,3.6,High School,5/22/2026
E10948,Theresa,Cruz,theresa.cruz@brightleaf-retail.example,(843) 555-0153,Female,7/17/1976,Tempe,AZ,85285,1/27/2025,,Active,,,Store Ops,Sales Floor Associate,Entry-level,Full-Time,"Store 002 - Tempe, AZ", E10711,"33,950",,3,3.3,High School,5/13/2026
E10949,John,Romano,john.romano@brightleaf-retail.example,330.555.0127,MALE,11/16/1988,Glendale,Ariz.,85301,1/27/2025,,Active,,,STORE OPERATIONS,Department Supervisor,Mid,Full-Time,"Store 005 - Glendale, AZ",E10893,43850,,3,4.6,High School,18-Dec-25
 E10950,Jacob,Figueroa,jacob.figueroa@brightleaf-retail.example,817-555-0150,Male,8/6/2001,Fort Worth,TX,76118,1/27/2025,,Active,,,Supply Chain & Logistics,Inventory Control Specialist,Mid,Full-Time,dc - fort worth,E10720,"$50,200 ",4/5/2026,3,3,High School,3/31/2026
E10951,Mia,FRANKLIN,mia.franklin@brightleaf-retail.example,,FEMALE,14-Apr-90,Goodyear,Arizona,85365,1/28/2025,,Active,,,Mktg,Digital Marketing Specialist,Mid,Full-Time,"HQ - Phoenix, AZ",E10745,67900,5/3/2026,2,2.9,Associate's Degree,1-Sep-26
E10952,Cheryl,Alexander,CHERYL.ALEXANDER@BRIGHTLEAF-RETAIL.EXAMPLE,(937) 555-0122,Female,11/5/2007,Gilbert,AZ,85262,1/30/2025,,Active,,,Store Operations,Stock Associate,Entry Level,Part-Time,"Store 007 - Gilbert, AZ",E10777,18050,,5,4.1,Bachelor's Degree,5/5/2026
E10953,Alice,Bell,alice.bell@brightleaf-retail.example,480-555-0177,Female,9/26/1982,Gilbert,AZ,85270,2/3/2025,,Active,,,Store Operations,Sales Floor Associate,Entry,Part-Time,"Store 007 - Gilbert, AZ",E10777,17.9K,,3,3.7,High School,5/17/2026
E10954,Debra,Banks,debra.banks@brightleaf-retail.example,+1 817 555 0155,Female,7/15/1984,Grand Prairie,TX,75054,2/6/2025,,Active,,,Merchandising,Category Manager,Manager,Full-Time,"Regional Office - Dallas, TX",E10100,"108,550",,3,2.9,Master's Degree,3/14/2026
E10955,Samuel,Nair,samuel.nair@brightleaf-retail.example,225-555-0165,Male,4/20/2006,Phoenix,AZ,85038,2/10/2025,,ACTIVE,,,Customer Svc,Customer Service Representative,E,Part-Time,Headquarters,E10864,"$21,050 ",,5,4,High School,1/11/2026
E10956,Melanie,HARRIS,melanie.harris@brightleaf-retail.example,623-555-0147,Female,3/18/1993,Peoria,AZ,85366,2/12/2025,,Active,,,CS,Senior Customer Service Representative,Mid,full time,"HQ - Phoenix, AZ",E10128,"$50,850 ",,3,3.5,,8/31/2026
 E10957,Jerry,Diaz,jerry.diaz@brightleaf-retail.example,(719) 555-0147,Male,5/25/1997,Tolleson,AZ,85353,2/16/2025,11/10/2025,Terminated,Voluntary,N/A,Supply Chain & Logistics,Warehouse Associate,Entry,F/T,"DC - Tolleson, AZ",E10950,"37,150",,3,,High School,11/27/2025
E10958,Donna,Ford,donna.ford@brightleaf-retail.example,903-555-0184,Female,N/A,Phoenix,AZ,85040,2/17/2025,,Active,,,Finance,Staff Accountant,mid,Full-Time,"HQ - Phoenix, AZ",E10632,62850,,3,4.1,,4/28/2026
E10959,Ann,Vasquez,ann.vasquez@brightleaf-retail.example,(718) 555-0100,Female,2/20/1996,Nashville,TN,37206,2/17/2025,,Active,,,Sales,Account Executive,Mid Level,FT,Remote,E10787,"78,200",5/20/2026,4,3.8,Bachelors,4/15/2026
E10960,Cody,Porter,cody.porter@brightleaf-retail.example,+1 303 555 0127,Male,10/5/1990,Aurora,CO,80012,2/17/2025,,Actv,,,Supply Chain & Logistics,Warehouse Associate,Entry,Full-Time,"DC - Aurora, CO", E10936,35250,,4,3.2,Associate's Degree,8/23/2026
E10961,Spencer,Garner,spencer.garner@brightleaf-retail.example,(303) 555-0145,MALE,5/15/1997,Littleton,CO,80123,2/21/2025,,A,,,,Store Manager,NULL,Full-Time,STORE 020,E10083,"$69,650 ",,3,3.3,Bachelor's Degree,7/9/2026
E10962,Fernando,Pena,fernando.pena2@brightleaf-retail.example,(678) 555-0126,Male,21-Sep-87,Phoenix,Ariz.,85017,24-Feb-25,,Active,,,Merchandising,Buyer,Mid,Full-Time,"HQ - Phoenix, AZ",E10197,"78,050",,4,3.3,Bachelor's Degree,8/4/2026
E10713,Melissa,Perkins,melissa.perkins@brightleaf-retail.example,480-555-0198,Female,7/18/1990,Peoria,az,85361,10/16/2023,,Active,,,Product Development,Product Manager,Mid-level,FT,Corporate - Phoenix,E10663,"$118,000 ",8/16/2025,4,4.1,Associates,9/20/2026
E10963,Anthony,Howard,anthony.howard@brightleaf-retail.example,(402) 555-0195,Male,11/2/1994,Gilbert,AZ,85262,2/24/2025,,Active,,,Stores,Assistant Store Manager,Sr,Full-Time,Store #7 Gilbert,E10300,61250,,4,3.4,Bachelor's Degree,9/7/2026
E10964,Colton,Ramsey,colton.ramsey@brightleaf-retail.example,+1 480 555 0115,Male,8/6/1995,Tempe,AZ,85288,2/24/2025,,A,,,Sales,Senior Account Executive ,Senior,Full-Time,"HQ - Phoenix, AZ",E10768,"$97,650.00 ",4/25/2026,2,3.5,,5/29/2026
E10965,Isabel,Jenkins,isabel.jenkins@brightleaf-retail.example,708.555.0198,Female,3/8/1994,tolleson,AZ,85353,2/26/2025,,Active,,,Store Operations,Sales Floor Associate,Entry,Full-Time,STORE 002,E10814,34800,,Meets,2.7,High School Diploma,3/26/2026
e10966,Fernando,Contreras,fernando.contreras@brightleaf-retail.example,(972) 555-0145,Male,7/16/1987,Plano,TX,75027,3/1/2025,8/28/2026,Terminated,,Performance,Sales,Account Executive,Mid-level,Full-Time,"Regional Office - Dallas, TX",E10883,74.5K,,2,3.5,Bachelor's Degree,8/29/2026
E10967,Raj,graves,raj.graves@brightleaf-retail.example,480-555-0145,Male,6/25/1993,Avondale,Ariz.,85334,3/3/2025,1/31/2026,Terminated,Voluntary,Compensation,Sales,Senior Account Executive,,Full-Time,Corporate - Phoenix,E10491,"$96,750 ",,4,4.2,Associate's Degree,2/21/2026
E10968,Victoria,Kapoor,victoria.kapoor@brightleaf-retail.example,(770) 555-0132,Female,5/10/2001,Boston,MA,2130,3-Mar-25,,Active,,,Sales,Sales Development Representative,Entry Level,Full Time,WFH,E10391,"$48,900 ",,1,3.3,Bachelor's Degree,26-Jun-26
E10969,Kiara,Walker,kiara.walker@brightleaf-retail.example,(817) 555-0141,Female,2/21/2003,Irving,TX,75054,3/3/2025,,Active,,,Store Operations,Cashier,entry,Full-Time,Store #14 Plano,E10853,"$32,400.00 ",,4,2.9,Bachelor's Degree,6/29/2026
E10970,Tyrone,Kim,tyrone.kim@brightleaf-retail.example,(623) 555-0172,M,7/27/1989,Phoenix,AZ,85011,3/10/2025,,Actv,,,Legal,Legal Operations Manager,Manager,Full-Time,HQ,E10230,"101,150",,4,4.9,Master's,5/6/2026
E10971,Barbara,Johnson,barbara.johnson@brightleaf-retail.example,(812) 555-0184,Female,11/5/1992,Phoenix,AZ,85010,17-Mar-25,,Active,,,Finance,Accounts Payable Clerk,Entry Level,Full-Time,"HQ - Phoenix, AZ",E10410,47.2K,,1,2.6,Master's Degree,20-Apr-26
E10972,Emily,Jackson,emily.jackson@brightleaf-retail.example,(480) 555-0187,Female,5/25/1992,Tolleson,AZ,85353,3/18/2025,3/6/2026,Terminated,Voluntary,Career Change,Customer Service,Customer Service Representative,Entry,Full-Time,HQ,E10751,40600,,5,4.7,High School,3/8/2026
E10973,Lorena,Ruiz,lorena.ruiz@brightleaf-retail.example,602.555.0158,Female,6/18/1987,Phoenix,AZ,85026-2355,3/24/2025,,Active,,,merchandising,Buyer,Mid,Full-Time,"HQ - Phoenix, AZ",E10030,66650,,Meets,3.1,,7/11/2026
E10974,Raymond,Johnston,raymond.johnston@brightleaf-retail.example,319-555-0189,Male,5/2/1993,Tolleson,AZ,85353,3/24/2025,,On Leave,,,Supply Chain & Logistics,Warehouse Associate,Entry,Full-Time,"DC - Tolleson, AZ",E10462,"38,050",,3,4,High School,7/28/2026
E10975,Benjamin,Jimenez,benjamin.jimenez@brightleaf-retail.example,602.555.0153,Male,11/11/1998,Phoenix,Ariz.,85035,3/30/2025,,Active,,,Merchandising,Buyer,,Full-Time,"HQ - Phoenix, AZ",E10005,"$76,500 ",,4,3.5,High School,7/11/2026
E10976,Vikram, Jimenez,vikram.jimenez@brightleaf-retail.example,503.555.0124,Male,1/26/2007,Goodyear,AZ,85367,3/31/2025,,ACTIVE,,,Store Operations,cashier,Entry,Full-Time,STORE 007,E-10796,"32,350",,Exceeds,3.3,Associate's Degree,6/29/2026
E10977,Ashley,Andrews,ashley.andrews@brightleaf-retail.example,+1 410 555 0128,Female,1/24/1986,Glendale,AZ,85304,4/7/2025,1/13/2026,Terminated,Voluntary,Management/Culture,Merchandising,Buyer,Mid Level,Full-Time,Corporate - Phoenix,E10698,75650,,2,2.6,Bachelor's Degree,5-Feb-26
E10978,Alexander,Mitchell,alexander.mitchell@brightleaf-retail.example,+1 619 555 0102,Male,11/27/2000,Gilbert,AZ,85297,4/7/2025,1/16/2026,Terminated,Voluntary,Better Opportunity,Customer Svc,Customer Service Representative,Entry,Part-Time,"HQ - Phoenix, AZ",E10629,24050,,2,3.1,High School Diploma,1/21/2026
e10979,Jose,Lester,,(414) 555-0144,Male,11/10/1987,Littleton,CO,80125-5199,4/7/2025,,Active,,,Marketing,Digital Marketing Specialist,Mid,Full-time,"Regional Office - Denver, CO",E10012,"69,100",,3,3,Bachelor's Degree,10/25/2025
E10980,diana,Chavez,diana.chavez@brightleaf-retail.example,,Female,20-Sep-03,Thornton,CO,80256,7-Apr-25,,Active,,,Sales Department,Sales Development Representative,Entry,Full Time,"Regional Office - Denver, CO",E10712,"$48,500.00 ",,4,NA,Master's Degree,10-May-26
E10981,Mai,Wright ,mai.wright@brightleaf-retail.example,419-555-0152,Female,1-Apr-04,Surprise,AZ,85387,4/11/2025,,Active,,,Finance & Accounting,Accounts Payable Clerk ,Entry,Full-Time,Remote - US,E10406,45500,,5,3.7,MS,7/12/2026
E10982,Bruce,Evans,bruce.evans@brightleaf-retail.example,,M,11/18/1989,Fort Worth,TX,76170,4/17/2025,,ACTIVE,,,Human Resources,RECRUITER,Mid,Full Time,"Regional Office - Dallas, TX",E10437,71750,,4,4.8,Bachelor's Degree,8/19/2026
E10983,Owen,King,owen.king@brightleaf-retail.example,+1 512 555 0194,Male,12/11/2003,Austin,TX,78759,4/20/2025,,Active,,,Store Ops,Sales Floor Assoc.,Entry,Part-Time,Round Rock Store (018),E10853,"20,000",,4,3.3,high school,6/14/2026
E-10984,Roger,Dunn,roger.dunn@brightleaf-retail.example,(508) 555-0111,Male,3/12/2004,Dallas,TX,75213,4/21/2025,,Active,,,Sales Dept,Sales Development Rep,Entry,Full-Time,"Regional Office - Dallas, TX",E10876,47750,,3,2.4,High School,6/11/2026
E10985,Sharon,Perry,,(602) 555-0170,Female,5/25/2007,Goodyear,AZ,85344,4/21/2025,,ACTIVE,,,Store Operations,Sales Floor Associate,Entry,Full-Time,Store #25 Mesa,E10352,"32,600",,2,4,High School,9/14/2026
E10986,Jacqueline,Lee,jacqueline.lee@brightleaf-retail.example,239-555-0120,F,4/21/2004,Chandler,AZ,85230,4/21/2025,,ACTIVE,,,Information Technology,IT Support Technician,Entry,Full-Time,Corporate - Phoenix,E10934,51000,,Meets,3,Bachelors,8/26/2026
E10987,Bruce,Jung,bruce.jung@brightleaf-retail.example,(210) 555-0159,Male,4/23/2002,Littleton,Colorado,80127,4/21/2025,,On leave,,,Store Operations ,Stock Associate,Entry,Full-Time,"Store 019 - Denver, CO",E10382,"$33,950 ",,3,2.8,High School,8/3/2026
E10988,Carmen,bui,carmen.bui@brightleaf-retail.example,3235550191,female,7/2/2008,Denver,CO,80218,4/21/2025,,active,,,Store Operations,Cashier,Entry,Full-Time,"Store 019 - Denver, CO",E10711,31300,,4,4.7,Associate's Degree,4/25/2026
E10989,Rohan,Rios,rohan.rios@brightleaf-retail.example,801 555 0157,Male,8/31/1997,West Valley City,UT,84121-4028,4/23/2025,11/5/2025,Terminated,Involuntary,Attendance,Store Operations ,Department Supervisor,Mid,F/T,"Store 023 - Salt Lake City, UT",E10925,44150,,2,,Associate's Degree,11/22/2025
E10990,Christine,Sawyer,christine.sawyer@brightleaf-retail.example,9495550196,Female,3/5/1996,Phoenix,Arizona,85019,4/25/2025,,A,,,Sales,Sales Development Representative,Jr,FT,"HQ - Phoenix, AZ",E10043,51.0K,,2,4.2,Bachelor's Degree,4/1/2026
E10991,Emily,Smith,emily.smith@brightleaf-retail.example,(913) 555-0102,Female,2/15/2003,Mesquite,TX,75149-9393,4/28/2025,,Active,,,Merchandising,Merchandising Assistant,Entry,Full-Time,"Regional Office - Dallas, TX",E10639,43150,,2,3.4,Bachelor's Degree,4/1/2026
E10992,Anna,Gallo,anna.gallo@brightleaf-retail.example,205.555.0156,Female,3/14/1994,Phoenix,AZ,85024,4/28/2025,,Active,,,SC&L,Warehouse Associate,Entry Level,full time,Tolleson DC,E10669,"$38,000 ",,4,4.2,Bachelor's Degree,4/7/2026
E10993,Roger,cook,roger.cook@brightleaf-retail.example,+1 805 555 0158,Male,11/23/1999,Oro Valley,AZ,85752,4/28/2025,,Active,,,Sales Dept,Sales Development Representative,Entry-level,Full-Time,Remote,E10749,48300,,5,3.9,,4/29/2026
E10994,Grant,Murphy,grant.murphy@brightleaf-retail.example,617.555.0141,Male,4/19/1994,Lakewood,CO,80221,4/29/2025,,Active,,,Sales Department,Account Executive,Mid,Full-Time,"Regional Office - Denver, CO",E10584,"$80,750 ",,5,4.1,Bachelor's Degree,8/20/2026
E10995,Brittany,Shaw,brittany.shaw@brightleaf-retail.example,(516) 555-0155,Female,12/3/1977,LITTLETON,CO,80127,4/29/2025,,Active,,,Store Operations,Department Supervisor,Mid,Full-Time,"Store 019 - Denver, CO",E10080,"$45,950 ",,Exceeds,3.3,Bachelor's Degree,8/19/2026
E10996,Stacy,Green,stacy.green@brightleaf-retail.example,3865550144,Female,7/10/2004,Tolleson,AZ,85353,5/1/2025,,Active,,,Supply Chain & Logistics,Warehouse Associate,Entry,Full-Time,"DC - Tolleson, AZ",E-10866,"35,700",,Meets,3.5,High School,2/15/2026
E10997,John,Mendez,john.mendez@brightleaf-retail.example,(602) 555-0151,Male,8-Aug-99,Phoenix,AZ,85029,5-May-25,,On Leave,,,Sales,Account Executive,Mid-level,Full-Time,"HQ - Phoenix, AZ",E10851,"$82,650 ",,5,,Bachelor's Degree,28-May-26
E10998,Elizabeth,BURKE,elizabeth.burke@brightleaf-retail.example,(720) 555-0193,Female,9/11/1982,Aurora,CO,80010,5/5/2025,,Active,,,Supply Chain & Logistics,Warehouse Associate,Entry,Full-Time,"DC - Aurora, CO",E10724,36650,,3,3,High School,2/18/2026
E10999,Alejandro,Rivera,alejandro.rivera@brightleaf-retail.example,8165550155,Male,9/30/1992,Charlotte,NC,28246,5/5/2025,,Active,,,Marketing,Digital Marketing Spec.,Mid-level,Full-Time,Remote,E10762,63300,,3,,Bachelor's Degree,6/27/2026
E11000,Michael,O'Connor,michael.oconnor@brightleaf-retail.example,,M,10/15/2002,Aurora,CO,,5/5/2025,,Active,,,Product Development,PRODUCT ANALYST,Mid,Full-Time,"Regional Office - Denver, CO",E10518,76100,,4,4,Bachelor's Degree,7/31/2026
E11001,Araceli,Maldonado,araceli.maldonado@brightleaf-retail.example,212.555.0106,Female,3/8/1993,Raleigh,NC,27613,5/5/2025,,Active,,,Sales,Account Executive,Mid,Full-Time,WFH,E10851,"81,600",,4,3.8,BA,9/15/2026
E11002,Tiffany,Francis,tiffany.francis@brightleaf-retail.example,720-555-0159,Prefer not to say,7/6/1994,Denver,CO,80217,5/7/2025,,Active,,,Customer Service,Customer Service Representative,Entry,Full-Time,"Regional Office - Denver, CO",E10956,"$37,800 ",,3,3.5,Bachelor's Degree,7/18/2026
E11003,Calvin,West,calvin.west@brightleaf-retail.example,,Male,7-Sep-87,Portland,OR,97214,11-May-25,,Active,,,Sales,Account Executive,Mid,Full-Time,WFH,E10106,"$73,000 ",,4,3.6,Bachelor's Degree,23-Jul-26
E11004,Stacy,Burns,stacy.burns@brightleaf-retail.example,6235550116,Female,5/27/2002,Phoenix,AZ,85023,5/11/2025,,Active,,,Customer Support,Senior Customer Service Representative,Mid-level,Full-Time,"HQ - Phoenix, AZ",E10861,"$47,450.00 ",,Meets,3.3,,9/3/2025
e11005,Leslie,Nakamura,leslie.nakamura@brightleaf-retail.example,(636) 555-0170,Female,4/25/2000,Peoria,AZ,,5/12/2025,,Active,,,Sales,Sales Development Representative,Entry,Full-Time,"HQ - Phoenix, AZ",E10776,49850,,2,3.4,Bachelor's Degree,7/11/2026
E11006,BETTY,Bowers,betty.bowers@brightleaf-retail.example,775-555-0135,Female,9/4/1996,Aurora,CO,80011,5/13/2025,,A,,,SC&L,Inventory Control Specialist,Mid,Part-Time,"DC - Aurora, CO",E10720,"$35,250.00 ",,3,3.4,Bachelor's Degree,9/6/2026
E11007,william,Cardenas,william.cardenas@brightleaf-retail.example,303-555-0142,Male,8/23/1983,Denver,CO,80230,5/19/2025,,Active,,,Store Operations,Store Manager,manager,FT,"Store 021 - Lakewood, CO",E10054,70850,,3,3.6,Bachelor's Degree,7/28/2026
E11008,Latoya,King,latoya.king@brightleaf-retail.example,2145550146,Female,3/25/1992,Arlington,TX,76008,5/19/2025,,Active,,,Store Operations,Stock Associate,E,Part-Time,"Store 016 - Arlington, TX",E10814,"$17,850 ",,Meets,3.7,Assoc. Degree,3/29/2026
E11009 ,William,Goodwin,william.goodwin@brightleaf-retail.example,315-555-0114,Male,5/20/1996,Henderson,NV,,5/19/2025,,Active,,,Store Operations,Sales Floor Associate,Entry,Full-Time,"Store 012 - Henderson, NV",E10796,"$33,050.00 ",,3,3.8,Associate's Degree,8/31/2026
E11010,Avery,Lutz,avery.lutz@brightleaf-retail.example,503-555-0100,Female,2/15/2002,Phoenix,AZ,85047,5/23/2025,9/7/2025,Terminated,voluntary,Compensation ,STORE OPERATIONS,Sales Floor Associate,Entry,Part-Time,"Store 001 - Phoenix, AZ",E10500,20950,,N/A,,High School,9/16/2025
E11011,Shauna,Han,shauna.han@brightleaf-retail.example,817.555.0166,Fem,7/2/1989,Grand Prairie,TX,75053,5/23/2025,,Active,,,Store Operations,Cashier,Entry,Full-Time,"Store 014 - Plano, TX",E10642,31450,,3,4,Bachelor's Degree,7/7/2026
E11012,Nicholas,Moore,nicholas.moore@brightleaf-retail.example,336-555-0127,Male,12/15/1998,Gilbert,AZ,85243,5/26/2025,,Active,,,Store Operations,Sales Floor Associate,Entry,Full-Time,"Store 007 - Gilbert, AZ",E10777,30.8K,,4,4.6,Associate's Degree,5/11/2026
E11013,Isabel,Ryan,isabel.ryan@brightleaf-retail.example,(801) 555-0151,Female,2/3/1997,Salt Lake City,UT,84119,5/26/2025,,A,,,,Compliance Analyst,Mid,Full-Time,Remote,E10813,"$77,400.00 ",,4,3.4,Bachelor's,5/28/2026
E11014,Ingrid,Espinoza,ingrid.espinoza@brightleaf-retail.example,816-555-0176,Female,12/12/2006,Phoenix,AZ,85026,5/29/2025,,A,,,Customer Service,Customer Service Representative,Entry,Full-Time,"HQ - Phoenix, AZ",E10795,38550,,4,2.7,Associate's Degree,12/13/2025
E11015,Logan,Sandoval,logan.sandoval@brightleaf-retail.example,,Male,4-Nov-03,Arvada,CO,80002,6/1/2025,,Active,,,Information Technology,IT Support Technician,Entry,Full-Time,"Regional Office - Denver, CO",E10157,52150,,3,2.9,Bachelors,3/25/2026
E11016,Christine,Greene,christine.greene@brightleaf-retail.example,7065550192,Prefer not to say,10/3/1980,Phoenix,AZ,85021,6/2/2025,,Active,,,Customer Service,Customer Service Representative,Entry,Full-Time,"HQ - Phoenix, AZ",E10947,36150,,3,3.6,HS,3/26/2026
E11017,Edward,Becker,edward.becker@brightleaf-retail.example,251-555-0169,Male,11/11/2003,Surprise,AZ,85378,6/2/2025,,Active,,,Customer Service,Customer Service Representative,Entry,Full-Time,"HQ - Phoenix, AZ",E10928,"37,050 USD",,3,3.4,BA,9/13/2026
E11018,Victor,Cooper,victor.cooper@brightleaf-retail.example,+1 571 555 0164,Male,12/16/2000,Tolleson,AZ,85353,6/2/2025,,Active,,,Logistics,Warehouse Associate,Entry,Full-Time,dc - tolleson,E10769 ,"37,700",,2,4.1,,9/2/2026
E-11019,Marisol,Phillips,marisol.phillips@brightleaf-retail.example,(337) 555-0121,Female,4/12/2002,Phoenix,AZ,85028,6/2/2025,3/13/2026,Terminated,Vol,Better Opportunity,Store Operations,Sales Floor Associate,Entry,Part Time,"Store 006 - Scottsdale, AZ",E10949,"$18,200.00 ",,4,1.6,Assoc. Degree,18-Mar-26
E11020,Ling,Singh,ling.singh@brightleaf-retail.example,702 555 0126,Female,31-Jan-02,North Las Vegas,nv,89085,3-Jun-25,,Active,,,Marketing,Marketing Coordinator ,Entry,Full-Time,Remote,E10514,"46,200",,4,2.9,Bachelor's,4-Sep-26
E11021,Kristen,Reynolds,kristen.reynolds@brightleaf-retail.example,206-555-0177,Female,1/14/1987,Seattle,WA,98192,6/9/2025,,Active,,,Sales,SALES OPERATIONS ANALYST,Mid,Full-Time,Remote,E10072,61800,,3,3.1,B.S.,7/9/2026
E11022,Debra,Gutierrez,debra.gutierrez@brightleaf-retail.example,503.555.0114,Female,3/30/2006,Littleton,CO,80123,6/10/2025,9/4/2026,Terminated,Voluntary,Work-Life Balance,Store Operations,Sales Floor Associate,Entry,Full-Time,"Store 020 - Aurora, CO",E10949,"$34,200 ",,3,3.3,bachelors degree,9/20/2026
E11023,Helen,Ramirez,helen.ramirez@brightleaf-retail.example,336-555-0123,Female,10/11/2006,Tolleson,AZ,85353,6/10/2025,10/31/2025,Terminated,Involuntary,NCNS,Supply Chain & Logistics,Warehouse Assoc.,Entry,Full-Time,"DC - Tolleson, AZ",E10877,"32,800",,,,High School,11/4/2025
E11024,Nathan ,Watkins,nathan.watkins@brightleaf-retail.example,314.555.0185,Male,23-Mar-97,Goodyear,AZ,,13-Jun-25,,active,,,Customer Service,Customer Service Representative,Jr,Full-Time,"HQ - Phoenix, AZ",E10621,"38,200 USD",,4,4.1,Bachelor's Degree,10-Jun-26
E11025,Alexis,Grant,alexis.grant@brightleaf-retail.example,+1 251 555 0185,female,5/14/1995,Denver,Colorado,80209,6/13/2025,,Active,,,Finance,Staff Accountant,Mid,full time,Denver Regional,E10632,"70,300",,3,3.3,Bachelor's Degree,6/22/2026
E11026,Joseph,Wells,joseph.wells@brightleaf-retail.example,623-555-0125,Male,11/15/1987,Tempe,AZ,85285,6/16/2025,,Active,,,Sales,Senior Account Executive ,Senior,Full-Time,"HQ - Phoenix, AZ",E10399,"98,700",,4,3.7,M.S.,7/19/2026
E11027,Everett,Harris,everett.harris@brightleaf-retail.example,2135550111,Male,3/12/1998,Aurora,CO,80019,6/16/2025,,active,,,Supply Chain & Logistics,Warehouse Associate,Entry,Full Time,"DC - Aurora, CO",E10866,"34,850",,Meets,3.5,High School,5/26/2026
E11028,Minjun,Sandoval,minjun.sandoval@brightleaf-retail.example,(269) 555-0122,Male,12/4/1999,Plano,TX,,6/16/2025,,Active,,,sales,Sales Operations Analyst,Mid,Full-Time,"Regional Office - Dallas, TX",E10526,"$70,100.00 ",,3,3.3,Bachelor's Degree,6/28/2026
E11029,Beatriz,Dawson,beatriz.dawson@brightleaf-retail.example,(617) 555-0115,Fem,4/6/1993,Phoenix,AZ,85052,6/22/2025,,Active,,,Customer Service,Customer Service Representative,Entry,Part-Time,"HQ - Phoenix, AZ",E10751,"$22,300.00 ",,3,2.5,Bachelor's Degree,3/17/2026
E11030,Megan,Jenkins,megan.jenkins@brightleaf-retail.example,507.555.0166,,12/6/1994,Boston,MA,02127,6/23/2025,,Active,,,Information Technology,Software Engineer,Mid,Full-Time,Remote,E10256,"102,250 USD",,4,4.2,Bachelor's Degree,4/8/2026
E11031,Rachel,Baker,rachel.baker@brightleaf-retail.example,+1 330 555 0160,Female,7/6/1996,Phoenix,Arizona,85022,6/25/2025,,Active,,,Human Resources,HR Coordinator,entry,Full Time,"HQ - Phoenix, AZ",E10917,47.2K,,3,4.2,Master's Degree,8/7/2026
E11032,Linda, Bailey,linda.bailey@brightleaf-retail.example,2145550161,Female,8/21/2006,ARLINGTON,TX,76016,6/30/2025,,active,,,Customer Service,Customer Service Representative,Entry,F/T,"Regional Office - Dallas, TX",E10755,39600,,5,3.2,AA,4/22/2026
E11033,John,Erickson ,john.erickson@brightleaf-retail.example,(602) 555-0198,Male,3/16/1990,Surprise,AZ,85388,7/1/2025,,A,,,Sales,Account Executive,Mid,Full-Time,"HQ - Phoenix, AZ",E10247,"82,450",,5,4.4,Bachelor's Degree,3/28/2026
E11034,Johnny,Wheeler,johnny.wheeler@brightleaf-retail.example,(815) 555-0189,Male,5/7/1996,phoenix,AZ,85029,7/3/2025,,Active,,,People & Culture,Payroll Specialist,Mid,Full-Time,"HQ - Phoenix, AZ",,"54,700",,Meets,3.5,HS,8/2/2026
E11035,Felicia,West,felicia.west@brightleaf-retail.example,410-555-0163,Prefer not to say,10/17/1987,Phoenix,AZ,85034,7-Jul-25,,Active,,,Product Development,PRODUCT MANAGER,Mid,full time,"HQ - Phoenix, AZ",E10663,"$112,050 ",,4,4.1,Bachelor's Degree,11/30/2025
E11036,Deborah,Carroll,deborah.carroll@brightleaf-retail.example,(602) 555-0103,Female,1/5/1999,Surprise,Arizona,85376,7/7/2025,,Active,,,Customer Service,Customer Service Representative,Entry,Part-Time,"HQ - Phoenix, AZ",E10956,"$20,500.00 ",,4,5,High School Diploma,4/4/2026
E11037,Molly,Moreno,molly.moreno@brightleaf-retail.example,(812) 555-0182,Female,9/16/1989,Surprise,az,85375,7/9/2025,,Active,,,Store Operations,Cashier,Entry,Part-Time,"Store 006 - Scottsdale, AZ",E10995,19100,,3,4.2,Bachelor's Degree,6/7/2026
E11038,David,Gordon,david.gordon@brightleaf-retail.example,520-555-0136,Male,2/20/1997,Sahuarita,AZ,85629,7/12/2025,,A,,,Product Development,Associate Product Mgr,Entry,Full-Time,Remote - US,E10495,76050,,Unsatisfactory,2.9,Master's Degree,9/20/2026
E11039,Albert,HINES,albert.hines@brightleaf-retail.example,+1 303 555 0100,Male,4/7/2008,Denver,CO,80206,7/14/2025,,active,,,STORE OPERATIONS,Stock Associate,Entry,Full-Time,"Store 019 - Denver, CO",E10658,34.8K,,3,4.2,High School,8/22/2026
E11040,Aaron,Howell,aaron.howell@brightleaf-retail.example,817-555-0148,Male,1/9/1998,MESQUITE,TX,75150,7/14/2025,,Active,,,Store Operations,Sales Floor Associate,Entry,Full-Time,STORE 015,,"32,900",,Meets,3.7,GED,5/4/2026
E11041,Santiago,Powell,santiago.powell@brightleaf-retail.example,512-555-0111,male,12/25/2011,Pflugerville,TX,78660,7/16/2025,,ACTIVE,,,Store Operations,Cashier,Entry,Part-Time,"Store 017 - Austin, TX",E10382,17700,,4,3.7,bachelors degree,7/13/2026
E11042,Juan,Jones,juan.jones@brightleaf-retail.example,603-555-0122,Male,11/20/2006,Tolleson,AZ,85353-1912,7/19/2025,,Active,,,Supply Chain,Warehouse Associate,Entry,Full-Time,"DC - Tolleson, AZ",E10931,"36,150",,3,3.6,Master's Degree,4/7/2026
E11043,Carlos,Hopkins,carlos.hopkins@brightleaf-retail.example,(817) 555-0106,Male,2/13/1996,Dallas,TX,75231,7/22/2025,,active,,,,Associate Product Manager,Entry,FT,Remote,E10607,"$85,350 ",,3,,Master's Degree,7/16/2026
E11044,John,PARKER,john.parker@brightleaf-retail.example,(336) 555-0184,Male,27-Mar-85,Plano,TX,75059,24-Jul-25,,Active,,,Logistics,Forklift Operator,Entry,Part-Time,"DC - Fort Worth, TX",E10950,21150,,3,4.6,High School Diploma,11-Mar-26
E11045,Beverly,Owens,beverly.owens@brightleaf-retail.example,602-555-0150,female,4/7/1992,Scottsdale,AZ,85251,7/24/2025,,Active,,,MERCHANDISING,Merchandising Assistant,Entry,Full-Time,Remote,E10445,"$42,550 ",,3,4.4,Bachelor's Degree,11/1/2025
E11046,Alejandra,Mason,alejandra.mason@brightleaf-retail.example,(760) 555-0135,Female,10-Mar-07,Phoenix,AZ,85024,24-Jul-25,5/10/2026,Inactive,Voluntary,Career Change,CS,Customer Service Representative,Entry,full time,Corporate - Phoenix,-,35800,,3,4.7,High School,5/29/2026
E11047,Sofia,Duncan,sofia.duncan@brightleaf-retail.example,970-555-0196,Female,4/24/1991,Phoenix,AZ,85020,7/26/2025,,active,,,Finance,Financial Analyst,Intermediate,Full-Time,"HQ - Phoenix, AZ",E10066,80.1K,,2,2.7,Bachelor's Degree,9/11/2026
E11048,Chloe,McDonald,chloe.mcdonald@mailhub.example,,Female,2/10/2001,Scottsdale,AZ,85263,7/26/2025,,active,,,marketing,Marketing Coordinator,Entry,Full-Time,"HQ - Phoenix, AZ",E10630,50500,,5,3.3,Associate's Degree,6/22/2026
E11049,Jessica,Scott,jessica.scott@brightleaf-retail.example,561.555.0128,Female,8/29/2006,Denver,CO,80236,7/27/2025,,A,,,Customer Support,Customer Service Representative,Entry-level,Full-Time,"Regional Office - Denver, CO",E10759,35800,,3,2.8,Bachelor's Degree,3/2/2026
E11050,Joy,Long,joy.long@brightleaf-retail.example,(214) 555-0152,Female,11/10/2006,Fort Worth,TX,76168,7/28/2025,,Active,,,Supply Chain & Logistics,Warehouse Associate,Entry,Full-Time,"DC - Fort Worth, TX",e10931,"$36,950.00 ",,4,4.1,Associate's Degree,2/20/2026
E11051,Kendra,Cross,kendra.cross@brightleaf-retail.example,303.555.0177,Female,3/29/2003,Denver,CO,80217,7/28/2025,,Active,,,Sales,SALES DEVELOPMENT REPRESENTATIVE,Entry-level,Full-Time,Remote,E10882,"47,650",,5,4.3,Bachelor's Degree,5/26/2026
E11052,KAYLA,Carter,kayla.carter@brightleaf-retail.example,801.555.0173,Female,7/13/2008,Salt Lake City,UT,84115,7/28/2025,,Active,,,NULL,Stock Associate,Entry,Full Time,"Store 023 - Salt Lake City, UT",E10642,34150,,3,4.1,High School,8/31/2026
E11053,Brielle,Santos,brielle.santos@brightleaf-retail.example,+1 775 555 0107,Female,15-Mar-97,North Las Vegas,NV,89052,29-Jul-25,,Active,,,Store Operations,Sales Floor Associate,Entry Level,Part-Time,STORE 011,E10658,"$19,950 ",,1,,GED,22-Mar-26
E11054,Roger,Campbell,roger.campbell@brightleaf-retail.example,602-555-0139,Male,2/11/2000,Tolleson,AZ,85353,7/31/2025,,Active,,,MARKETING,Marketing Coordinator,entry,Full-Time,"HQ - Phoenix, AZ",E10951,"45,650 USD",,4,3.3,Bachelor's Degree,7/8/2026
E11055,Jacob,Gordon,jacob.gordon@brightleaf-retail.example,+1 858 555 0171,MALE,12/12/1998,Peoria,az,85361,8/3/2025,,Active,,,Store Operations,Cashier,Entry,Part-Time,"Store 025 - Mesa, AZ",E10949,"16,900",,3,4.4,High School,8/21/2026
E11056,Orlando,Bailey,orlando.bailey@brightleaf-retail.example,(213) 555-0144,Male,6/14/2002,Mesa,AZ,85207,8/3/2025,,Active,,,Sales,Sales Development Representative,Entry,full time,"HQ - Phoenix, AZ",E10011,"$44,900.00 ",,Needs Improvement,3.7,,8/24/2026
E11057,Harold,Schmidt,harold.schmidt@brightleaf-retail.example,+1 602 555 0171,Male,7/22/1997,Glendale,Ariz.,85307,8/4/2025,3-Jul-26,Terminated,,,Store Operations ,Sales Floor Associate,Entry,Part-Time,"Store 004 - Chandler, AZ",E-10995,"23,950 USD",,3,3.3,high school,7/25/2026
E11058,Bridget,Martinez,bridget.martinez@brightleaf-retail.example,,Female,9/11/1996,Plano,TX,75034,8/4/2025,,Actv,,,Store Operations,Sales Floor Associate,Entry,Part-Time,STORE 014,E10949,17400,,2,4.3,HS,7/2/2026
E11059,Jeffrey,Parker,jeffrey.parker@brightleaf-retail.example,623-555-0112,Male,3/4/1993,Phoenix,AZ,85036,8/11/2025,,Actv,,,Customer Service,Senior Customer Service Representative,Mid,Full-Time,"HQ - Phoenix, AZ",E10861,"$50,650 ",,4,3,bachelors degree,3/15/2026
E11060,Santiago,Nguyen,santiago.nguyen@brightleaf-retail.example,(248) 555-0177,Male,9/19/1980,Scottsdale,AZ,85258,8/11/2025,,Active,,,SALES,Account Executive,Mid,Full-Time,"HQ - Phoenix, AZ",E10316,76000,,5,5,Associate's Degree,4/12/2026
E11061,Jun,Wilson,jun.wilson@brightleaf-retail.example,4805550121,Male,22-Nov-96,Phoenix,az,85043,8/11/2025,,Active,,,Supply Chain,Supply Chain Analyst,Senior,Full-Time,"HQ - Phoenix, AZ",E10051,"72,600 USD",,Exceeds,3.1,Bachelor's Degree,3/20/2026
E11062,Fernando,Graves,fernando.graves@brightleaf-retail.example,303 555 0192,Male,11/14/1981,Aurora,CO,80016,8/11/2025,,Active,,,Store Operations,Sales Floor Associate,E,Full-Time,"Store 020 - Aurora, CO",E10995,34450,,4,3.8,Bachelor's Degree,6/23/2026
E11063,Jose,Chapman,jose.chapman@brightleaf-retail.example,480 555 0160,Male,12/5/1992,Gilbert,AZ,85280,8/11/2025,,Active,,,Sales,Regional Sales Manager,Manager,Full-Time,"HQ - Phoenix, AZ",E10302,"$124,000.00 ",,3,2.3,Master's,12/16/2025
e11064,Omar,Boyd,omar.boyd@brightleaf-retail.example,6025550155,Male,14-Feb-00,Surprise,AZ,85382,18-Aug-25,,Active,,,Sales Dept,Sales Development Representative,Entry,Full-Time,"HQ - Phoenix, AZ",E10217,47300,,2,,Associate's Degree,1-Jul-26
E11065,Michelle,Zhang,michelle.zhang@brightleaf-retail.example,512-555-0116,Female,6/2/2000,Phoenix,AZ,85030,8/18/2025,,On Leave,,,Marketing,Marketing Coordinator,Entry,Full-Time,"HQ - Phoenix, AZ",E10587,45750,,2,2.7,Bachelor's Degree,8/23/2026
E11066,Raul,Gibson,raul.gibson@brightleaf-retail.example,253-555-0188,Male,,Littleton,Colorado,80121,8/18/2025,,ACTIVE,,,Marketing Dept,Digital Marketing Specialist,Mid,full time,"Regional Office - Denver, CO",E10745,69750,,Meets,3.4,B.S.,8/19/2026
E11067,Donald,Webster,donald.webster@brightleaf-retail.example,,Male,7-Jul-02,Henderson,NV,89050,21-Aug-25,,A,,,Marketing,Marketing Coordinator,entry,Full-Time,Remote,E10102,"$51,300.00 ",,3,3.7,bachelors degree,3-Jul-26
E11068,Eugene,Barnes,eugene.barnes@brightleaf-retail.example,9095550105,Male,8/7/1990,Tempe,AZ,85286,8/22/2025,,Active,,,,Account Executive,Mid,Full-Time,"HQ - Phoenix, AZ",,"77,950",,4,5,BA,5/1/2026
E11069,chad,Stevenson,chad.stevenson@brightleaf-retail.example,713.555.0175,Male,3-May-08,Tolleson,AZ,85353-8719,24-Aug-25,,Active,,,Store Operations,SALES FLOOR ASSOCIATE,Entry,Full-Time,STORE 004,E10949,"33,400",,Needs Improvement,3.3,Associate,6-May-26
E11070,JESSE,Newton,jesse.newton@brightleaf-retail.example,520.555.0135,Male,4/11/2002,Littleton,CO,80127,8/25/2025,,Active,,,Supply Chain & Logistics,Warehouse Associate,E,Part-Time,Distribution Center Aurora,E10950,"$21,400 ",,3,3.7,High School,12/9/2025
E11071,Jocelyn,KNIGHT,jocelyn.knight@brightleaf-retail.example,6125550194,female,8/23/1976,Minneapolis,MN,55417,8/25/2025,,Active,,,Marketing Dept,Brand Manager,Manager,Full-Time,Remote,E10325,"101,450",,Meets,4.2,Bachelor's Degree,2/11/2026
E11072,Priscilla,Mejia,priscilla.mejia@brightleaf-retail.example,972 555 0190,Female,23-Jun-86,Arlington,TX,76012,25-Aug-25,,Active,,,Logistics,Warehouse Associate,Entry,Full-Time,"DC - Fort Worth, TX",E10364,35050,,3,3.7,High School,19-May-26
E11073,SCOTT,Salinas,scott.salinas@brightleaf-retail.example,901.555.0199,M,5-Sep-89,Sahuarita,AZ,85629,25-Aug-25,,ACTIVE,,,Marketing,Digital Marketing Specialist,Mid,Full Time,Remote,E10745,"$66,100 ",,2,2.6,Bachelor's Degree,9/12/2026
E11074,Michelle,Pham,michelle.pham@brightleaf-retail.example,720 555 0170,Female,13-Feb-92,Denver,CO,80236,25-Aug-25,9-Jan-26,Terminated,,Attendance issues,SALES,Account Executive,Mid-level,Full-Time,"Regional Office - Denver, CO",E10395,82700,,,,Bachelor's Degree,21-Jan-26
E11075,Neha,Guerrero,neha.guerrero@brightleaf-retail.example,(303) 555-0176,Fem,1/9/1998,Arvada,co,80007,9/1/2025,,Active,,,Human Resources,HR Coordinator,Entry,FT,"Regional Office - Denver, CO",E11034,48400,,3,3.9,High School,6/26/2026
E11076,Grace,Curtis,grace.curtis@brightleaf-retail.example,(970) 555-0197,Female,7/26/2007,Phoenix,AZ,85035,9/1/2025,12/9/2025,Term,Voluntary ,,Customer Service,Customer Service Representative,E,Part-Time,"HQ - Phoenix, AZ",E11004,21.9K,,,NA,High School,12/27/2025
E11077,William,Wilson,william.wilson@brightleaf-retail.example,+1 480 555 0174,Male,8-Nov-05,Mesa,AZ,85202,6-Sep-25,,A,,,Supply Chain & Logistics,Warehouse Associate,Entry,Full Time,dc - tolleson,E10866,37.5K,,1,3.7,AA,9-Feb-26
E11078,Marilyn,Steele,marilyn.steele@brightleaf-retail.example,(972) 555-0159,Female,8/25/2004,Garland,TX,75041,9/8/2025,10/26/2025,Term,Vol,Compensation ,Cust Service,Customer Service Rep,Entry,part time,"Regional Office - Dallas, TX",,"$28,200 ",,,,HS,11/13/2025
E11079,Sienna,Watson,sienna.watson@brightleaf-retail.example,(972) 555-0187,Female,13-Apr-99,Dallas,TX,75230,8-Sep-25,,Active,,,Human Resources,HR Business Partner,Senior,Full Time,"Regional Office - Dallas, TX",E10810,"$95,250.00 ",,5,2.9,Bachelor's,6-Jul-26
E11080,Sarah,Tran,sarah.tran@brightleaf-retail.example,516-555-0144,Female,,Plano,TX,75056,9/8/2025,5/29/2026,Terminated,Involuntary,Attendance,Merchandising,Buyer,Mid,Full-Time,"Regional Office - Dallas, TX",E10443,"$70,700 ",,Needs Improvement,,BA,6/14/2026
E11081,Brenda,park,brenda.park@brightleaf-retail.example,239-555-0176,Female,9/7/2005,Mesa,AZ,85206,8-Sep-25,,Active,,,Stores,Stock Associate,Entry,Full Time,"Store 025 - Mesa, AZ",E10432,"$34,100.00 ",,5,4.4,High School,28-Aug-26
E11082,Danielle,Abdi,danielle.abdi@brightleaf-retail.example,(936) 555-0126,F,11/11/1997,phoenix,az,85053,9/8/2025,,A,,,CS,Senior Customer Service Representative,unknown,Full-Time,HQ,E10079,"50,300",,4,3.5,High School,6/30/2026
E11083,Kathryn,Garrett,kathryn.garrett@brightleaf-retail.example,(405) 555-0138,Female,12/20/1995,Phoenix,AZ,85010,9/8/2025,,Active,,,Customer Support,Customer Service Rep,E,Full-Time,"HQ - Phoenix, AZ",E10956,38550,,3,3,Associate's Degree,8/30/2026
E11084,Cynthia,Brooks,cynthia.brooks@brightleaf-retail.example,+1 469 555 0112,Female,5/17/2000,Garland,TX,75044,9/8/2025,,Active,,,Customer Support,Customer Service Representative,Entry,Full-Time,regional office - dallas,E10629,"40,200",,3,2,Bachelor's Degree,8/22/2026
E11085,Billy ,Campbell,billy.campbell@brightleaf-retail.example,(212) 555-0118,NB,6/17/2003,Goodyear,AZ,85386,8-Sep-25,,Active,,,Supply Chain and Logistics,Warehouse Associate,Entry,Full-Time,"DC - Tolleson, AZ", E10936,"$34,350 ",,3,3.8,Associate's Degree,8/2/2026
E10271,Deborah,Morgan,deborah.morgan@mailhub.example,(480) 555-0183,F,1/8/1978,Glendale,AZ,85310,9/2/2019,,Active,,,Sales,Senior Account Executive,Senior,Full Time,WFH,E10136,118500,,4,4.3,,9/20/2026
E11086,Owen,Yamamoto,owen.yamamoto@brightleaf-retail.example,619-555-0160,Male,1/22/1999,Tolleson,AZ,85353,9/11/2025,,Active,,,supply chain & logistics,Logistics Coordinator,Intermediate,Full-Time,"DC - Tolleson, AZ",E10845,54900,,2,4,GED,5/3/2026
E11087,Arthur,White,ARTHUR.WHITE@MAILHUB.EXAMPLE,210 555 0121,Male,10/27/1987,Mesa,AZ,85208,9/15/2025,,active,,,Human Resources,Recruiter,Mid,Full-Time,HQ,E10015,"$67,250 ",,3,3.7,Bachelor's Degree,6/3/2026
E11088,Crystal,McDaniel,crystal.mcdaniel@brightleaf-retail.example,(602) 555-0136,Female,5-Dec-97,Phoenix,AZ,85031,22-Sep-25,,Active,,,Customer Service,Sr. Customer Service Rep,Mid,full time,"HQ - Phoenix, AZ",E10861,46850,,2,2.4,GED,11-Sep-26
E11089,ANNA,Romero,anna.romero@brightleaf-retail.example,317-555-0159,Female,6/30/2000,Surprise,AZ,85374,9/22/2025,,A,,,Customer Service,Customer Service Representative,Entry Level,Part-Time,"HQ - Phoenix, AZ",E10928,25700,,2,3,High School,18-Aug-26
E11090,Mateo,Howard,mateo.howard@brightleaf-retail.example,505.555.0161,-,8/21/2008,Albuquerque,NM,87104,9/22/2025,,Active,,,Store Operations ,Sales Floor Associate,Entry,full time,STORE 022,E10853,"$30,950 ",,5,4.2,Bachelor's Degree,7/26/2026
E11091,Anthony,Bryant,anthony.bryant@brightleaf-retail.example,(801) 555-0165,Male,10/2/1998,Sandy,UT,84090,10/6/2025,,Active,,,Marketing,Marketing Coordinator,Entry,F/T,Remote,E10438,"$49,200 ",,4,4.2,B.S.,6/25/2026
E11092,Jason,Marquez ,jason.marquez@brightleaf-retail.example,216 555 0192,Male,7/5/1999,phoenix,AZ,85038,10/6/2025,,Active,,,Sales,Sales Development Representative,Entry,Full-Time,HQ,E11021,43300,,2,4,Master's Degree,9/15/2026
E11093,Laura,molina,laura.molina@brightleaf-retail.example,650-555-0152,F,4/9/1991,Aurora,CO,80016-2338,10/6/2025,,Active,,,supply chain & logistics,Warehouse Associate,Entry,Full-Time,"DC - Aurora, CO",E10936,33700,,2,3.6,High School,7/21/2026
E11094,Stephen,Cunningham,stephen.cunningham@brightleaf-retail.example,4255550174,Male,10/12/1987,Scottsdale,AZ,85252,10/13/2025,,Active,,,Store Operations,Sales Floor Associate,Entry-level,Full-Time,"Store 006 - Scottsdale, AZ",E10711,32900,,4,4.2,High School,8/21/2026
E11095,Eugene,Chapman,eugene.chapman@brightleaf-retail.example,714 555 0116,Male,9/12/2000,Phoenix,AZ,85053,10/13/2025,,Active,,,Marketing,Marketing Coordinator,Entry Level,Full-Time,Headquarters,E10597,"$48,350 ",,3,3.8,Bachelor's Degree,1/9/2026
E11096,Mallory,Miles,mallory.miles@brightleaf-retail.example,760-555-0170,Female,7/19/1995,Thornton,Colorado,80248,10/13/2025,,Active,,,Legal/Compliance,Compliance Analyst,Intermediate,Full-Time,Denver Office,E10920,"$80,750.00 ",,4,4.3,BS,2/11/2026
E11097,Ximena,Jennings,ximena.jennings@brightleaf-retail.example,702-555-0118,Female,15-May-97,Las Vegas,NV,89113,10/15/2025,10-Feb-26,Terminated,Involuntary,End of Season,Store Operations,Cashier,Entry,Seasonal/Temp,"Store 011 - Las Vegas, NV",E10949,"$12,350.00 ",,,,Bachelor's Degree,2/27/2026
E11098,Hector,O'Brien,,623.555.0146,male,1/8/1987,Avondale,AZ,85341,10/16/2025,,Active,,,Human Resources,Recruiter,Mid-level,Full-Time,"HQ - Phoenix, AZ",E10735,59700,,3,3.8,Master's Degree,1/20/2026
E11099,Divya,Wise,divya.wise@brightleaf-retail.example,303-555-0141,Female,8/20/1994,Denver,co,80242,10/20/2025,,Active,,,Product Development,Product Manager,Mid-level,Full-Time,"Regional Office - Denver, CO",E10130,"$107,850 ",,4,3.9,Master's Degree,7/27/2026
E11100,Alejandro, Roman,alejandro.roman@brightleaf-retail.example,,Male,,Chandler,AZ,85246,20-Oct-25,,Active,,,Store Operations ,Department Supervisor,Mid,Full-Time,Store #5 Glendale,E10904,45900,,3,3,Associate,11/8/2025
E11101,Leroy,George,,501-555-0148,Male,11/19/2006,Phoenix,AZ,85021-5454,10/21/2025,25-Jan-26,Terminated,,End of Season,Customer Service,Customer Service Representative,Entry,Seasonal,Corporate - Phoenix,E11088,"$16,550 ",,N/A,NA,HS,1/27/2026
E11102,Karen,Holmes,karen.holmes@brightleaf-retail.example,3035550148,Female,10/20/1989,Lakewood,CO,80224,10/22/2025,,Active,,,Store Operations,Department Supervisor,Mid,full time,Store #21 Lakewood,E10115,"$43,200 ",,2,2.6,Associate's Degree,12/3/2025
E11103,Anthony,Hicks,anthony.hicks@brightleaf-retail.example,(720) 555-0141,Male,24-Jun-77,Avondale,AZ,85364,10/22/2025,2/17/2026,Terminated,Involuntary,End of Season,Supply Chain and Logistics,Warehouse Associate,Entry,Seasonal,"DC - Tolleson, AZ",E11006,"16,950 USD",,N/A,,high school,2/21/2026
E11104,Grace,Pham,grace.pham@brightleaf-retail.example,(909) 555-0179,FEMALE,9/20/1986,Avondale,AZ,85382,10/23/2025,,Active,,,Store Operations,Sales Floor Associate,Jr,Part-Time,Store #7 Gilbert,E10488,"22,150",,3,4.2,Associate's Degree,5/11/2026
E11105,Jerry,Cox,jerry.cox@brightleaf-retail.example,,Male,3/5/2002,Phoenix,AZ,85035,10/27/2025,,Active,,,Sales ,Sales Development Rep,Entry,Full-Time,"HQ - Phoenix, AZ",E11028,"$47,950.00 ",,3,2.8,GED,26-Jul-26
E11106,Donald,Stevenson,donald.stevenson@brightleaf-retail.example,(217) 555-0117,MALE,1/13/1995,Dallas,TX,75213,10/27/2025,,Active,,,sales,Account Executive,Mid,full time,"Regional Office - Dallas, TX",E10883,76.8K,,4,3,bachelors degree,8/10/2026
E11107,Cynthia,Jennings,cynthia.jennings@brightleaf-retail.example,508-555-0100,F,4/29/1999,Marana,AZ,85658,10/27/2025,,Active,,,Merchandising,Merchandising Assistant,Entry,Full-Time,Remote,E10716,43500,,3,,B.S.,5/2/2026
E11108,Kyle,Moore,kyle.moore@brightleaf-retail.example,214-555-0197,MALE,21-May-03,Dallas,TX,75207,27-Oct-25,,Active,,,Customer Service,Customer Service Representative,Entry Level,Full-Time,Dallas Regional,E10759,"$37,800 ",,3,3.2,High School,16-Aug-26
E11109,SHAUNA,Daniels,shauna.daniels@brightleaf-retail.example,520.555.0178,Female,1/2/1999,Tucson,AZ,85733-7724,11/3/2025,,Active,,,Store Operations,Sales Floor Associate,E,Part-Time,Tucson Store (009),E10949,19.4K,,Exceeds,2.9,GED,7/13/2026
E11110,Betty,Lawson,betty.lawson@brightleaf-retail.example,239-555-0150,Female,12/28/1995,West Valley City,UT,84122,11/3/2025,,active,,,information technology,Senior Software Engineer,Senior,Full-Time,Remote,E10753,145700,,3,2.9,Bachelor's,3/3/2026
E11111,Andrew,butler,andrew.butler@brightleaf-retail.example,+1 254 555 0177,Male,4/10/1986,AURORA,CO,80016,11/8/2025,2/19/2026,Terminated,Involuntary,,Supply Chain & Logistics,Warehouse Associate,Entry,Temp,dc - aurora,E10650,"12,850",,N/A,,Associate's Degree,3/14/2026
E11112,Jenna,Medina,jenna.medina@brightleaf-retail.example,(951) 555-0165,Female,1/22/2002,Garland,TX,75042,11/10/2025,,On Leave,,,Sales,Account Executive,Mid,Full-Time,Dallas Regional,E10964,"$68,900.00 ",,5,4,Bachelor's,4/17/2026
e11113,DeShawn,Novak,deshawn.novak@brightleaf-retail.example,7205550112,Male,12/12/2006,Littleton,CO,80123,11/10/2025,,On Leave,,,Supply Chain & Logistics,Warehouse Associate,Entry Level,Part-Time,"DC - Aurora, CO",E10873,"19,800",,3,3.4,high school,1/30/2026
E11114,Marie,Manning ,marie.manning@brightleaf-retail.example,930.555.0186,Female,10/4/2004,arlington,TX,76017-9067,11/10/2025,,On Leave,,,,IT Support Technician,Entry,Full-Time,regional office - dallas,E10140,"50,150 USD",,2,3.9,BA,1/22/2026
E11115,Alejandro,Simpson,alejandro.simpson@brightleaf-retail.example,702-555-0139,Male,28-Oct-97,North Las Vegas,NV,89032,10-Nov-25,13-Mar-26,TERM,Voluntary,Better Opportunity,Store Operations,Stock Associate,Entry,Part-Time,"Store 026 - Las Vegas, NV",E10340,"20,900 USD",,,,high school,14-Mar-26
E11116,Carolina,Cook,carolina.cook@brightleaf-retail.example,(623) 555-0157,Female,3/31/2001,Tempe,Arizona,85284,10-Nov-25,,Active,,,,Sales Development Representative,Entry,Full-Time,Headquarters,E10149,45350,,3,4.4,Bachelor's,9/3/2026
E11117,Holly,Scott,holly.scott@brightleaf-retail.example,,Non-binary,2/23/2000,Littleton,CO,80120,11/12/2025,2/10/2026,Terminated,Involuntary,End of Season,Store Operations ,Stock Associate,E,Seasonal,"Store 019 - Denver, CO",E11100,14.2K,,,NA,Bachelor's Degree,2/14/2026
E11118,Raul,Perez,raul.perez@brightleaf-retail.example,+1 469 555 0109,Male,9/8/1989,Mesquite,TX,75150,11/14/2025,,Active,,,Store Operations ,Sales Floor Associate,Entry,Part-Time,"Store 013 - Dallas, TX",E10949,20.9K,,3,3.6,High School Diploma,5/3/2026
E11119,Eugene,Carey,eugene.carey@brightleaf-retail.example,323-555-0176,Male,31-Aug-03,MURRAY,UT,84117,11/17/2025,,Active,,,Sales,SALES OPERATIONS ANALYST,Mid,Part-Time,Remote - US,E10085,43900,,3,3.8,MBA,9/7/2026
E11120,Keisha,Vazquez ,keisha.vazquez@brightleaf-retail.example,(908) 555-0126,Female,3/22/2008,Mesquite,TX,75150,11/19/2025,2/6/2026,terminated,Involuntary,End of Season,Stores,Sales Floor Associate,E,Seasonal,"Store 016 - Arlington, TX",E11100,"$14,050 ",,,NA,Associate's Degree,2/10/2026
E11121,Amanda,Chandler,amanda.chandler@brightleaf-retail.example,(415) 555-0186,Fem,15-Dec-98,Gilbert,AZ,85270,24-Nov-25,,Active,,,Store Operations,Sales Floor Associate,Entry,Part-Time,Store #2 Tempe,E10995,18200,,3,3.9,B.S.,12-Mar-26
E11122 ,Martha,Contreras,martha.contreras@brightleaf-retail.example,,Female,2/24/2003,Phoenix,AZ,85017,11/25/2025,,Active,,,information technology,IT Support Technician,Entry,Full-Time,"HQ - Phoenix, AZ",E10926,54600,,4,3.1,,6/30/2026
E11123,Ashley,Morgan,ashley.morgan@brightleaf-retail.example,(602) 555-0116,Fem,6/1/2007,Phoenix,AZ,85038,11/27/2025,,Active,,,store operations,Sales Floor Associate,Entry,Part-Time,store 1 - phoenix,E10777,"21,100",,3,4,GED,8/6/2026
E11124,Tyler,Perry,tyler.perry@brightleaf-retail.example,(602) 555-0169,Male,9/1/1999,Phoenix,AZ,85036,11/27/2025,,Active,,,sales,Account Executive,mid,Full-Time,"HQ - Phoenix, AZ",E10251,75.5K,,3,4,,7/14/2026
E11125,Alejandro,Munoz,alejandro.munoz@brightleaf-retail.example,(405) 555-0108,Male,8/30/1990,Denver,CO,80228,12/1/2025,,Active,,,Prod Dev,Product Manager,Mid,full time,Denver Office,E10518,"$123,750 ",,3,3.3,Master's Degree,6-Jun-26
E11126,Timothy,Conti,timothy.conti@brightleaf-retail.example,7045550192,Male,5/13/2007,Aurora,CO,80016,12/1/2025,,Active,,,Supply Chain & Logistics,Warehouse Associate,Entry,Full-Time,dc - aurora,E10931,"35,550",,5,3.6,High School,9/4/2026
E11127,Neil,Mason,neil.mason@brightleaf-retail.example,732.555.0164,Male,11-Jul-94,Fort Worth,TX,76119,12/8/2025,,Active,,,Product Development,QA Analyst,mid,Full-Time,"Regional Office - Dallas, TX",E10245,"73,900",,4,3.5,Bachelor's Degree,1/8/2026
e11128,Madison,Garrett,madison.garrett@brightleaf-retail.example,520-555-0177,Female,1/26/1996,Sahuarita,AZ,85629,12/8/2025,,Active,,,Store Operations,Sales Floor Associate,Entry-level,Full-Time,"Store 009 - Tucson, AZ",E10200,"$34,450.00 ",,3,2.5,High School Diploma,9/8/2026
E11129,Chad,Solis,chad.solis@brightleaf-retail.example,616-555-0192,Male,5/12/2003,DALLAS,tx,75221,12/8/2025,,Active,,,Product,Product Analyst,Intermediate,Full-Time,"Regional Office - Dallas, TX",E10033,"74,700",,5,4.3,Bachelor's Degree,4/27/2026
E11130,Hana,Schmidt,HANA.SCHMIDT@BRIGHTLEAF-RETAIL.EXAMPLE,,Female,4/21/2007,Denver,CO,80227,12/10/2025,,Active,,,Supply Chain & Logistics,Warehouse Associate,Entry,part time,Distribution Center Aurora,E10936,"23,050",,4,3.4,High School,8/14/2026
E11131,Nancy,Alvarado,nancy.alvarado@mailhub.example,845.555.0157,Non Binary,3/16/1998,Phoenix,AZ,85032,12/15/2025,,Active,,,Customer Service,Customer Service Representative,Entry,Part-Time,"HQ - Phoenix, AZ",E10678,"$21,950 ",,3,2.6,High School,12/15/2025
E11132,Gail,Huang,gail.huang@brightleaf-retail.example,(515) 555-0167,FEMALE,8/6/1999,Dallas,TX,75214-9859,12/15/2025,,Active,,,,Customer Service Representative,Entry Level,Part-Time,"Regional Office - Dallas, TX",E11088,21050,,2,3.3,Assoc. Degree,9/10/2026
E11133,Linh,Flores,linh.flores@brightleaf-retail.example,678-555-0147,Female,8/12/1992,Henderson,NV,89030,12/18/2025,,Active,,,Stores,Sales Floor Associate,Entry,Full-Time,"Store 026 - Las Vegas, NV",e11102,32750,,4,4.8,High School,6/4/2026
E11134,Itzel,Mann,itzel.mann@brightleaf-retail.example,937-555-0152,Female,1/27/2005,Chandler,AZ,85226,12/22/2025,,Active,,,Store Operations,Cashier,Entry,FT,Store #4 Chandler,E11102,31800,,Outstanding,,,9/3/2026
E11135,Eduardo,Torres,eduardo.torres@brightleaf-retail.example,602 555 0157,Male,8/20/2003,Phoenix,AZ,85003,12/22/2025,,Active,,,Sales Department,Sales Development Representative,Entry-level,Full-Time,"HQ - Phoenix, AZ",E10889,47150,,2,,bachelors degree,12/22/2025
E11136,Yuki,Lane,yuki.lane@brightleaf-retail.example,267.555.0158,Non-binary,10/21/1989,Garland,TX,75044,12/22/2025,,A,,,SALES,Account Executive,Mid,Full-Time,"Regional Office - Dallas, TX",E10316,"$84,850.00 ",,4,,BA,5/14/2026
E11137,Nadia,Lucas,nadia.lucas@brightleaf-retail.example,615.555.0159,F,4/23/1997,Tempe,AZ,85282,12/29/2025,,Active,,,Merchandising,Merchandising Assistant,Entry,Full-time,"HQ - Phoenix, AZ",E10512,"$44,950 ",,3,,Master's Degree,7/19/2026
E11138,Brittany,Warner,brittany.warner@brightleaf-retail.example,812.555.0175,Female,12/17/1996,Tolleson,AZ,85353,12/29/2025,,Actv,,,Store Operations,Sales Floor Associate,Entry,Part-time,"Store 008 - Peoria, AZ",,"$19,600 ",,1,,Master's Degree,4/3/2026
E11139,Tyrone,Silva,tyrone.silva@brightleaf-retail.example,5125550166,Male,9/3/2007,Round Rock,TX,78672,29-Dec-25,,Active,,,Store Ops,Cashier,Entry Level,Full-Time,"Store 017 - Austin, TX",unknown,"33,100",,Meets,,Associate,3/28/2026
E11140,Emma,Simmons,emma.simmons@brightleaf-retail.example,337-555-0122,Female,4/9/2007,Arlington,TX,76006,12/31/2025,,Active,,,Store Ops,Sales Floor Associate,Entry,Full-Time,"Store 015 - Fort Worth, TX",E10853,33450,,3,,High School,5/15/2026
E11141 ,Aaron,Fitzgerald,aaron.fitzgerald@brightleaf-retail.example,(254) 555-0179,Male,6/25/2009,phoenix,AZ,85007,1/1/2026,,Active,,,Store Operations,Sales Floor Associate,Entry Level,Full Time,"Store 001 - Phoenix, AZ",NULL,33200,,4,,High School,8/31/2026
E11142,Eugene, Eaton,eugene.eaton@brightleaf-retail.example,(239) 555-0116,Male,12/1/1997,Avondale,AZ,85323,1/3/2026,,Active,,,Customer Service,Customer Service Representative,Entry,Part-Time,"HQ - Phoenix, AZ",E11082,24.6K,,4,,Associate's Degree,4/14/2026
E11143, Lorena,Moore,LORENA.MOORE@BRIGHTLEAF-RETAIL.EXAMPLE,719-555-0127,Female,6/2/2007,Tolleson,az,85353,1/10/2026,,Active,,,Supply Chain & Logistics,Warehouse Associate,E,Full-Time,"DC - Tolleson, AZ",E10931,33000,,3,,Bachelor's Degree,9/18/2026
E11144,Robert,GARDNER,robert.gardner@brightleaf-retail.example,812.555.0164,Male,3-Nov-98,Phoenix,AZ,85020,11-Jan-26,,Actv,,,Store Operations,Stock Associate,Entry,Full-Time,"Store 004 - Chandler, AZ",E10949,32000,,Meets,,BA,14-Jan-26
E11145,MARVIN,Nichols,marvin.nichols@brightleaf-retail.example,814.555.0145,Male,9/11/1999,FORT WORTH,TX,76139,12-Jan-26,,ACTIVE,,,Supply Chain & Logistics,Inventory Control Specialist,Mid,Full-time,"DC - Fort Worth, TX",E10474,50.7K,,3,,High School,7/22/2026
E11146,Lauren,Miller,lauren.miller@brightleaf-retail.example,(203) 555-0198,Female,11/20/1988,Tempe,AZ,85288-9679,1/12/2026,,active,,,Fin,Financial Analyst,Mid Level,Full-Time,"HQ - Phoenix, AZ",E10826,N/A,,3,,B.S.,9/20/2026
E11147,Hiroshi,Andrews,hiroshi.andrews@brightleaf-retail.example,(214) 555-0103,,12-Apr-97,Fort Worth,TX,76129,14-Jan-26,,Active,,,store operations,Sales Floor Associate,Entry,Part-Time,"Store 015 - Fort Worth, TX",E11100,"$23,050.00 ",,4,,High School,9-Mar-26
E11148,Magdalena,Thornton,magdalena.thornton@brightleaf-retail.example,469.555.0170,Female,7/31/2004,Dallas,TX,75253,1/19/2026,4/13/2025,Terminated,Voluntary,Career Change,Store Operations,Sales Floor Associate,Entry,Full-Time,"Store 013 - Dallas, TX",E10949,32550,,,,High School,3/29/2026
E11149,Brandon,Diaz,brandon.diaz@brightleaf-retail.example,+1 903 555 0150,Male,24-May-90,Mesa,AZ,85203,19-Jan-26,,Active,,,Customer Service,Senior Customer Service Representative,Mid,Full-Time,Headquarters,E10861,"$45,300 ",,Meets,,High School,11-Apr-26
E11150,Henry,Parks,henry.parks@brightleaf-retail.example,,Male,9/16/2007,Las Vegas,NV,89117,1/21/2026,,Active,,,Store Ops,Cashier,Entry Level,Part-time,"Store 012 - Henderson, NV",E10096,"$23,150 ",,Meets,,,3/26/2026
E11151,Edward,Fletcher,edward.fletcher@brightleaf-retail.example,716-555-0147,Male,6/22/1995,Plano,TX,75045,1/26/2026,,Active,,,Stores,Sales Floor Associate,Entry Level,full time,"Store 014 - Plano, TX",E10777,33000,,3,,Associate's Degree,7/27/2026
E11152,Mark,Guerrero,mark.guerrero@brightleaf-retail.example,(480) 555-0189,Male,6/14/2009,Phoenix,AZ,85033,1/26/2026,,Leave of Absence,,,Store Operations,Sales Floor Associate,Entry,Full-Time,"Store 001 - Phoenix, AZ",E10777,"$33,100.00 ",,4,,Associate's Degree,7/27/2026
E11153,Martha,Henderson,martha.henderson@brightleaf-retail.example,+1 602 555 0114,Female,3/31/1999,Phoenix,AZ,85039,1/30/2026,,Active,,,Sales,Account Executive,Mid,Full-Time,"HQ - Phoenix, AZ",E10964,70450,,4,,Bachelor's Degree,7/16/2026
E11154,Philip,Wilson,philip.wilson@brightleaf-retail.example,214.555.0131,Prefer not to say,8-Aug-00,Frisco,TX,75033,31-Jan-26,,Active,,,Store Operations,Cashier,Entry Level,Full-Time,"Store 013 - Dallas, TX",E10949,"32,850",,3,,Bachelor's,9/12/2026
E11155,Jasmine,Jackson,jasmine.jackson@brightleaf-retail.example,618.555.0151,Female,24-Jul-93,Gilbert,AZ,85266,2/2/2026,,Active,,,Store Operations,Cashier,Entry Level,full time,"Store 007 - Gilbert, AZ",E11100,"$32,500 ",,4,,High School,7/24/2026
E10655,Mary,Cardenas,mary.cardenas@brightleaf-retail.example,(623) 555-0166,Female,8/28/1999,Phoenix,AZ,85045,5/22/2023,,Active,,,Marketing,Digital Marketing Specialist,Mid,Full-Time,"HQ - Phoenix, AZ",E10012,72350,,4,3.7,Master's Degree,8/18/2026
E11156,Sophia,Jimenez,sophia.jimenez@brightleaf-retail.example,(423) 555-0113,Female,3/16/1998,Surprise,AZ,85376,2/2/2026,,Active,,,Product Development,Product Analyst,Mid,F/T,"HQ - Phoenix, AZ",E10130,"$78,800 ",,3,,Bachelor's Degree,6/24/2026
E11157,Raj,Mitchell,raj.mitchell@brightleaf-retail.example,240-555-0181,Male,11/4/1997,Scottsdale,AZ,85262,2/2/2026,,ACTIVE,,,Supply Chain & Logistics,Forklift Operator,Entry,full time,"DC - Tolleson, AZ",E10462,38.0K,,4,,Bachelors,7/2/2026
E11158,Ian,Duran,ian.duran@brightleaf-retail.example,(919) 555-0167,male,4/11/1998,Raleigh,NC,27615,2/2/2026,,Active,,,Information Technology,IT Support Technician,entry,Full-Time,Remote,E10608,51850,,4,,Bachelor's Degree,2/2/2026
E11159,Guadalupe,Warner,guadalupe.warner@brightleaf-retail.example,(225) 555-0148,Non-binary,13-Oct-02,Scottsdale,AZ,85264,2/3/2026,,Active,,,Supply Chain & Logistics,Warehouse Associate,Entry,Full-Time,dc - tolleson,E10873,"$36,100 ",,3,NA,GED,5-Aug-26
E11160,Bobby,Rivera,bobby.rivera@brightleaf-retail.example,323 555 0186,Male,4/9/2005,Gilbert,AZ,85254,2/9/2026,,Active,,,Store Operations,Cashier,Entry,Full-Time,"Store 024 - Phoenix, AZ",E10488,"$30,550 ",,3,,High School,2/19/2026
E11161,MONICA,Wise,monica.wise@brightleaf-retail.example,+1 303 555 0162,Prefer not to say,,Denver,CO,80214,9-Feb-26,,Active,,,CS,senior customer service representative,Mid,Full-Time,"Regional Office - Denver, CO",E10087,44850,,3,,Bachelor's Degree,24-Jul-26
E11162 ,Carolyn,Payne,carolyn.payne@brightleaf-retail.example,610 555 0117,female,9/27/1986,Denver,CO,80236,2/16/2026,,Active,,,Customer Support,Customer Service Representative,Entry,Part-Time,"Regional Office - Denver, CO",E11088,"$25,950 ",,Meets,,Associate's Degree,2/16/2026
E10306,Christopher,Pena,christopher.pena@brightleaf-retail.example,618.555.0126,Prefer not to say,11/23/1986,Rio Rancho,NM,87133,1/20/2020,,ACTIVE,,,Information Technology,Senior Software Engineer,senior,Full-Time,Remote,E10143,146700,,3,3.3,Bachelor's Degree,9/20/2026
E11163,Miguel,Cox,miguel.cox@brightleaf-retail.example,5615550180,Male,11/10/1994,Nashville,TN,37204,2/16/2026,,Active,,,SALES,Account Executive,Mid-level,Full-Time,Remote,E10526,68.5K,,3,NA,High School Diploma,5/8/2026
E11164,Abigail,Flores,abigail.flores@brightleaf-retail.example,336-555-0158,Female,8/23/1994,Chandler,AZ,85231,2/23/2026,,Active,,,Information Technology,Systems Administrator,Mid,Full-Time,"HQ - Phoenix, AZ",E10306,"73,450",,3,,Associate's Degree,6/27/2026
E11165,Javier,Rossi,javier.rossi@brightleaf-retail.example,(731) 555-0167,Male,3/16/1997,Austin,TX,78759,2/23/2026,,Active,,,Information Technology,IT Support Technician,Entry,Full-time,remote,E10099,"$53,700 ",,3,,Doctorate,8/13/2026
E11166,Jocelyn,James,jocelyn.james@brightleaf-retail.example,(512) 555-0177,Female,7/25/1999,Pflugerville,TX,78660,2/23/2026,,Active,,,Marketing,Marketing Coordinator,Entry,Full-Time,Remote,E10979,48300,,3,,BS,5/21/2026
E11167,Patricia,Stephens,patricia.stephens@brightleaf-retail.example,,FEMALE,2/3/1983,North Las Vegas,NV,89052,23-Feb-26,,Active,,,Store Operations,Sales Floor Associate,entry,Full-Time,STORE 011,E10546,"31,600",,4,NA,Associate's Degree,4/2/2026
E11168,Ana,Garza,ana.garza@brightleaf-retail.example,330-555-0176,Female,10/18/2001,Tempe,az,85282,2/23/2026,,active,,,Product Development,Associate Product Manager,Entry Level,Full-Time,"HQ - Phoenix, AZ",E10703,"75,950",,3,,Bachelor's Degree,5/16/2026
E-11169,Edward,Hernandez,edward.hernandez@brightleaf-retail.example,201.555.0138,Male,26-Aug-91,Surprise,AZ,85375,3/2/2026,,Active,,,Supply Chain & Logistics,Logistics Coord.,Mid,Full-Time,"DC - Tolleson, AZ",E10273,"55,050",,3,,Assoc. Degree,8/28/2026
E11170,Elizabeth,Fowler,elizabeth.fowler@brightleaf-retail.example,(817) 555-0165,Female,4/16/2002,Fort Worth,TX,76161,3/2/2026,,Active,,,Supply Chain & Logistics,Warehouse Associate,Entry,Full-Time,"DC - Fort Worth, TX",,"$38,250 ",,3,NA,Associate's Degree,3/5/2026
E11171,Seth,Merritt,seth.merritt@brightleaf-retail.example,704-555-0121,Male,8/25/2007,Denver,CO,80220,3/2/2026,,Active,,,Supply Chain & Logistics,Warehouse Associate,Entry,Part-Time,"DC - Aurora, CO",E10478,19650,,4,,High School,9/6/2026
E11172,Grace,MAYER,grace.mayer@brightleaf-retail.example,505 555 0194,Female,12-Apr-03,Plano,TX,75065,3/2/2026,,ACTIVE,,,Logistics,Warehouse Associate,Entry,Full-Time,"DC - Fort Worth, TX",E10650,33050,,4,,Bachelor's,7/20/2026
E11173,Carlos,JAMES,carlos.james@brightleaf-retail.example,757-555-0152,Male,1/11/2003,Scottsdale,AZ,85265,3/7/2026,,Active,,,Supply Chain & Logistics,Warehouse Associate,Entry,Part-Time,"DC - Tolleson, AZ",E11086,"$22,100.00 ",,3,,High School,3/31/2026
E11174,Agnieszka,Santiago,agnieszka.santiago@brightleaf-retail.example,602.555.0137,Female,3/5/1999,Mesa,AZ,85212,12/23/2026,,Active,,,Store Operations,Sales Floor Associate,entry,Part-Time,Store #25 Mesa,E10995,"$20,500 ",,4,,High School,6/28/2026
E11175,Judy,Stone,judy.stone@brightleaf-retail.example,2035550178,Female,27-Aug-00,Mesa,AZ,,3/8/2026,,Active,,,Customer Service,Customer Service Representative,Entry,Full-Time,"HQ - Phoenix, AZ",E10947,"$34,700.00 ",,2,,High School,4/18/2026
E11176,Nancy,Chang,nancy.chang@brightleaf-retail.example,512-555-0103,Female,1/1/2007,round rock,TX,78680,3/8/2026,,Active,,,Store Operations,Sales Floor Associate,Entry,Full-Time,"Store 017 - Austin, TX",E11100,"$31,250 ",,4,,Bachelor's Degree,7/16/2026
E11177,Zachary,Howard,zachary.howard@brightleaf-retail.example,3865550101,Male,2/17/2001,Tempe,AZ,85283,3/9/2026,,Active,,,Product Development,Product Analyst,Mid,full time,REMOTE,E10518,82700,,4,,Bachelor's Degree,4/25/2026
E11178,Fernando,Patel,fernando.patel@brightleaf-retail.example,954-555-0124,Male,6/6/1994,Phoenix,AZ,85054,3/9/2026,,A,,,Information Technology,Systems Administrator,Mid Level,Full-Time,Corporate - Phoenix, E11110,"$72,550 ",,3,,,9/20/2026
E11179,Neha,Porter,neha.porter@brightleaf-retail.example,+1 913 555 0169,Female,6/9/1992,Glendale,AZ,85301,3/9/2026,,Active,,,Store Operations,Cashier,Entry,Full-Time,"Store 025 - Mesa, AZ",E10055,31300,,4,,High School,6/11/2026
E11180,Felicia,Robbins,felicia.robbins@brightleaf-retail.example,4805550167,Female,5/21/2006,Mesa,AZ,85212,3/10/2026,,Active,,,Store Operations,Sales Floor Associate,Entry Level,Full-Time,"Store 003 - Mesa, AZ",E10658,"$32,550 ",,5,,High School,6/24/2026
E11181,Joanna, Saunders,joanna.saunders@brightleaf-retail.example,(404) 555-0175,Female,26-Sep-91,Dallas,TX,75233,13-Mar-26,,Active,,,,Account Executive,Mid,Full-Time,"Regional Office - Dallas, TX",E10331,"76,050",,1,,Bachelor's Degree,7-Sep-26
E11182,Deborah,Harris,deborah.harris@brightleaf-retail.example,(321) 555-0184,FEMALE,4/6/1992,Phoenix,AZ,85045,3/16/2026,,Active,,,Customer Service,Customer Service Representative,Entry,Full-Time,"HQ - Phoenix, AZ",E10473,37650,,3,,High School,3/16/2026
E11183,Brenda,Padilla,,+1 918 555 0137,Female,9/12/1988,Round Rock,TX,78670,3/16/2026,,Active,,,Store Operations,Stock Associate,Entry-level,Part-Time,"Store 018 - Round Rock, TX",E11100,"$18,000 ",,4,,High School Diploma,6/15/2026
E11184, Brittany,Hampton,,(817) 555-0187,Female,9/1/2004,Arlington,TX,76014,3/20/2026,,Actv,,,Customer Service,Customer Service Representative,Entry-level,Full-Time,"Regional Office - Dallas, TX",-,"$40,200 ",,3,,AA,3/23/2026
E11185,Sven,Horton,sven.horton@brightleaf-retail.example,(717) 555-0146,Male,11/11/1997,Avondale,AZ,85334,3/20/2026,,Active,,,I.T.,IT Support Technician,Entry,Full-Time,"HQ - Phoenix, AZ",E10288,"49,850",,3,,Bachelors,3/20/2026
E11186,Lauren,Wagner,lauren.wagner@brightleaf-retail.example,(407) 555-0138,Female,1/31/2002,Phoenix,AZ,85022,3/21/2026,,Active,,,Sales,Sales Development Representative ,Entry,Full-Time,"HQ - Phoenix, AZ",,"46,400 USD",,3,,Bachelor's Degree,8/2/2026
E11187,Lars,Nunez,lars.nunez@brightleaf-retail.example,505.555.0110,Prefer not to say,3/21/2001,Rio Rancho,NM,,3/23/2026,,Active,,,Information Technology,Systems Administrator,Mid,Full Time,Remote,E10266,"$83,450 ",,,,Bachelor's Degree,5/31/2026
E11188,Jose,Ryan,jose.ryan@brightleaf-retail.example,,Male,12/29/1996,Denver,CO,80217,3/23/2026,,Active,,,Legal & Compliance,Paralegal,Mid,Full-time,"Regional Office - Denver, CO",E10920,"69,300",,,,MBA,4/28/2026
E11189,Raul,Hendricks,raul.hendricks@brightleaf-retail.example,209-555-0140,Male,2/2/2001,Tolleson,AZ,85353,3/30/2026,,Active,,,Technology,IT Support Technician,,full time,hq phoenix,E10923,"49,250",,,,Associate's Degree,3/30/2026
E11190,Rosa,Garza,rosa.garza@brightleaf-retail.example,210-555-0113,Female,8/15/1990,Peoria,AZ,85350,3/30/2026,,Active,,,Store Ops,Sales Floor Associate,Entry,Part-time,"Store 024 - Phoenix, AZ",E10853,22450,,,,High School,3/30/2026
E11191,Ryan,Carroll,ryan.carroll@brightleaf-retail.example,+1 217 555 0173,Male,5/2/1995,Phoenix,AZ,85038,3/30/2026,,Active,,,Merchandising,Buyer,Mid,Full-time,"HQ - Phoenix, AZ",E10030,"$68,400 ",,,,Bachelor's Degree,7/27/2026
E11192,Courtney,Wagner,courtney.wagner@brightleaf-retail.example,(301) 555-0108,Female,3/31/1995,Arlington,TX,76001,3/30/2026,,Active,,,Store Ops,Sales Floor Associate,entry,Part-Time,"Store 015 - Fort Worth, TX",E10432,"$18,250 ",,,NA,High School,4/14/2026
E11193,Ian,Osei,ian.osei@brightleaf-retail.example,651.555.0127,Male,5-Aug-04,Mesa,AZ,85215,4/6/2026,,Active,,,Store Operations,Stock Associate,Entry,Part-time,"Store 003 - Mesa, AZ",E10814,21.5K,,,,High School,5/23/2026
E11194,Jun,Khan,jun.khan@brightleaf-retail.example,(623) 555-0119,Male,4/5/2004,Mesa,AZ,85203,4/6/2026,,active,,,Cust Service,Customer Service Representative,Entry,Full-Time,"HQ - Phoenix, AZ",E10751,"$39,150.00 ",,,,High School,7/5/2026
E11195,Tariq,Hernandez,tariq.hernandez@brightleaf-retail.example,(214) 555-0108,Male,11/10/2001,Dallas,TX,75254,4/13/2026,,Active,,,human resources,Recruiter,Mid,Full-Time,"Regional Office - Dallas, TX",E-10437,"60,200 USD",,,NA,Bachelor's Degree,4/26/2026
E11196,Zachary,Peterson,zachary.peterson@brightleaf-retail.example,(618) 555-0152,Male,3/13/2000,Surprise,AZ,85382,4/13/2026,,active,,,Marketing,Marketing Coordinator,Entry,Full-Time,Remote,E10736,48450,,,,Bachelor's Degree,7/21/2026
E11197,Marco,Gutierrez,marco.gutierrez@brightleaf-retail.example,,Male,9/3/2003,Peoria,AZ,85362,4/13/2026,,Active,,,Supply Chain & Logistics,WAREHOUSE ASSOCIATE,Entry,Part-time,"DC - Tolleson, AZ",E10936 ,22350,,N/A,NA,HS,4/13/2026
E11198,Nancy,Burton,nancy.burton@brightleaf-retail.example,(757) 555-0158,Female,28-Sep-02,Albuquerque,nm,87123,17-Apr-26,,Active,,,Stores,Cashier,Entry,Full-Time,"Store 022 - Albuquerque, NM",E11102,31650,,,,High School Diploma,8-Jul-26
E11199,Nicole,Walsh,nicole.walsh@brightleaf-retail.example,209-555-0164,female,19-Mar-91,Tempe,AZ,85285,18-Apr-26,,A,,,Store Operations,Stock Associate,Entry,P/T,"Store 002 - Tempe, AZ",E10042,19300,,,,High School,23-May-26
E11200,Hunter,Duong,hunter.duong@brightleaf-retail.example,651-555-0199,Male,10/12/2002,Denver,CO,80218,4/18/2026,,active,,,Information Technology,IT SUPPORT TECHNICIAN,,Full-Time,"Regional Office - Denver, CO",E10944,52550,,,,Associate's Degree,7/10/2026
E11201,janice,Byrd,janice.byrd@brightleaf-retail.example,405-555-0147,Female,30-Dec-94,Tolleson,AZ,85353-1724,20-Apr-26,,ACTIVE,,,Merch,Merchandising Assistant,Entry Level,Full-Time,"HQ - Phoenix, AZ",,"43,200",,,NA,Bachelor's Degree,20-May-26
E11202,Omar,Cox,omar.cox@brightleaf-retail.example,913-555-0178,Male,12-Mar-91,Phoenix,AZ,85006,20-Apr-26,,Active,,,CS,SENIOR CUSTOMER SERVICE REPRESENTATIVE,Mid,Full-Time,"HQ - Phoenix, AZ",E10237,44200,,,,,8-Jul-26
E11203,Arjun,Lowery,arjun.lowery@mailhub.example,(256) 555-0198,Male,11/7/2007,Plano,TX,75032,4/25/2026,,Active,,,Customer Service,Customer Service Representative,Entry,F/T,"Regional Office - Dallas, TX",E10864,"39,400",,,,HS,11-Jul-26
E11204,Donald,Joseph,donald.joseph@brightleaf-retail.example,805.555.0155,Male,7/29/1983,Tempe,AZ,85286,4/25/2026,,Active,,,Sales,sales operations analyst,,Full-Time,"HQ - Phoenix, AZ",E10072,69100,,,,,8/16/2026
E10209,Luis,Schwartz,luis.schwartz@brightleaf-retail.example,8155550188,M,7-Apr-94,West Valley City,UT,84121,23-Jul-18,,Active,,,Store Operations,Stock Associate,Entry,Part-Time,"Store 023 - Salt Lake City, UT",E10055,"$17,950 ",,4,3.4,Associate's Degree,20-Sep-26
E11205,Ibrahim,Potter,ibrahim.potter@brightleaf-retail.example,2135550196,Male,2/25/2001,Phoenix,AZ,85006,4/27/2026,,Active,,,Mktg,Marketing Coordinator,Jr,Full-Time,"HQ - Phoenix, AZ",E10676,51100,,,,Bachelors,9/1/2026
E11206,Grant,Hooper,grant.hooper@brightleaf-retail.example,912.555.0112,Male,9/10/1990,Gilbert,AZ,85238,4/27/2026,,ACTIVE,,,supply chain & logistics,Warehouse Associate,Entry-level,Full-Time,"DC - Tolleson, AZ",E11006,"$35,450.00 ",,,,Associate's Degree,7/6/2026
E11207,Zoe,Griffin,zoe.griffin@mailhub.example,910-555-0154,Female,3/19/1998,Phoenix,AZ,85027,4/27/2026,,ACTIVE,,,Sales,Account Executive,Mid,Full-Time,HQ,E10317,71150,,,,High School,4/27/2026
E11208,Tessa,Miller,,702.555.0173,Female,8/10/2003,Henderson,NV,89067,4/29/2026,,Active,,,Store Operations,Sales Floor Associate,Entry,Full-Time,"Store 011 - Las Vegas, NV",E10796,33100,,,,High School,4/29/2026
E11209,Victoria,White,victoria.white@brightleaf-retail.example,502-555-0177,Female,19-Jun-95,Tempe,AZ,85285,12/25/2026,,Actv,,,Marketing,Marketing Coordinator,Entry Level,Full-Time,"HQ - Phoenix, AZ",E10732,"48,800",,,,Bachelor's Degree,6/15/2026
E11210,Diane,Page,diane.page@brightleaf-retail.example,(214) 555-0169,Female,3/27/1993,Fort Worth,TX,,5/4/2026,,Active,,,Store Operations,Department Supervisor,Mid,Full-Time,"Store 015 - Fort Worth, TX",E10963,"$44,900 ",,,,Associate's Degree,5/11/2026
E11211,Natalie,Smith,natalie.smith@brightleaf-retail.example,512.555.0141,Female,7/20/1996,Pflugerville,TX,78660,5/4/2026,,Active,,,Store Operations,Department Supervisor,Mid,Full-Time,"Store 017 - Austin, TX",E10893,"$43,200 ",,,,High School,6/19/2026
E-11212,Marisol,Peters,marisol.peters@brightleaf-retail.example,612 555 0192,N/S,11/2/1992,Chandler,AZ,85237,5/9/2026,,Active,,,Store Operations,Stock Associate,Entry,Part-Time,Mesa Store (003),-,22700,,N/A,,High School,9/1/2026
E11213,Bonnie,Rivas,bonnie.rivas@brightleaf-retail.example,703.555.0174,Female,4/30/1996,Tempe,AZ,,5/11/2026,,Active,,,Store Operations,Department Supervisor,Mid,Full-Time,"Store 004 - Chandler, AZ",E10386,"45,800",,,,AA,5/11/2026
E11214,Maureen,Fields,maureen.fields@brightleaf-retail.example,+1 702 555 0142,Female,12/16/2000,Las Vegas,NV,89113,5/11/2026,,Active,,,Store Operations,Cashier,Entry,Full-Time,"Store 026 - Las Vegas, NV",E10796,33600,,,NA,Associate's Degree,8/15/2026
E11215,Nicole,Gonzalez,nicole.gonzalez@brightleaf-retail.example,(509) 555-0169,Female,19-Jan-91,Surprise,AZ,85388,5/11/2026,,Active,,,STORE OPERATIONS,Sales Floor Associate,Entry,Full Time,"Store 006 - Scottsdale, AZ",E10814,36050,,,,HS,8/24/2026
E11216,Kenneth,Fuller,kenneth.fuller@brightleaf-retail.example,720-555-0150,Male,10/2/1998,denver,CO,80207,5/13/2026,,Active,,,Marketing,Digital Marketing Specialist,Mid-level,Full-Time,"Regional Office - Denver, CO",E11071,69.2K,,,,Bachelor's Degree,5/14/2026
E11217,Hiroshi,Barnett,hiroshi.barnett@brightleaf-retail.example,(505) 555-0162,Male,10/4/1993,Rio Rancho,New Mexico,87141,12/7/2026,,ACTIVE,,,Store Operations,Sales Floor Associate,Entry,Full-Time,"Store 022 - Albuquerque, NM",E10658,"$33,250.00 ",,,,,5/18/2026
E11218,Faith,MEYER,faith.meyer@mailhub.example,720.555.0133,F,3/26/1990,Tolleson,AZ,85353,5/18/2026,,Active,,,Store Operations,Sales Floor Associate,Entry-level,Full-Time,"Store 024 - Phoenix, AZ",E10949,"32,300 USD",,,,GED,5/18/2026
E11219,Nicole,Newton,nicole.newton@brightleaf-retail.example,732.555.0181,Female,8/23/1997,Chandler,Arizona,85226,5/23/2026,,Active,,,Store Operations,Sales Floor Associate,Entry,Full-Time,"Store 025 - Mesa, AZ",E11211,"$34,000 ",,,NA,High School,5/23/2026
E11220,Sandra,Fox,sandra.fox@mailhub.example,5165550153,F,3/31/1994,Scottsdale,AZ,85262,5/24/2026,,Active,,,Human Resources,HR Coordinator,entry,Full-Time,Phoenix HQ,E11098,"45,850 USD",,N/A,,Bachelor's Degree,5/24/2026
E11221,Christina,Burgess,CHRISTINA.BURGESS@BRIGHTLEAF-RETAIL.EXAMPLE,+1 623 555 0175,Fem,4/25/1990,Phoenix,AZ,85005,5/25/2026,,ACTIVE,,,Customer Service,Customer Service Representative,Entry,Full-Time,"HQ - Phoenix, AZ",E11161,40450,,,,High School Diploma,5/25/2026
E11222,Alan,Wheeler,alan.wheeler@brightleaf-retail.example,812.555.0118,MALE,12/2/1995,Phoenix,AZ,85030,25-May-26,,Actv,,,Product Development,Product Manager,Mid,Full-Time,Corporate - Phoenix,E10245,"$115,200 ",,,,,7/15/2026
E11223,Brittany,Flores,brittany.flores@brightleaf-retail.example,8145550111,Female,2/8/2004,Tempe,AZ,85284,25-May-26,,On Leave,,,Store Operations,Cashier,Entry,full time,"Store 002 - Tempe, AZ",E11213,30.8K,,,,High School Diploma,9/17/2026
E11224,Calvin,Salinas,calvin.salinas@brightleaf-retail.example,812 555 0104,Male,9/23/1995,Tolleson,AZ,85353,6/1/2026,,Active,,,Supply Chain & Logistics,Logistics Coordinator,Mid,Full-Time,"DC - Tolleson, AZ",E10146,51.9K,,,,Bachelor's Degree,6/1/2026
E11225,sarah,Torres,sarah.torres@brightleaf-retail.example,(912) 555-0156,Fem,11/17/1990,Salt Lake City,UT,84106-5641,6/1/2026,,Active,,,Store Operations,Stock Associate,Entry,Full-Time,"Store 023 - Salt Lake City, UT",E11213,"34,000 USD",,N/A,,Associate's Degree,9/3/2026
E11226,Harper,Day,harper.day@brightleaf-retail.example,+1 720 555 0176,Female,3/23/2002,Lakewood,CO,,6/1/2026,,Active,,,Store Ops,SALES FLOOR ASSOCIATE,Entry,Part-Time,Store #20 Aurora,E11210,20050,,,,Associate's Degree,6/27/2026
E11227,Alexis,Rodgers,alexis.rodgers@brightleaf-retail.example,208.555.0134,Female,1/10/1991,Dallas,TX,75204,6/3/2026,,Active,,,Sales,Account Executive,Mid,Full-Time,"Regional Office - Dallas, TX",E10317,"$75,000 ",,,,Master's Degree,6/18/2026
E11228,Orlando,yang,orlando.yang@brightleaf-retail.example,801-555-0177,Male,17-Mar-97,Arvada,Colorado,80006,8-Jun-26,,Active,,,SC&L,Logistics Coordinator,Mid,Full-Time,"DC - Aurora, CO",E11061,"53,850",,,,High School,8-Jun-26
E11229,Shirley,Leon,shirley.leon@brightleaf-retail.example,(936) 555-0107,Female,4/14/1998,Peoria,AZ,85348,6/9/2026,9/8/2026,Terminated,Voluntary,N/A,Store Operations,Stock Associate,Entry,Part-Time,"Store 003 - Mesa, AZ",E10796,20000,,,,High School,9/20/2026
E11230,Benjamin,Hunter,benjamin.hunter@brightleaf-retail.example,+1 206 555 0199,Male,7/24/2000,Seattle,WA,98196,23-Jun-26,,Active,,,Sales,Sales Development Representative,Entry,Full-Time,Remote,E10387,46.3K,,N/A,NA,M.S.,6/29/2026
E11231,Raymond,Hubbard,raymond.hubbard@mailhub.example,(857) 555-0164,male,1/5/2002,Tempe,Arizona,85282,6/29/2026,,Active,,,Store Operations,SALES FLOOR ASSOCIATE,Entry,Part-Time,store 25 - mesa,E11211,19500,,N/A,,High School,6/29/2026
E11232,Layla,Woods,layla.woods@brightleaf-retail.example,501-555-0123,Female,1/1/1993,Mesa,AZ,85203,6/29/2026,,ACTIVE,,,Store Operations ,Sales Floor Associate,Entry Level,Full-Time,"Store 025 - Mesa, AZ",E10796,"31,450",,,,high school,6/29/2026
E11233,Lisa,Wood,lisa.wood@brightleaf-retail.example,(385) 555-0178,Female,5/22/1986,Mesa,Ariz.,85205,6/29/2026,,Active,,,,Cashier,Entry,Part-Time,"Store 024 - Phoenix, AZ",E11210,"$17,850.00 ",,,,Bachelor's Degree,7/19/2026
E11234,Terry,franco,terry.franco@brightleaf-retail.example,408-555-0123,Male,11/28/2007,Phoenix,AZ,85004,7/2/2026,,Actv,,,Cust Service,Customer Service Representative,entry,Full-Time,"HQ - Phoenix, AZ",E10759,"$37,350.00 ",,,,High School,7/2/2026
E11235,Jack,Rose,jack.rose@brightleaf-retail.example,(803) 555-0145,Male,1/28/1994,Aurora,CO,80014,7/5/2026,,Actv,,,Store Operations,Stock Associate,Entry,Full-Time,Store #20 Aurora,E11210,"$34,200.00 ",,,,,7/5/2026
E11236,Diane,Spencer,diane.spencer@brightleaf-retail.example,(520) 555-0101,Female,1/13/1999,Sahuarita,Arizona,85629,7/6/2026,,Active,,,Store Operations ,Sales Floor Associate,Entry,Part-Time,"Store 009 - Tucson, AZ",E11211,"$18,300.00 ",,,,High School,8/7/2026
E11237,William,Salazar,william.salazar@brightleaf-retail.example,716-555-0132,Male,6/22/2009,Austin,TX,78712,7/6/2026,,ACTIVE,,,Store Operations,Sales Floor Associate,Entry,Full-Time,STORE 017,E11213,33450,,N/A,,Associate's Degree,7/6/2026
E11238,Tracy,Thompson,tracy.thompson@brightleaf-retail.example,,Female,5/12/1990,Plano,TX,75029,7/13/2026,,Active,,,Sales,Sales Operations Analyst,mid,Full Time,"Regional Office - Dallas, TX",E-10002,63150,,,,Bachelor's Degree,8/22/2026
E11239,Valerie,Levy,valerie.levy@brightleaf-retail.example,908-555-0162,Undisclosed,6/4/1998,Peoria,AZ,85366,7/17/2026,,Active,,,Marketing,Digital Marketing Specialist,Mid,Full-Time,"HQ - Phoenix, AZ",E11071,65550,,,,Bachelor's Degree,8/21/2026
E11240,Jeffrey,HARRIS,jeffrey.harris@brightleaf-retail.example,573-555-0108,Male,8/22/2004,Chandler,AZ,85229,7/19/2026,,On Leave,,,Store Operations,Sales Floor Associate,Entry,Full-Time,"Store 004 - Chandler, AZ",E11102,34000,,,NA,,7/19/2026
E11241, Rebecca,Luna,rebecca.luna@brightleaf-retail.example,(303) 555-0181,Female,5/21/2004,Arvada,CO,80003,7/24/2026,,Active,,,Marketing,Marketing Coordinator,Entry,Full-Time,"Regional Office - Denver, CO",E11073,51250,,,,Bachelor's Degree,7/24/2026
E11242,Mei,Lopez,mei.lopez@brightleaf-retail.example,(502) 555-0115,Prefer not to say,-,Tempe,AZ,85286,7/27/2026,,ACTIVE,,,Store Operations,Cashier,Entry,Full-Time,"Store 002 - Tempe, AZ",E11102,"$31,700 ",,,,HS,27-Jul-26
E11243,Jesse,Wagner,jesse.wagner@brightleaf-retail.example,5125550152,Male,3/31/2000,Round Rock,TX,78664,7/27/2026,,Active,,,store operations,Sales Floor Associate,Entry,Full-Time,"Store 018 - Round Rock, TX",E11102,31350,,,,GED,7/27/2026
E11244,Tasha,dominguez,tasha.dominguez@mailhub.example,,Female,7/26/2003,Avondale,AZ,85329,8/3/2026,,Active,,,Marketing,Digital Marketing Specialist ,,Full-Time,"HQ - Phoenix, AZ",E11071,"$63,400.00 ",,N/A,,,8/3/2026
E11245,Billy,Chen,billy.chen2@brightleaf-retail.example,(303) 555-0172,Male,7/8/2004,Aurora,CO,80017,8/3/2026,,Active,,,Supply Chain & Logistics,Logistics Coordinator,Mid,Full-Time,"DC - Aurora, CO",E10550,"$52,650 ",,,,Bachelor's Degree,8/3/2026
E11246,John,Han,john.han@brightleaf-retail.example,(817) 555-0132,Male,9/7/1998,Plano,TX,75025,8/10/2026,,Active,,,H.R.,HR Coordinator,Entry,Full-Time,"Regional Office - Dallas, TX",E11034,"$48,150.00 ",,N/A,,Bachelor's Degree,8/18/2026
E11247,Priscilla,Valencia,priscilla.valencia@brightleaf-retail.example,+1 202 555 0162,Female,6/20/1999,Gilbert,Ariz.,85251,8/12/2026,,Active,,,Store Operations,Cashier,Entry,Seasonal,"Store 007 - Gilbert, AZ",E10042,"$14,800 ",,,,Associate's Degree,8/12/2026
E11248,Sarah,Young,sarah.young@brightleaf-retail.example,(650) 555-0111,Female,2/14/1996,Dallas,TX,75245,8/14/2026,,Active,,,,Accounts Payable Clerk,Entry,full time,"Regional Office - Dallas, TX",E11047,"$43,300.00 ",,,,Bachelors,8/14/2026
E11249,Sunita,Pham,sunita.pham@brightleaf-retail.example,516-555-0148,Female,,Tempe,AZ,85286,8/19/2026,,Active,,,Store Operations,Sales Floor Associate,Entry Level,Seasonal,"Store 002 - Tempe, AZ",E11100,12950,,,,BA,19-Aug-26
E11250,Andrew,Cohen,andrew.cohen@brightleaf-retail.example,(423) 555-0150,Male,11/28/1992,Avondale,AZ,85354,8/24/2026,,Active,,,Store Operations,Stock Associate,Entry,Seasonal,"Store 003 - Mesa, AZ",E11213,"$13,200.00 ",,,NA,Master's Degree,8/24/2026
E11251,Margaret,Li,margaret.li@brightleaf-retail.example,+1 727 555 0173,Female,12/14/2000,Glendale,AZ,85310,24-Aug-26,,Active,,,Store Operations,Cashier,entry,Part-Time,"Store 024 - Phoenix, AZ",E11100,"$20,400 ",,,,High School,8/24/2026
E11252,Diana,Cox,diana.cox@brightleaf-retail.example,(209) 555-0153,Female,17-Mar-85,Rio Rancho,NM,87130,26-Aug-26,,Active,,,Store Operations,Cashier,Entry,Seasonal,"Store 022 - Albuquerque, NM",E10488,"$12,750.00 ",,,NA,High School,26-Aug-26
E11253,Sergio,Rossi,sergio.rossi@brightleaf-retail.example,805-555-0133,Prefer not to say,7/13/2009,Tempe,AZ,85281,8/27/2026,,Active,,,Store Operations,Sales Floor Associate,Entry,Temp,"Store 003 - Mesa, AZ",E11210,"15,100",,,,Bachelor's Degree,8/27/2026
E11254,Andre,Friedman,andre.friedman@brightleaf-retail.example,(319) 555-0175,Male,20-Sep-75,Goodyear,AZ,85374,31-Aug-26,,Active,,,Supply Chain & Logistics,Warehouse Associate,Entry,Seasonal,"DC - Tolleson, AZ",E11145,15650,,,,High School,31-Aug-26
E11255,Jeffrey ,Turner,jeffrey.turner@brightleaf-retail.example,(410) 555-0133,Male,11/22/1972,Chandler,AZ,85232,9/1/2026,,Active,,,Store Operations,Sales Floor Associate,Entry,Seasonal,"Store 004 - Chandler, AZ",E11210,12200,,,,,1-Sep-26
E11256, Brittany,Morrison,brittany.morrison@brightleaf-retail.example,+1 505 555 0105,female,9-Jan-92,Tempe,AZ,85284,9/1/2026,,Active,,,Store Operations,Cashier,Entry,Seasonal,"Store 006 - Scottsdale, AZ",E11211,"$12,400 ",,N/A,,,9/1/2026
E11257,Tara,Payne,tara.payne@brightleaf-retail.example,801-555-0174,Female,12/16/1985,Salt Lake City,UT,84108,9/1/2026,,Active,,,Store Operations,Stock Associate,Entry,Seasonal,"Store 023 - Salt Lake City, UT",,15600,,,,Bachelor's Degree,9/1/2026
E11258,Alexander,McCoy,alexander.mccoy@brightleaf-retail.example,505-555-0172,Male,10/9/2005,Albuquerque,NM,87118,9/7/2026,,A,,,Store Operations,Sales Floor Associate,entry,Seasonal,"Store 022 - Albuquerque, NM",E11211,11450,,,,Master's Degree,9/7/2026
E10977,ashley,Andrews,ashley.andrews@brightleaf-retail.example,410-555-0128,Female,1/24/1986,Glendale,AZ,85304,4/7/2025,1/13/2026,Terminated,voluntary,Management/Culture,Merchandising,Buyer,Mid,Full-Time,"HQ - Phoenix, AZ",E10698,"75,650",,2,2.6,Bachelor's Degree,2/5/2026
E10554,PAUL,Warner,paul.warner@brightleaf-retail.example,214-555-0165,male,9/10/1989,Arlington,TX,76001,9/5/2022,,ACTIVE,,,Technology,Systems Administrator,Mid,Full-Time,"Regional Office - Dallas, TX",E10266,"$74,500.00 ",3/22/2024,Meets,3.5,BA,4/4/2026
E10574,brianna,Sandoval,brianna.sandoval@brightleaf-retail.example,(480) 555-0156,Female,10-Nov-97,Chandler,AZ,85238,10/17/2022,3/29/2024,Terminated,Involuntary,NCNS,store operations,Sales Floor Associate,Entry,Part-Time,store 4 - chandler,E10405,"17,700",,1,2.7,,3/31/2024
E10134,Jiwoo,Baker,jiwoo.baker@brightleaf-retail.example,843 555 0151,F,2/19/1984,phoenix,AZ,85047,10/24/2016,,Active,,,Finance,Staff Accountant,Mid,Full-Time,"HQ - Phoenix, AZ",E10049,66.5K,,4,2.3,,6/28/2026
E11150,Henry,Parks,henry.parks@brightleaf-retail.example,812.555.0140,Male,9/16/2007,Las Vegas,NV,89117,1/21/2026,,Active,,,store operations,Cashier,Entry,part time,"Store 012 - Henderson, NV",E10096,"$23,150.00 ",,3,NA,High School,3/26/2026
E10317,Dmitri,Wang,dmitri.wang@brightleaf-retail.example,303-555-0170,Male,11/15/1986,Littleton,CO,80120-3375,3/19/2020,,Active,,,Sales,Senior Account Executive,Sr.,Full-Time,Remote,E10138,"102,350",,4,4.6,Associate's Degree,6/4/2026
E10341,jorge,Murphy,jorge.murphy@brightleaf-retail.example,415-555-0170,Male,9/23/1989,Tempe,AZ,85284,7/27/2020,,Active,,,Info Tech,Systems Administrator,Mid,Full-Time,"HQ - Phoenix, AZ",E10178,86000,,4,3.9,bachelors degree,7/15/2026
E11214,Maureen,Fields,maureen.fields@brightleaf-retail.example,702-555-0142,Female,16-Dec-00,Las Vegas,NV,89113,11-May-26,,Active,,,Store Operations,Cashier ,Entry,Full-time,Las Vegas Store (026),E10796,33600,,,,Associates,15-Aug-26
E10990,Christine,Sawyer,christine.sawyer@brightleaf-retail.example,+1 949 555 0196,Female,3/5/1996,Phoenix,AZ,85019,4/25/2025,,Active,,,SALES,Sales Development Representative,E,full time,"HQ - Phoenix, AZ",E10043,51.0K,,2,4.2,Bachelor's Degree,4/1/2026
E10980,Diana,Chavez,diana.chavez@brightleaf-retail.example,202-555-0168,Fem,9/20/2003,Thornton,CO,80256,4/7/2025,,ACTIVE,,,Sales,Sales Development Representative,Entry,Full-Time,"Regional Office - Denver, CO",E10712,48500,,4,,Masters,5/10/2026
E10477,Kathleen,Chandler,kathleen.chandler@brightleaf-retail.example,(623) 555-0189,Female,6/9/1988,Scottsdale,Arizona,85252,1/3/2022,,active,,,Customer Service,Customer Service Representative,Entry,Full-Time,"HQ - Phoenix, AZ",E10473,39950,,4,,High School,7/10/2026
E10393,Yusuf,Patterson,yusuf.patterson@brightleaf-retail.example,4805550175,Male,6-Mar-99,Avondale,AZ,85365,4-Mar-21,19-Nov-21,Terminated,Voluntary ,Return to School,Store Operations,Cashier,Entry,Full Time,Store #24 Phoenix,E10186,31150,,4,,Associate's Degree,24-Nov-21
E10865,James,Lopez,james.lopez@brightleaf-retail.example,248-555-0190,Male,4/9/1985,Glendale,AZ,85307,9/9/2024,6/6/2025,Terminated,Voluntary,Better Opportunity,Store Ops,Stock Associate,E,Part-Time,Store #25 Mesa,E10382,"22,550",,3,,,6/14/2025
E10419,Caleb,Berry,caleb.berry@brightleaf-retail.example,(646) 555-0191,,10/1/1998,Surprise,Arizona,85380,8/1/2021,,Active,,,Merchandising,Merchandising Assistant,Entry,Full-Time,"HQ - Phoenix, AZ",E10372,44800,,4,3.6,Associate,11/2/2025
E10364,Nancy,Gregory,nancy.gregory@brightleaf-retail.example,(706) 555-0196,Female,3/28/1992,Surprise,AZ,85388,10/25/2020,,ACTIVE,,,Supply Chain & Logistics,Inventory Control Specialist,Mid,Full-Time,Distribution Center Tolleson,E10279,51550,,3,3.8,Master's Degree,6/4/2026
